id	title	description	link	image_link	additional_image_link	availability	price	sale_price	condition	brand	mpn	identifier_exists	google_product_category	product_type	item_group_id	product_highlight	shipping	shipping_weight	custom_label_0	custom_label_1	custom_label_2	custom_label_3	custom_label_4
used-bitmain-antminer-l7-9500mh-litecoin-dogecoin-miner-stock	Bitmain Used Bitmain Antminer L7 9.5 GH/s Litecoin Dogecoin Miner	Used Antminer L7 9.5 GH/s Scrypt miner in stock for direct shipping – negotiable pricing on Litecoin and Dogecoin merge mining hardware. Coins: LTC / DOGE. Model: Bitmain Antminer L7 9.5 GH/s Litecoin Dogecoin Miner. Source: Verified partner inventory. Cooling: Air cooling. Voltage: 200-240V. Hashrate: 9.5 GH/s. Warranty: 180-day service window. Algorithm: Scrypt — in stock now at Bitcoin Mining Depot and shipped worldwide from our Hong Kong facility. This listing is the fastest L7 configuration we stock, tuned to 9.5 GH/s, and the exact machine you see in the photos is the machine we ship. Every unit is opened, cleaned, benched under sustained load and logged against its serial number before it is released for dispatch. Performance and specifications: this Bitmain miner runs the Scrypt algorithm at 9.5 GH/s while drawing about 3425W at the wall, for a rated efficiency of 0.36 J/MH. It mines LTC / DOGE. Efficiency is the number that decides whether a machine survives the next difficulty increase, so compare 0.36 J/MH against your own electricity rate before ordering — our desk will run the break-even model with you if you send your power cost and pool fee. Infrastructure requirements: plan for a 200-240V supply, strong intake and exhaust… Buy the Used Bitmain Antminer L7 9.5 GH/s Litecoin Dogecoin Miner from Bitcoin Mining Depot: verified used stock, crypto checkout, worldwide express delivery and hosting or repair support on request.	https://bitcoinminingdepot.net/products/used-bitmain-antminer-l7-9500mh-litecoin-dogecoin-miner-stock	https://qdhcyorsmkzxhepdjugo.supabase.co/storage/v1/object/sign/product-images/used-bitmain-antminer-l7-9500mh-litecoin-dogecoin-miner-stock-1.jpg?token=eyJraWQiOiI2YzEzZTkyZS1iNGMzLTQ3OTgtODBhYS1hYzY2YjQxM2E1MzYiLCJhbGciOiJIUzI1NiJ9.eyJ1cmwiOiJwcm9kdWN0LWltYWdlcy91c2VkLWJpdG1haW4tYW50bWluZXItbDctOTUwMG1oLWxpdGVjb2luLWRvZ2Vjb2luLW1pbmVyLXN0b2NrLTEuanBnIiwic2NvcGUiOiJkb3dubG9hZCIsImlhdCI6MTc4ODQ4ODk3MSwiZXhwIjoyMTAzODQ4OTcxfQ.M0u5QDLGgRm83t4OxT2G3N-EXjbssU-dvxBgX0a9wUI		in_stock	5990.00 USD		used	Bitmain	USED-BITMAIN-ANTMINER-L7-9500MH-LITECOIN-DOGECOIN-MINER-STOCK	yes	5710	Bitcoin Mining Hardware > ASIC Miners	bitmain-used	9.5 GH/s hashrate on Scrypt,3425W power draw,0.36 J/MH energy efficiency,Used unit, bench-tested before dispatch,Ships worldwide from Hong Kong by DHL / FedEx express,30-day functional warranty and in-house repair support,Cooling: Air cooling,Voltage: 200-240V,Coins: LTC / DOGE	US:::0.00 USD,CA:::0.00 USD,GB:::0.00 USD,IE:::0.00 USD,DE:::0.00 USD,FR:::0.00 USD,NL:::0.00 USD,BE:::0.00 USD,LU:::0.00 USD,AT:::0.00 USD,CH:::0.00 USD,IT:::0.00 USD,ES:::0.00 USD,PT:::0.00 USD,SE:::0.00 USD,NO:::0.00 USD,DK:::0.00 USD,FI:::0.00 USD,PL:::0.00 USD,CZ:::0.00 USD,SK:::0.00 USD,HU:::0.00 USD,RO:::0.00 USD,GR:::0.00 USD,TR:::0.00 USD,AU:::0.00 USD,NZ:::0.00 USD,JP:::0.00 USD,KR:::0.00 USD,SG:::0.00 USD,MY:::0.00 USD,TH:::0.00 USD,VN:::0.00 USD,PH:::0.00 USD,ID:::0.00 USD,IN:::0.00 USD,HK:::0.00 USD,TW:::0.00 USD,AE:::0.00 USD,SA:::0.00 USD,QA:::0.00 USD,KW:::0.00 USD,BH:::0.00 USD,OM:::0.00 USD,IL:::0.00 USD,ZA:::0.00 USD,NG:::0.00 USD,KE:::0.00 USD,EG:::0.00 USD,MA:::0.00 USD,BR:::0.00 USD,AR:::0.00 USD,CL:::0.00 USD,CO:::0.00 USD,MX:::0.00 USD,PE:::0.00 USD,UY:::0.00 USD,RU:::0.00 USD,UA:::0.00 USD,KZ:::0.00 USD,GE:::0.00 USD,PK:::0.00 USD,BD:::0.00 USD,LK:::0.00 USD,NP:::0.00 USD,CN:::0.00 USD	15 kg	used	Scrypt	4000-10000	Bitmain	Air cooling
used-bitmain-antminer-s19j-pro-104th-bitcoin-miner	Bitmain Used Bitmain Antminer S19j Pro 104 TH/s Bitcoin Miner	Used Antminer S19j Pro 104 TH/s bitcoin miner at 29.5 J/TH – in stock for worldwide delivery with volume discounts on multi-unit orders. Coins: BTC / BCH. Model: Bitmain Antminer S19j Pro 104 TH/s Bitcoin Miner. Source: Verified partner inventory. Cooling: Air cooling. Voltage: 200-240V. Hashrate: 104 TH/s. Warranty: 180-day service window. Algorithm: SHA-256 — in stock now at Bitcoin Mining Depot and shipped worldwide from our Hong Kong facility. This listing is the most widely deployed used bitcoin miner on the market, and the exact machine you see in the photos is the machine we ship. Every unit is opened, cleaned, benched under sustained load and logged against its serial number before it is released for dispatch. Performance and specifications: this Bitmain miner runs the SHA-256 algorithm at 104 TH/s while drawing about 3068W at the wall, for a rated efficiency of 29.5 J/TH. It mines BTC / BCH. Efficiency is the number that decides whether a machine survives the next difficulty increase, so compare 29.5 J/TH against your own electricity rate before ordering — our desk will run the break-even model with you if you send your power cost and pool fee. Infrastructure requirements: plan for a 200-240V supply, strong intake and exhaust… Buy the Used Bitmain Antminer S19j Pro 104 TH/s Bitcoin Miner from Bitcoin Mining Depot: verified used stock, crypto checkout, worldwide express delivery and hosting or repair support on request.	https://bitcoinminingdepot.net/products/used-bitmain-antminer-s19j-pro-104th-bitcoin-miner	https://qdhcyorsmkzxhepdjugo.supabase.co/storage/v1/object/sign/product-images/used-bitmain-antminer-s19j-pro-104th-bitcoin-miner-1.jpg?token=eyJraWQiOiI2YzEzZTkyZS1iNGMzLTQ3OTgtODBhYS1hYzY2YjQxM2E1MzYiLCJhbGciOiJIUzI1NiJ9.eyJ1cmwiOiJwcm9kdWN0LWltYWdlcy91c2VkLWJpdG1haW4tYW50bWluZXItczE5ai1wcm8tMTA0dGgtYml0Y29pbi1taW5lci0xLmpwZyIsInNjb3BlIjoiZG93bmxvYWQiLCJpYXQiOjE3ODg0ODg5NzEsImV4cCI6MjEwMzg0ODk3MX0.NYuztg8cGDBD2WYbLzGFnDSRULBSD4zqiD5lCaRbFLE		in_stock	749.00 USD		used	Bitmain	USED-BITMAIN-ANTMINER-S19J-PRO-104TH-BITCOIN-MINER	yes	5710	Bitcoin Mining Hardware > Bitcoin Mining Machines	bitmain-used	104 TH/s hashrate on SHA-256,3068W power draw,29.5 J/TH energy efficiency,Used unit, bench-tested before dispatch,Ships worldwide from Hong Kong by DHL / FedEx express,30-day functional warranty and in-house repair support,Cooling: Air cooling,Voltage: 200-240V,Coins: BTC / BCH	US:::0.00 USD,CA:::0.00 USD,GB:::0.00 USD,IE:::0.00 USD,DE:::0.00 USD,FR:::0.00 USD,NL:::0.00 USD,BE:::0.00 USD,LU:::0.00 USD,AT:::0.00 USD,CH:::0.00 USD,IT:::0.00 USD,ES:::0.00 USD,PT:::0.00 USD,SE:::0.00 USD,NO:::0.00 USD,DK:::0.00 USD,FI:::0.00 USD,PL:::0.00 USD,CZ:::0.00 USD,SK:::0.00 USD,HU:::0.00 USD,RO:::0.00 USD,GR:::0.00 USD,TR:::0.00 USD,AU:::0.00 USD,NZ:::0.00 USD,JP:::0.00 USD,KR:::0.00 USD,SG:::0.00 USD,MY:::0.00 USD,TH:::0.00 USD,VN:::0.00 USD,PH:::0.00 USD,ID:::0.00 USD,IN:::0.00 USD,HK:::0.00 USD,TW:::0.00 USD,AE:::0.00 USD,SA:::0.00 USD,QA:::0.00 USD,KW:::0.00 USD,BH:::0.00 USD,OM:::0.00 USD,IL:::0.00 USD,ZA:::0.00 USD,NG:::0.00 USD,KE:::0.00 USD,EG:::0.00 USD,MA:::0.00 USD,BR:::0.00 USD,AR:::0.00 USD,CL:::0.00 USD,CO:::0.00 USD,MX:::0.00 USD,PE:::0.00 USD,UY:::0.00 USD,RU:::0.00 USD,UA:::0.00 USD,KZ:::0.00 USD,GE:::0.00 USD,PK:::0.00 USD,BD:::0.00 USD,LK:::0.00 USD,NP:::0.00 USD,CN:::0.00 USD	15 kg	used	SHA-256	500-1500	Bitmain	Air cooling
ibelink-bm-k1-plus-15th-kadena-miner	iBeLink BM-K1+ 15 TH/s Kadena Miner	iBeLink BM-K1+ Kadena miner delivering 15 TH/s on Blake2S at 2250W – industrial KDA hashrate with worldwide delivery and pricing on request. Coins: KDA. Model: iBeLink BM-K1+ 15 TH/s Kadena Miner. Source: Verified partner inventory. Cooling: Air cooling. Voltage: 200-240V. Hashrate: 15 TH/s. Warranty: 180-day service window. Algorithm: Blake2S — in stock now at Bitcoin Mining Depot and shipped worldwide from our Hong Kong facility. This listing is industrial Kadena hashrate in a single 2250W chassis, and the exact machine you see in the photos is the machine we ship. Every unit is opened, cleaned, benched under sustained load and logged against its serial number before it is released for dispatch. Performance and specifications: this iBeLink miner runs the Blake2S algorithm at 15 TH/s while drawing about 2250W at the wall, for a rated efficiency of 150 J/TH. It mines KDA. Efficiency is the number that decides whether a machine survives the next difficulty increase, so compare 150 J/TH against your own electricity rate before ordering — our desk will run the break-even model with you if you send your power cost and pool fee. Infrastructure requirements: plan for a 200-240V supply, strong intake and exhaust airflow, dust… Buy the iBeLink BM-K1+ 15 TH/s Kadena Miner from Bitcoin Mining Depot: verified refurbished stock, crypto checkout, worldwide express delivery and hosting or repair support on request.	https://bitcoinminingdepot.net/products/ibelink-bm-k1-plus-15th-kadena-miner	https://qdhcyorsmkzxhepdjugo.supabase.co/storage/v1/object/sign/product-images/ibelink-bm-k1-plus-15th-kadena-miner-1.jpg?token=eyJraWQiOiI2YzEzZTkyZS1iNGMzLTQ3OTgtODBhYS1hYzY2YjQxM2E1MzYiLCJhbGciOiJIUzI1NiJ9.eyJ1cmwiOiJwcm9kdWN0LWltYWdlcy9pYmVsaW5rLWJtLWsxLXBsdXMtMTV0aC1rYWRlbmEtbWluZXItMS5qcGciLCJzY29wZSI6ImRvd25sb2FkIiwiaWF0IjoxNzg4NDg4OTcwLCJleHAiOjIxMDM4NDg5NzB9.7Po-Hq4vHswi2ouEaJPKydEY2sUyZ_z9csBF-o6RmRs		in_stock	1290.00 USD		used	iBeLink	IBELINK-BM-K1-PLUS-15TH-KADENA-MINER	yes	5710	Bitcoin Mining Hardware > ASIC Miners	ibelink-used	15 TH/s hashrate on Blake2S,2250W power draw,150 J/TH energy efficiency,Refurbished unit, bench-tested before dispatch,Ships worldwide from Hong Kong by DHL / FedEx express,30-day functional warranty and in-house repair support,Cooling: Air cooling,Voltage: 200-240V,Coins: KDA	US:::0.00 USD,CA:::0.00 USD,GB:::0.00 USD,IE:::0.00 USD,DE:::0.00 USD,FR:::0.00 USD,NL:::0.00 USD,BE:::0.00 USD,LU:::0.00 USD,AT:::0.00 USD,CH:::0.00 USD,IT:::0.00 USD,ES:::0.00 USD,PT:::0.00 USD,SE:::0.00 USD,NO:::0.00 USD,DK:::0.00 USD,FI:::0.00 USD,PL:::0.00 USD,CZ:::0.00 USD,SK:::0.00 USD,HU:::0.00 USD,RO:::0.00 USD,GR:::0.00 USD,TR:::0.00 USD,AU:::0.00 USD,NZ:::0.00 USD,JP:::0.00 USD,KR:::0.00 USD,SG:::0.00 USD,MY:::0.00 USD,TH:::0.00 USD,VN:::0.00 USD,PH:::0.00 USD,ID:::0.00 USD,IN:::0.00 USD,HK:::0.00 USD,TW:::0.00 USD,AE:::0.00 USD,SA:::0.00 USD,QA:::0.00 USD,KW:::0.00 USD,BH:::0.00 USD,OM:::0.00 USD,IL:::0.00 USD,ZA:::0.00 USD,NG:::0.00 USD,KE:::0.00 USD,EG:::0.00 USD,MA:::0.00 USD,BR:::0.00 USD,AR:::0.00 USD,CL:::0.00 USD,CO:::0.00 USD,MX:::0.00 USD,PE:::0.00 USD,UY:::0.00 USD,RU:::0.00 USD,UA:::0.00 USD,KZ:::0.00 USD,GE:::0.00 USD,PK:::0.00 USD,BD:::0.00 USD,LK:::0.00 USD,NP:::0.00 USD,CN:::0.00 USD	15 kg	used	Blake2S	500-1500	iBeLink	Air cooling
goldshell-kd-box-pro-2-6th-kadena-miner	Goldshell KD BOX Pro 2.6 TH/s Kadena Miner	Goldshell KD BOX Pro Kadena miner at 2.6 TH/s for just 230W – quiet, apartment-friendly KDA mining with free worldwide shipping. Coins: KDA. Model: Goldshell KD BOX Pro 2.6 TH/s Kadena Miner. Source: Verified partner inventory. Cooling: Air cooling. Voltage: 200-240V. Hashrate: 2.6 TH/s. Warranty: 180-day service window. Algorithm: Blake2S — in stock now at Bitcoin Mining Depot and shipped worldwide from our Hong Kong facility. This listing is quiet 230W Kadena mining you can run in a spare room, and the exact machine you see in the photos is the machine we ship. Every unit is opened, cleaned, benched under sustained load and logged against its serial number before it is released for dispatch. Performance and specifications: this Goldshell miner runs the Blake2S algorithm at 2.6 TH/s while drawing about 230W at the wall, for a rated efficiency of 88 J/TH. It mines KDA. Efficiency is the number that decides whether a machine survives the next difficulty increase, so compare 88 J/TH against your own electricity rate before ordering — our desk will run the break-even model with you if you send your power cost and pool fee. Infrastructure requirements: plan for a 200-240V supply, strong intake and exhaust airflow, dust… Buy the Goldshell KD BOX Pro 2.6 TH/s Kadena Miner from Bitcoin Mining Depot: verified refurbished stock, crypto checkout, worldwide express delivery and hosting or repair support on request.	https://bitcoinminingdepot.net/products/goldshell-kd-box-pro-2-6th-kadena-miner	https://qdhcyorsmkzxhepdjugo.supabase.co/storage/v1/object/sign/product-images/goldshell-kd-box-pro-2-6th-kadena-miner-1.jpg?token=eyJraWQiOiI2YzEzZTkyZS1iNGMzLTQ3OTgtODBhYS1hYzY2YjQxM2E1MzYiLCJhbGciOiJIUzI1NiJ9.eyJ1cmwiOiJwcm9kdWN0LWltYWdlcy9nb2xkc2hlbGwta2QtYm94LXByby0yLTZ0aC1rYWRlbmEtbWluZXItMS5qcGciLCJzY29wZSI6ImRvd25sb2FkIiwiaWF0IjoxNzg4NDg4OTcwLCJleHAiOjIxMDM4NDg5NzB9.bJFMeXox7sfUOE_a2P1I1dzOuoqk59XXebm5N58iYtI		in_stock	239.00 USD		used	Goldshell	GOLDSHELL-KD-BOX-PRO-2-6TH-KADENA-MINER	yes	5710	Bitcoin Mining Hardware > ASIC Miners	goldshell-used	2.6 TH/s hashrate on Blake2S,230W power draw,88 J/TH energy efficiency,Refurbished unit, bench-tested before dispatch,Ships worldwide from Hong Kong by DHL / FedEx express,30-day functional warranty and in-house repair support,Cooling: Air cooling,Voltage: 200-240V,Coins: KDA	US:::0.00 USD,CA:::0.00 USD,GB:::0.00 USD,IE:::0.00 USD,DE:::0.00 USD,FR:::0.00 USD,NL:::0.00 USD,BE:::0.00 USD,LU:::0.00 USD,AT:::0.00 USD,CH:::0.00 USD,IT:::0.00 USD,ES:::0.00 USD,PT:::0.00 USD,SE:::0.00 USD,NO:::0.00 USD,DK:::0.00 USD,FI:::0.00 USD,PL:::0.00 USD,CZ:::0.00 USD,SK:::0.00 USD,HU:::0.00 USD,RO:::0.00 USD,GR:::0.00 USD,TR:::0.00 USD,AU:::0.00 USD,NZ:::0.00 USD,JP:::0.00 USD,KR:::0.00 USD,SG:::0.00 USD,MY:::0.00 USD,TH:::0.00 USD,VN:::0.00 USD,PH:::0.00 USD,ID:::0.00 USD,IN:::0.00 USD,HK:::0.00 USD,TW:::0.00 USD,AE:::0.00 USD,SA:::0.00 USD,QA:::0.00 USD,KW:::0.00 USD,BH:::0.00 USD,OM:::0.00 USD,IL:::0.00 USD,ZA:::0.00 USD,NG:::0.00 USD,KE:::0.00 USD,EG:::0.00 USD,MA:::0.00 USD,BR:::0.00 USD,AR:::0.00 USD,CL:::0.00 USD,CO:::0.00 USD,MX:::0.00 USD,PE:::0.00 USD,UY:::0.00 USD,RU:::0.00 USD,UA:::0.00 USD,KZ:::0.00 USD,GE:::0.00 USD,PK:::0.00 USD,BD:::0.00 USD,LK:::0.00 USD,NP:::0.00 USD,CN:::0.00 USD	15 kg	used	Blake2S	under-500	Goldshell	Air cooling
used-bitmain-antminer-l7-9300mh-scrypt-miner	Bitmain Used Bitmain Antminer L7 9.3 GH/s Scrypt Miner	Used Antminer L7 9.3 GH/s Scrypt miner – the highest factory bin for Litecoin and Dogecoin merge mining, tested and ready to ship. Coins: LTC / DOGE. Model: Bitmain Antminer L7 9.3 GH/s Scrypt Miner. Source: Verified partner inventory. Cooling: Air cooling. Voltage: 200-240V. Hashrate: 9.3 GH/s. Warranty: 180-day service window. Algorithm: Scrypt — in stock now at Bitcoin Mining Depot and shipped worldwide from our Hong Kong facility. This listing is the highest factory bin Bitmain shipped for the L7, and the exact machine you see in the photos is the machine we ship. Every unit is opened, cleaned, benched under sustained load and logged against its serial number before it is released for dispatch. Performance and specifications: this Bitmain miner runs the Scrypt algorithm at 9.3 GH/s while drawing about 3425W at the wall, for a rated efficiency of 0.368 J/MH. It mines LTC / DOGE. Efficiency is the number that decides whether a machine survives the next difficulty increase, so compare 0.368 J/MH against your own electricity rate before ordering — our desk will run the break-even model with you if you send your power cost and pool fee. Infrastructure requirements: plan for a 200-240V supply, strong intake and exhaust airflow… Buy the Used Bitmain Antminer L7 9.3 GH/s Scrypt Miner from Bitcoin Mining Depot: verified used stock, crypto checkout, worldwide express delivery and hosting or repair support on request.	https://bitcoinminingdepot.net/products/used-bitmain-antminer-l7-9300mh-scrypt-miner	https://qdhcyorsmkzxhepdjugo.supabase.co/storage/v1/object/sign/product-images/used-bitmain-antminer-l7-9300mh-scrypt-miner-1.jpg?token=eyJraWQiOiI2YzEzZTkyZS1iNGMzLTQ3OTgtODBhYS1hYzY2YjQxM2E1MzYiLCJhbGciOiJIUzI1NiJ9.eyJ1cmwiOiJwcm9kdWN0LWltYWdlcy91c2VkLWJpdG1haW4tYW50bWluZXItbDctOTMwMG1oLXNjcnlwdC1taW5lci0xLmpwZyIsInNjb3BlIjoiZG93bmxvYWQiLCJpYXQiOjE3ODg0ODg5NzAsImV4cCI6MjEwMzg0ODk3MH0.l4R34BhZGQQpLEWmMECde6JHz5Db5fjSES0Xdsn1IWs		in_stock	5790.00 USD		used	Bitmain	USED-BITMAIN-ANTMINER-L7-9300MH-SCRYPT-MINER	yes	5710	Bitcoin Mining Hardware > ASIC Miners	bitmain-used	9.3 GH/s hashrate on Scrypt,3425W power draw,0.368 J/MH energy efficiency,Used unit, bench-tested before dispatch,Ships worldwide from Hong Kong by DHL / FedEx express,30-day functional warranty and in-house repair support,Cooling: Air cooling,Voltage: 200-240V,Coins: LTC / DOGE	US:::0.00 USD,CA:::0.00 USD,GB:::0.00 USD,IE:::0.00 USD,DE:::0.00 USD,FR:::0.00 USD,NL:::0.00 USD,BE:::0.00 USD,LU:::0.00 USD,AT:::0.00 USD,CH:::0.00 USD,IT:::0.00 USD,ES:::0.00 USD,PT:::0.00 USD,SE:::0.00 USD,NO:::0.00 USD,DK:::0.00 USD,FI:::0.00 USD,PL:::0.00 USD,CZ:::0.00 USD,SK:::0.00 USD,HU:::0.00 USD,RO:::0.00 USD,GR:::0.00 USD,TR:::0.00 USD,AU:::0.00 USD,NZ:::0.00 USD,JP:::0.00 USD,KR:::0.00 USD,SG:::0.00 USD,MY:::0.00 USD,TH:::0.00 USD,VN:::0.00 USD,PH:::0.00 USD,ID:::0.00 USD,IN:::0.00 USD,HK:::0.00 USD,TW:::0.00 USD,AE:::0.00 USD,SA:::0.00 USD,QA:::0.00 USD,KW:::0.00 USD,BH:::0.00 USD,OM:::0.00 USD,IL:::0.00 USD,ZA:::0.00 USD,NG:::0.00 USD,KE:::0.00 USD,EG:::0.00 USD,MA:::0.00 USD,BR:::0.00 USD,AR:::0.00 USD,CL:::0.00 USD,CO:::0.00 USD,MX:::0.00 USD,PE:::0.00 USD,UY:::0.00 USD,RU:::0.00 USD,UA:::0.00 USD,KZ:::0.00 USD,GE:::0.00 USD,PK:::0.00 USD,BD:::0.00 USD,LK:::0.00 USD,NP:::0.00 USD,CN:::0.00 USD	15 kg	used	Scrypt	4000-10000	Bitmain	Air cooling
used-bitmain-antminer-l7-8800mh-litecoin-miner	Bitmain Used Bitmain Antminer L7 8.8 GH/s Litecoin Miner	Used Antminer L7 8.8 GH/s Scrypt miner for sale – tested Litecoin and Dogecoin hashrate with PSU, ready to ship worldwide. Coins: LTC / DOGE. Model: Bitmain Antminer L7 8.8 GH/s Litecoin Miner. Source: Verified partner inventory. Cooling: Air cooling. Voltage: 200-240V. Hashrate: 8.8 GH/s. Warranty: 180-day service window. Algorithm: Scrypt — in stock now at Bitcoin Mining Depot and shipped worldwide from our Hong Kong facility. This listing is the value bin of the L7 line for Scrypt merge mining, and the exact machine you see in the photos is the machine we ship. Every unit is opened, cleaned, benched under sustained load and logged against its serial number before it is released for dispatch. Performance and specifications: this Bitmain miner runs the Scrypt algorithm at 8.8 GH/s while drawing about 3425W at the wall, for a rated efficiency of 0.39 J/MH. It mines LTC / DOGE. Efficiency is the number that decides whether a machine survives the next difficulty increase, so compare 0.39 J/MH against your own electricity rate before ordering — our desk will run the break-even model with you if you send your power cost and pool fee. Infrastructure requirements: plan for a 200-240V supply, strong intake and exhaust airflow… Buy the Used Bitmain Antminer L7 8.8 GH/s Litecoin Miner from Bitcoin Mining Depot: verified used stock, crypto checkout, worldwide express delivery and hosting or repair support on request.	https://bitcoinminingdepot.net/products/used-bitmain-antminer-l7-8800mh-litecoin-miner	https://qdhcyorsmkzxhepdjugo.supabase.co/storage/v1/object/sign/product-images/used-bitmain-antminer-l7-8800mh-litecoin-miner-1.jpg?token=eyJraWQiOiI2YzEzZTkyZS1iNGMzLTQ3OTgtODBhYS1hYzY2YjQxM2E1MzYiLCJhbGciOiJIUzI1NiJ9.eyJ1cmwiOiJwcm9kdWN0LWltYWdlcy91c2VkLWJpdG1haW4tYW50bWluZXItbDctODgwMG1oLWxpdGVjb2luLW1pbmVyLTEuanBnIiwic2NvcGUiOiJkb3dubG9hZCIsImlhdCI6MTc4ODQ4ODk2OSwiZXhwIjoyMTAzODQ4OTY5fQ.nP6hZ-_xKpjGg7IP24NecrWq8tTQyNTinYGEbRGyfYo		in_stock	5190.00 USD		used	Bitmain	USED-BITMAIN-ANTMINER-L7-8800MH-LITECOIN-MINER	yes	5710	Bitcoin Mining Hardware > ASIC Miners	bitmain-used	8.8 GH/s hashrate on Scrypt,3425W power draw,0.39 J/MH energy efficiency,Used unit, bench-tested before dispatch,Ships worldwide from Hong Kong by DHL / FedEx express,30-day functional warranty and in-house repair support,Cooling: Air cooling,Voltage: 200-240V,Coins: LTC / DOGE	US:::0.00 USD,CA:::0.00 USD,GB:::0.00 USD,IE:::0.00 USD,DE:::0.00 USD,FR:::0.00 USD,NL:::0.00 USD,BE:::0.00 USD,LU:::0.00 USD,AT:::0.00 USD,CH:::0.00 USD,IT:::0.00 USD,ES:::0.00 USD,PT:::0.00 USD,SE:::0.00 USD,NO:::0.00 USD,DK:::0.00 USD,FI:::0.00 USD,PL:::0.00 USD,CZ:::0.00 USD,SK:::0.00 USD,HU:::0.00 USD,RO:::0.00 USD,GR:::0.00 USD,TR:::0.00 USD,AU:::0.00 USD,NZ:::0.00 USD,JP:::0.00 USD,KR:::0.00 USD,SG:::0.00 USD,MY:::0.00 USD,TH:::0.00 USD,VN:::0.00 USD,PH:::0.00 USD,ID:::0.00 USD,IN:::0.00 USD,HK:::0.00 USD,TW:::0.00 USD,AE:::0.00 USD,SA:::0.00 USD,QA:::0.00 USD,KW:::0.00 USD,BH:::0.00 USD,OM:::0.00 USD,IL:::0.00 USD,ZA:::0.00 USD,NG:::0.00 USD,KE:::0.00 USD,EG:::0.00 USD,MA:::0.00 USD,BR:::0.00 USD,AR:::0.00 USD,CL:::0.00 USD,CO:::0.00 USD,MX:::0.00 USD,PE:::0.00 USD,UY:::0.00 USD,RU:::0.00 USD,UA:::0.00 USD,KZ:::0.00 USD,GE:::0.00 USD,PK:::0.00 USD,BD:::0.00 USD,LK:::0.00 USD,NP:::0.00 USD,CN:::0.00 USD	15 kg	used	Scrypt	4000-10000	Bitmain	Air cooling
used-bitmain-antminer-l7-9160mh-dogecoin-miner	Bitmain Used Bitmain Antminer L7 9.16 GH/s Dogecoin Miner	Used Antminer L7 9.16 GH/s Scrypt miner for Dogecoin and Litecoin merge mining – multiple units in stock with worldwide delivery. Coins: LTC / DOGE. Model: Bitmain Antminer L7 9.16 GH/s Dogecoin Miner. Source: Verified partner inventory. Cooling: Air cooling. Voltage: 200-240V. Hashrate: 9.16 GH/s. Warranty: 180-day service window. Algorithm: Scrypt — in stock now at Bitcoin Mining Depot and shipped worldwide from our Hong Kong facility. This listing is top-bin L7 silicon at 9.16 GH/s, and the exact machine you see in the photos is the machine we ship. Every unit is opened, cleaned, benched under sustained load and logged against its serial number before it is released for dispatch. Performance and specifications: this Bitmain miner runs the Scrypt algorithm at 9.16 GH/s while drawing about 3425W at the wall, for a rated efficiency of 0.374 J/MH. It mines LTC / DOGE. Efficiency is the number that decides whether a machine survives the next difficulty increase, so compare 0.374 J/MH against your own electricity rate before ordering — our desk will run the break-even model with you if you send your power cost and pool fee. Infrastructure requirements: plan for a 200-240V supply, strong intake and exhaust airflow, dust filtration and… Buy the Used Bitmain Antminer L7 9.16 GH/s Dogecoin Miner from Bitcoin Mining Depot: verified used stock, crypto checkout, worldwide express delivery and hosting or repair support on request.	https://bitcoinminingdepot.net/products/used-bitmain-antminer-l7-9160mh-dogecoin-miner	https://qdhcyorsmkzxhepdjugo.supabase.co/storage/v1/object/sign/product-images/used-bitmain-antminer-l7-9160mh-dogecoin-miner-1.jpg?token=eyJraWQiOiI2YzEzZTkyZS1iNGMzLTQ3OTgtODBhYS1hYzY2YjQxM2E1MzYiLCJhbGciOiJIUzI1NiJ9.eyJ1cmwiOiJwcm9kdWN0LWltYWdlcy91c2VkLWJpdG1haW4tYW50bWluZXItbDctOTE2MG1oLWRvZ2Vjb2luLW1pbmVyLTEuanBnIiwic2NvcGUiOiJkb3dubG9hZCIsImlhdCI6MTc4ODQ4ODk2OSwiZXhwIjoyMTAzODQ4OTY5fQ.GoqoZtz_dpkMf4CGH593j7RulWp8ui9iOpX1eiS-2Wg		in_stock	5590.00 USD		used	Bitmain	USED-BITMAIN-ANTMINER-L7-9160MH-DOGECOIN-MINER	yes	5710	Bitcoin Mining Hardware > ASIC Miners	bitmain-used	9.16 GH/s hashrate on Scrypt,3425W power draw,0.374 J/MH energy efficiency,Used unit, bench-tested before dispatch,Ships worldwide from Hong Kong by DHL / FedEx express,30-day functional warranty and in-house repair support,Cooling: Air cooling,Voltage: 200-240V,Coins: LTC / DOGE	US:::0.00 USD,CA:::0.00 USD,GB:::0.00 USD,IE:::0.00 USD,DE:::0.00 USD,FR:::0.00 USD,NL:::0.00 USD,BE:::0.00 USD,LU:::0.00 USD,AT:::0.00 USD,CH:::0.00 USD,IT:::0.00 USD,ES:::0.00 USD,PT:::0.00 USD,SE:::0.00 USD,NO:::0.00 USD,DK:::0.00 USD,FI:::0.00 USD,PL:::0.00 USD,CZ:::0.00 USD,SK:::0.00 USD,HU:::0.00 USD,RO:::0.00 USD,GR:::0.00 USD,TR:::0.00 USD,AU:::0.00 USD,NZ:::0.00 USD,JP:::0.00 USD,KR:::0.00 USD,SG:::0.00 USD,MY:::0.00 USD,TH:::0.00 USD,VN:::0.00 USD,PH:::0.00 USD,ID:::0.00 USD,IN:::0.00 USD,HK:::0.00 USD,TW:::0.00 USD,AE:::0.00 USD,SA:::0.00 USD,QA:::0.00 USD,KW:::0.00 USD,BH:::0.00 USD,OM:::0.00 USD,IL:::0.00 USD,ZA:::0.00 USD,NG:::0.00 USD,KE:::0.00 USD,EG:::0.00 USD,MA:::0.00 USD,BR:::0.00 USD,AR:::0.00 USD,CL:::0.00 USD,CO:::0.00 USD,MX:::0.00 USD,PE:::0.00 USD,UY:::0.00 USD,RU:::0.00 USD,UA:::0.00 USD,KZ:::0.00 USD,GE:::0.00 USD,PK:::0.00 USD,BD:::0.00 USD,LK:::0.00 USD,NP:::0.00 USD,CN:::0.00 USD	15 kg	used	Scrypt	4000-10000	Bitmain	Air cooling
used-bitmain-antminer-e9-ethash-miner-worldwide-stock	Bitmain Used Bitmain Antminer E9 Ethash Miner – Worldwide Stock 2400 MH/s	Used Antminer E9 Ethash miner in stock for worldwide shipping – tested 2400 MH/s Ethereum Classic hashrate at 1920W. Coins: ETC / ETHW. Model: Bitmain Antminer E9 Ethash Miner. Source: Verified partner inventory. Cooling: Air cooling. Voltage: 200-240V. Hashrate: 2400 MH/s. Warranty: 180-day service window. Algorithm: Ethash — in stock now at Bitcoin Mining Depot and shipped worldwide from our Hong Kong facility. This listing is tested second-hand Ethash density for ETC and ETHW, and the exact machine you see in the photos is the machine we ship. Every unit is opened, cleaned, benched under sustained load and logged against its serial number before it is released for dispatch. Performance and specifications: this Bitmain miner runs the Ethash algorithm at 2400 MH/s while drawing about 1920W at the wall, for a rated efficiency of 0.8 J/MH. It mines ETC / ETHW. Efficiency is the number that decides whether a machine survives the next difficulty increase, so compare 0.8 J/MH against your own electricity rate before ordering — our desk will run the break-even model with you if you send your power cost and pool fee. Infrastructure requirements: plan for a 200-240V supply, strong intake and exhaust airflow, dust… Buy the Used Bitmain Antminer E9 Ethash Miner – Worldwide Stock from Bitcoin Mining Depot: verified used stock, crypto checkout, worldwide express delivery and hosting or repair support on request.	https://bitcoinminingdepot.net/products/used-bitmain-antminer-e9-ethash-miner-worldwide-stock	https://qdhcyorsmkzxhepdjugo.supabase.co/storage/v1/object/sign/product-images/used-bitmain-antminer-e9-ethash-miner-worldwide-stock-1.jpg?token=eyJraWQiOiI2YzEzZTkyZS1iNGMzLTQ3OTgtODBhYS1hYzY2YjQxM2E1MzYiLCJhbGciOiJIUzI1NiJ9.eyJ1cmwiOiJwcm9kdWN0LWltYWdlcy91c2VkLWJpdG1haW4tYW50bWluZXItZTktZXRoYXNoLW1pbmVyLXdvcmxkd2lkZS1zdG9jay0xLmpwZyIsInNjb3BlIjoiZG93bmxvYWQiLCJpYXQiOjE3ODg0ODg5NjksImV4cCI6MjEwMzg0ODk2OX0.lHXdqAbIuquLnpRghR6T1PQ7IWgGjaGSIUn4sfVmufo		in_stock	1490.00 USD		used	Bitmain	USED-BITMAIN-ANTMINER-E9-ETHASH-MINER-WORLDWIDE-STOCK	yes	5710	Bitcoin Mining Hardware > ASIC Miners	bitmain-used	2400 MH/s hashrate on Ethash,1920W power draw,0.8 J/MH energy efficiency,Used unit, bench-tested before dispatch,Ships worldwide from Hong Kong by DHL / FedEx express,30-day functional warranty and in-house repair support,Cooling: Air cooling,Voltage: 200-240V,Coins: ETC / ETHW	US:::0.00 USD,CA:::0.00 USD,GB:::0.00 USD,IE:::0.00 USD,DE:::0.00 USD,FR:::0.00 USD,NL:::0.00 USD,BE:::0.00 USD,LU:::0.00 USD,AT:::0.00 USD,CH:::0.00 USD,IT:::0.00 USD,ES:::0.00 USD,PT:::0.00 USD,SE:::0.00 USD,NO:::0.00 USD,DK:::0.00 USD,FI:::0.00 USD,PL:::0.00 USD,CZ:::0.00 USD,SK:::0.00 USD,HU:::0.00 USD,RO:::0.00 USD,GR:::0.00 USD,TR:::0.00 USD,AU:::0.00 USD,NZ:::0.00 USD,JP:::0.00 USD,KR:::0.00 USD,SG:::0.00 USD,MY:::0.00 USD,TH:::0.00 USD,VN:::0.00 USD,PH:::0.00 USD,ID:::0.00 USD,IN:::0.00 USD,HK:::0.00 USD,TW:::0.00 USD,AE:::0.00 USD,SA:::0.00 USD,QA:::0.00 USD,KW:::0.00 USD,BH:::0.00 USD,OM:::0.00 USD,IL:::0.00 USD,ZA:::0.00 USD,NG:::0.00 USD,KE:::0.00 USD,EG:::0.00 USD,MA:::0.00 USD,BR:::0.00 USD,AR:::0.00 USD,CL:::0.00 USD,CO:::0.00 USD,MX:::0.00 USD,PE:::0.00 USD,UY:::0.00 USD,RU:::0.00 USD,UA:::0.00 USD,KZ:::0.00 USD,GE:::0.00 USD,PK:::0.00 USD,BD:::0.00 USD,LK:::0.00 USD,NP:::0.00 USD,CN:::0.00 USD	15 kg	used	Ethash	500-1500	Bitmain	Air cooling
microbt-whatsminer-m30s-plus-100th-bitcoin-miner-stock	MicroBT WhatsMiner M30S+ 100 TH/s Bitcoin Miner	WhatsMiner M30S+ bitcoin mining hardware rated 94-102 TH/s at 34 J/TH – brand-new-condition stock available in large quantity. Coins: BTC / BCH. Model: MicroBT WhatsMiner M30S+ 100 TH/s Bitcoin Miner. Source: Verified partner inventory. Cooling: Air cooling. Voltage: 200-240V. Hashrate: 100 TH/s. Warranty: 180-day service window. Algorithm: SHA-256 — in stock now at Bitcoin Mining Depot and shipped worldwide from our Hong Kong facility. This listing is the toughest cheap-terahash workhorse MicroBT ever built, and the exact machine you see in the photos is the machine we ship. Every unit is opened, cleaned, benched under sustained load and logged against its serial number before it is released for dispatch. Performance and specifications: this MicroBT miner runs the SHA-256 algorithm at 100 TH/s while drawing about 3400W at the wall, for a rated efficiency of 34 J/TH. It mines BTC / BCH. Efficiency is the number that decides whether a machine survives the next difficulty increase, so compare 34 J/TH against your own electricity rate before ordering — our desk will run the break-even model with you if you send your power cost and pool fee. Infrastructure requirements: plan for a 200-240V supply, strong intake and exhaust airflow… Buy the MicroBT WhatsMiner M30S+ 100 TH/s Bitcoin Miner from Bitcoin Mining Depot: verified refurbished stock, crypto checkout, worldwide express delivery and hosting or repair support on request.	https://bitcoinminingdepot.net/products/microbt-whatsminer-m30s-plus-100th-bitcoin-miner-stock	https://qdhcyorsmkzxhepdjugo.supabase.co/storage/v1/object/sign/product-images/microbt-whatsminer-m30s-plus-100th-bitcoin-miner-stock-1.jpg?token=eyJraWQiOiI2YzEzZTkyZS1iNGMzLTQ3OTgtODBhYS1hYzY2YjQxM2E1MzYiLCJhbGciOiJIUzI1NiJ9.eyJ1cmwiOiJwcm9kdWN0LWltYWdlcy9taWNyb2J0LXdoYXRzbWluZXItbTMwcy1wbHVzLTEwMHRoLWJpdGNvaW4tbWluZXItc3RvY2stMS5qcGciLCJzY29wZSI6ImRvd25sb2FkIiwiaWF0IjoxNzg4NDg4OTY4LCJleHAiOjIxMDM4NDg5Njh9.cMaJBvs_xhL1EgDARlVKgX5pM5uVU6Q1zIBsDUOoGBE		in_stock	659.00 USD		used	MicroBT	MICROBT-WHATSMINER-M30S-PLUS-100TH-BITCOIN-MINER-STOCK	yes	5710	Bitcoin Mining Hardware > Bitcoin Mining Machines	microbt-used	100 TH/s hashrate on SHA-256,3400W power draw,34 J/TH energy efficiency,Refurbished unit, bench-tested before dispatch,Ships worldwide from Hong Kong by DHL / FedEx express,30-day functional warranty and in-house repair support,Cooling: Air cooling,Voltage: 200-240V,Coins: BTC / BCH	US:::0.00 USD,CA:::0.00 USD,GB:::0.00 USD,IE:::0.00 USD,DE:::0.00 USD,FR:::0.00 USD,NL:::0.00 USD,BE:::0.00 USD,LU:::0.00 USD,AT:::0.00 USD,CH:::0.00 USD,IT:::0.00 USD,ES:::0.00 USD,PT:::0.00 USD,SE:::0.00 USD,NO:::0.00 USD,DK:::0.00 USD,FI:::0.00 USD,PL:::0.00 USD,CZ:::0.00 USD,SK:::0.00 USD,HU:::0.00 USD,RO:::0.00 USD,GR:::0.00 USD,TR:::0.00 USD,AU:::0.00 USD,NZ:::0.00 USD,JP:::0.00 USD,KR:::0.00 USD,SG:::0.00 USD,MY:::0.00 USD,TH:::0.00 USD,VN:::0.00 USD,PH:::0.00 USD,ID:::0.00 USD,IN:::0.00 USD,HK:::0.00 USD,TW:::0.00 USD,AE:::0.00 USD,SA:::0.00 USD,QA:::0.00 USD,KW:::0.00 USD,BH:::0.00 USD,OM:::0.00 USD,IL:::0.00 USD,ZA:::0.00 USD,NG:::0.00 USD,KE:::0.00 USD,EG:::0.00 USD,MA:::0.00 USD,BR:::0.00 USD,AR:::0.00 USD,CL:::0.00 USD,CO:::0.00 USD,MX:::0.00 USD,PE:::0.00 USD,UY:::0.00 USD,RU:::0.00 USD,UA:::0.00 USD,KZ:::0.00 USD,GE:::0.00 USD,PK:::0.00 USD,BD:::0.00 USD,LK:::0.00 USD,NP:::0.00 USD,CN:::0.00 USD	15 kg	used	SHA-256	500-1500	MicroBT	Air cooling
bitmain-antminer-e9-2400mh-ethash-miner	Bitmain Antminer E9 2400 MH/s Ethash Miner	Antminer E9 2400 MH/s Ethash miner in brand-new condition with free shipping – replaces roughly 32 RTX 3080 GPUs in one 1920W box. Coins: ETC / ETHW. Model: Bitmain Antminer E9 2400 MH/s Ethash Miner. Source: Verified partner inventory. Cooling: Air cooling. Voltage: 200-240V. Hashrate: 2400 MH/s. Warranty: 180-day service window. Algorithm: Ethash — in stock now at Bitcoin Mining Depot and shipped worldwide from our Hong Kong facility. This listing is the GPU-farm replacement: 2.4 GH/s of Ethash in a single chassis, and the exact machine you see in the photos is the machine we ship. Every unit is opened, cleaned, benched under sustained load and logged against its serial number before it is released for dispatch. Performance and specifications: this Bitmain miner runs the Ethash algorithm at 2400 MH/s while drawing about 1920W at the wall, for a rated efficiency of 0.8 J/MH. It mines ETC / ETHW. Efficiency is the number that decides whether a machine survives the next difficulty increase, so compare 0.8 J/MH against your own electricity rate before ordering — our desk will run the break-even model with you if you send your power cost and pool fee. Infrastructure requirements: plan for a 200-240V supply, strong intake and exhaust… Buy the Bitmain Antminer E9 2400 MH/s Ethash Miner from Bitcoin Mining Depot: verified refurbished stock, crypto checkout, worldwide express delivery and hosting or repair support on request.	https://bitcoinminingdepot.net/products/bitmain-antminer-e9-2400mh-ethash-miner	https://qdhcyorsmkzxhepdjugo.supabase.co/storage/v1/object/sign/product-images/bitmain-antminer-e9-2400mh-ethash-miner-1.jpg?token=eyJraWQiOiI2YzEzZTkyZS1iNGMzLTQ3OTgtODBhYS1hYzY2YjQxM2E1MzYiLCJhbGciOiJIUzI1NiJ9.eyJ1cmwiOiJwcm9kdWN0LWltYWdlcy9iaXRtYWluLWFudG1pbmVyLWU5LTI0MDBtaC1ldGhhc2gtbWluZXItMS5qcGciLCJzY29wZSI6ImRvd25sb2FkIiwiaWF0IjoxNzg4NDg4OTY4LCJleHAiOjIxMDM4NDg5Njh9.Dl5zYfC2uOPAScrRJxfaMwVFcu8gGtskeiv4kAgGNg0		in_stock	1690.00 USD		used	Bitmain	BITMAIN-ANTMINER-E9-2400MH-ETHASH-MINER	yes	5710	Bitcoin Mining Hardware > ASIC Miners	bitmain-used	2400 MH/s hashrate on Ethash,1920W power draw,0.8 J/MH energy efficiency,Refurbished unit, bench-tested before dispatch,Ships worldwide from Hong Kong by DHL / FedEx express,30-day functional warranty and in-house repair support,Cooling: Air cooling,Voltage: 200-240V,Coins: ETC / ETHW	US:::0.00 USD,CA:::0.00 USD,GB:::0.00 USD,IE:::0.00 USD,DE:::0.00 USD,FR:::0.00 USD,NL:::0.00 USD,BE:::0.00 USD,LU:::0.00 USD,AT:::0.00 USD,CH:::0.00 USD,IT:::0.00 USD,ES:::0.00 USD,PT:::0.00 USD,SE:::0.00 USD,NO:::0.00 USD,DK:::0.00 USD,FI:::0.00 USD,PL:::0.00 USD,CZ:::0.00 USD,SK:::0.00 USD,HU:::0.00 USD,RO:::0.00 USD,GR:::0.00 USD,TR:::0.00 USD,AU:::0.00 USD,NZ:::0.00 USD,JP:::0.00 USD,KR:::0.00 USD,SG:::0.00 USD,MY:::0.00 USD,TH:::0.00 USD,VN:::0.00 USD,PH:::0.00 USD,ID:::0.00 USD,IN:::0.00 USD,HK:::0.00 USD,TW:::0.00 USD,AE:::0.00 USD,SA:::0.00 USD,QA:::0.00 USD,KW:::0.00 USD,BH:::0.00 USD,OM:::0.00 USD,IL:::0.00 USD,ZA:::0.00 USD,NG:::0.00 USD,KE:::0.00 USD,EG:::0.00 USD,MA:::0.00 USD,BR:::0.00 USD,AR:::0.00 USD,CL:::0.00 USD,CO:::0.00 USD,MX:::0.00 USD,PE:::0.00 USD,UY:::0.00 USD,RU:::0.00 USD,UA:::0.00 USD,KZ:::0.00 USD,GE:::0.00 USD,PK:::0.00 USD,BD:::0.00 USD,LK:::0.00 USD,NP:::0.00 USD,CN:::0.00 USD	15 kg	used	Ethash	1500-4000	Bitmain	Air cooling
used-bitmain-antminer-s19j-pro-plus-120th-bitcoin-miner	Bitmain Used Bitmain Antminer S19j Pro+ 120 TH/s Bitcoin Miner	Used Antminer S19j Pro+ 120 TH/s bitcoin miner at 3300W – 28 units at promotional pricing, single-unit minimum order. Coins: BTC / BCH. Model: Bitmain Antminer S19j Pro+ 120 TH/s Bitcoin Miner. Source: Verified partner inventory. Cooling: Air cooling. Voltage: 200-240V. Hashrate: 120 TH/s. Warranty: 180-day service window. Algorithm: SHA-256 — in stock now at Bitcoin Mining Depot and shipped worldwide from our Hong Kong facility. This listing is more terahash per dollar than an S19 XP at a fraction of the price, and the exact machine you see in the photos is the machine we ship. Every unit is opened, cleaned, benched under sustained load and logged against its serial number before it is released for dispatch. Performance and specifications: this Bitmain miner runs the SHA-256 algorithm at 120 TH/s while drawing about 3300W at the wall, for a rated efficiency of 27.5 J/TH. It mines BTC / BCH. Efficiency is the number that decides whether a machine survives the next difficulty increase, so compare 27.5 J/TH against your own electricity rate before ordering — our desk will run the break-even model with you if you send your power cost and pool fee. Infrastructure requirements: plan for a 200-240V supply, strong intake and… Buy the Used Bitmain Antminer S19j Pro+ 120 TH/s Bitcoin Miner from Bitcoin Mining Depot: verified used stock, crypto checkout, worldwide express delivery and hosting or repair support on request.	https://bitcoinminingdepot.net/products/used-bitmain-antminer-s19j-pro-plus-120th-bitcoin-miner	https://qdhcyorsmkzxhepdjugo.supabase.co/storage/v1/object/sign/product-images/used-bitmain-antminer-s19j-pro-plus-120th-bitcoin-miner-1.jpg?token=eyJraWQiOiI2YzEzZTkyZS1iNGMzLTQ3OTgtODBhYS1hYzY2YjQxM2E1MzYiLCJhbGciOiJIUzI1NiJ9.eyJ1cmwiOiJwcm9kdWN0LWltYWdlcy91c2VkLWJpdG1haW4tYW50bWluZXItczE5ai1wcm8tcGx1cy0xMjB0aC1iaXRjb2luLW1pbmVyLTEuanBnIiwic2NvcGUiOiJkb3dubG9hZCIsImlhdCI6MTc4ODQ4ODk2OCwiZXhwIjoyMTAzODQ4OTY4fQ.7nYt0yiS4gvSbIIhgPTdCYuNgpR_lyt_7NMIv5p--MY		in_stock	1350.00 USD		used	Bitmain	USED-BITMAIN-ANTMINER-S19J-PRO-PLUS-120TH-BITCOIN-MINER	yes	5710	Bitcoin Mining Hardware > Bitcoin Mining Machines	bitmain-used	120 TH/s hashrate on SHA-256,3300W power draw,27.5 J/TH energy efficiency,Used unit, bench-tested before dispatch,Ships worldwide from Hong Kong by DHL / FedEx express,30-day functional warranty and in-house repair support,Cooling: Air cooling,Voltage: 200-240V,Coins: BTC / BCH	US:::0.00 USD,CA:::0.00 USD,GB:::0.00 USD,IE:::0.00 USD,DE:::0.00 USD,FR:::0.00 USD,NL:::0.00 USD,BE:::0.00 USD,LU:::0.00 USD,AT:::0.00 USD,CH:::0.00 USD,IT:::0.00 USD,ES:::0.00 USD,PT:::0.00 USD,SE:::0.00 USD,NO:::0.00 USD,DK:::0.00 USD,FI:::0.00 USD,PL:::0.00 USD,CZ:::0.00 USD,SK:::0.00 USD,HU:::0.00 USD,RO:::0.00 USD,GR:::0.00 USD,TR:::0.00 USD,AU:::0.00 USD,NZ:::0.00 USD,JP:::0.00 USD,KR:::0.00 USD,SG:::0.00 USD,MY:::0.00 USD,TH:::0.00 USD,VN:::0.00 USD,PH:::0.00 USD,ID:::0.00 USD,IN:::0.00 USD,HK:::0.00 USD,TW:::0.00 USD,AE:::0.00 USD,SA:::0.00 USD,QA:::0.00 USD,KW:::0.00 USD,BH:::0.00 USD,OM:::0.00 USD,IL:::0.00 USD,ZA:::0.00 USD,NG:::0.00 USD,KE:::0.00 USD,EG:::0.00 USD,MA:::0.00 USD,BR:::0.00 USD,AR:::0.00 USD,CL:::0.00 USD,CO:::0.00 USD,MX:::0.00 USD,PE:::0.00 USD,UY:::0.00 USD,RU:::0.00 USD,UA:::0.00 USD,KZ:::0.00 USD,GE:::0.00 USD,PK:::0.00 USD,BD:::0.00 USD,LK:::0.00 USD,NP:::0.00 USD,CN:::0.00 USD	15 kg	used	SHA-256	500-1500	Bitmain	Air cooling
bitmain-antminer-s21-plus-235th-90-units-in-stock	Bitmain Antminer S21+ 235 TH/s – 90+ Units In Stock	Antminer S21+ 235 TH/s bitcoin miner in brand-new condition with over 90 units in stock – roughly 0.0035 BTC monthly income per machine. Coins: BTC / BCH. Model: Bitmain Antminer S21+ 235 TH/s. Source: Verified partner inventory. Cooling: Air cooling. Voltage: 200-240V. Hashrate: 235 TH/s. Warranty: 180-day service window. Algorithm: SHA-256 — in stock now at Bitcoin Mining Depot and shipped worldwide from our Hong Kong facility. This listing is brand-new-condition S21+ stock deep enough to fill a container, and the exact machine you see in the photos is the machine we ship. Every unit is opened, cleaned, benched under sustained load and logged against its serial number before it is released for dispatch. Performance and specifications: this Bitmain miner runs the SHA-256 algorithm at 235 TH/s while drawing about 3956W at the wall, for a rated efficiency of 16.8 J/TH. It mines BTC / BCH. Efficiency is the number that decides whether a machine survives the next difficulty increase, so compare 16.8 J/TH against your own electricity rate before ordering — our desk will run the break-even model with you if you send your power cost and pool fee. Infrastructure requirements: plan for a 200-240V supply, strong intake and exhaust… Buy the Bitmain Antminer S21+ 235 TH/s – 90+ Units In Stock from Bitcoin Mining Depot: verified refurbished stock, crypto checkout, worldwide express delivery and hosting or repair support on request.	https://bitcoinminingdepot.net/products/bitmain-antminer-s21-plus-235th-90-units-in-stock	https://qdhcyorsmkzxhepdjugo.supabase.co/storage/v1/object/sign/product-images/bitmain-antminer-s21-plus-235th-90-units-in-stock-1.jpg?token=eyJraWQiOiI2YzEzZTkyZS1iNGMzLTQ3OTgtODBhYS1hYzY2YjQxM2E1MzYiLCJhbGciOiJIUzI1NiJ9.eyJ1cmwiOiJwcm9kdWN0LWltYWdlcy9iaXRtYWluLWFudG1pbmVyLXMyMS1wbHVzLTIzNXRoLTkwLXVuaXRzLWluLXN0b2NrLTEuanBnIiwic2NvcGUiOiJkb3dubG9hZCIsImlhdCI6MTc4ODQ4ODk2NywiZXhwIjoyMTAzODQ4OTY3fQ.WqbiyFkSPwuDqVwIr6i9F3wi2hIqsdw6kbJ6r1E65W0		in_stock	2080.00 USD		used	Bitmain	BITMAIN-ANTMINER-S21-PLUS-235TH-90-UNITS-IN-STOCK	yes	5710	Bitcoin Mining Hardware > Bitcoin Mining Machines	bitmain-used	235 TH/s hashrate on SHA-256,3956W power draw,16.8 J/TH energy efficiency,Refurbished unit, bench-tested before dispatch,Ships worldwide from Hong Kong by DHL / FedEx express,30-day functional warranty and in-house repair support,Cooling: Air cooling,Voltage: 200-240V,Coins: BTC / BCH	US:::0.00 USD,CA:::0.00 USD,GB:::0.00 USD,IE:::0.00 USD,DE:::0.00 USD,FR:::0.00 USD,NL:::0.00 USD,BE:::0.00 USD,LU:::0.00 USD,AT:::0.00 USD,CH:::0.00 USD,IT:::0.00 USD,ES:::0.00 USD,PT:::0.00 USD,SE:::0.00 USD,NO:::0.00 USD,DK:::0.00 USD,FI:::0.00 USD,PL:::0.00 USD,CZ:::0.00 USD,SK:::0.00 USD,HU:::0.00 USD,RO:::0.00 USD,GR:::0.00 USD,TR:::0.00 USD,AU:::0.00 USD,NZ:::0.00 USD,JP:::0.00 USD,KR:::0.00 USD,SG:::0.00 USD,MY:::0.00 USD,TH:::0.00 USD,VN:::0.00 USD,PH:::0.00 USD,ID:::0.00 USD,IN:::0.00 USD,HK:::0.00 USD,TW:::0.00 USD,AE:::0.00 USD,SA:::0.00 USD,QA:::0.00 USD,KW:::0.00 USD,BH:::0.00 USD,OM:::0.00 USD,IL:::0.00 USD,ZA:::0.00 USD,NG:::0.00 USD,KE:::0.00 USD,EG:::0.00 USD,MA:::0.00 USD,BR:::0.00 USD,AR:::0.00 USD,CL:::0.00 USD,CO:::0.00 USD,MX:::0.00 USD,PE:::0.00 USD,UY:::0.00 USD,RU:::0.00 USD,UA:::0.00 USD,KZ:::0.00 USD,GE:::0.00 USD,PK:::0.00 USD,BD:::0.00 USD,LK:::0.00 USD,NP:::0.00 USD,CN:::0.00 USD	15 kg	used	SHA-256	1500-4000	Bitmain	Air cooling
bitmain-antminer-l9-17gh-boxed-warranty-scrypt-miner	Bitmain Antminer L9 17 GH/s Scrypt Miner – Boxed, Warranty	Antminer L9 17 GH/s Scrypt miner in original box with genuine PSU and warranty – large quantity in stock for Litecoin and Dogecoin farms. Coins: LTC / DOGE. Model: Bitmain Antminer L9 17 GH/s Scrypt Miner. Source: Verified partner inventory. Cooling: Air cooling. Voltage: 200-240V. Hashrate: 17 GH/s. Warranty: 180-day service window. Algorithm: Scrypt — in stock now at Bitcoin Mining Depot and shipped worldwide from our Hong Kong facility. This listing is the most efficient Scrypt ASIC in production, held in volume stock, and the exact machine you see in the photos is the machine we ship. Every unit is opened, cleaned, benched under sustained load and logged against its serial number before it is released for dispatch. Performance and specifications: this Bitmain miner runs the Scrypt algorithm at 17 GH/s while drawing about 3570W at the wall, for a rated efficiency of 0.21 J/MH. It mines LTC / DOGE. Efficiency is the number that decides whether a machine survives the next difficulty increase, so compare 0.21 J/MH against your own electricity rate before ordering — our desk will run the break-even model with you if you send your power cost and pool fee. Infrastructure requirements: plan for a 200-240V supply, strong intake and… Buy the Bitmain Antminer L9 17 GH/s Scrypt Miner – Boxed, Warranty from Bitcoin Mining Depot: verified refurbished stock, crypto checkout, worldwide express delivery and hosting or repair support on request.	https://bitcoinminingdepot.net/products/bitmain-antminer-l9-17gh-boxed-warranty-scrypt-miner	https://qdhcyorsmkzxhepdjugo.supabase.co/storage/v1/object/sign/product-images/bitmain-antminer-l9-17gh-boxed-warranty-scrypt-miner-1.jpg?token=eyJraWQiOiI2YzEzZTkyZS1iNGMzLTQ3OTgtODBhYS1hYzY2YjQxM2E1MzYiLCJhbGciOiJIUzI1NiJ9.eyJ1cmwiOiJwcm9kdWN0LWltYWdlcy9iaXRtYWluLWFudG1pbmVyLWw5LTE3Z2gtYm94ZWQtd2FycmFudHktc2NyeXB0LW1pbmVyLTEuanBnIiwic2NvcGUiOiJkb3dubG9hZCIsImlhdCI6MTc4ODQ4ODk2NywiZXhwIjoyMTAzODQ4OTY3fQ.SZ71DDzpfKB6T5neQtGyiAi0slH34eiqN-r8kJ-WIrQ		in_stock	8990.00 USD		used	Bitmain	BITMAIN-ANTMINER-L9-17GH-BOXED-WARRANTY-SCRYPT-MINER	yes	5710	Bitcoin Mining Hardware > ASIC Miners	bitmain-used	17 GH/s hashrate on Scrypt,3570W power draw,0.21 J/MH energy efficiency,Refurbished unit, bench-tested before dispatch,Ships worldwide from Hong Kong by DHL / FedEx express,30-day functional warranty and in-house repair support,Cooling: Air cooling,Voltage: 200-240V,Coins: LTC / DOGE	US:::0.00 USD,CA:::0.00 USD,GB:::0.00 USD,IE:::0.00 USD,DE:::0.00 USD,FR:::0.00 USD,NL:::0.00 USD,BE:::0.00 USD,LU:::0.00 USD,AT:::0.00 USD,CH:::0.00 USD,IT:::0.00 USD,ES:::0.00 USD,PT:::0.00 USD,SE:::0.00 USD,NO:::0.00 USD,DK:::0.00 USD,FI:::0.00 USD,PL:::0.00 USD,CZ:::0.00 USD,SK:::0.00 USD,HU:::0.00 USD,RO:::0.00 USD,GR:::0.00 USD,TR:::0.00 USD,AU:::0.00 USD,NZ:::0.00 USD,JP:::0.00 USD,KR:::0.00 USD,SG:::0.00 USD,MY:::0.00 USD,TH:::0.00 USD,VN:::0.00 USD,PH:::0.00 USD,ID:::0.00 USD,IN:::0.00 USD,HK:::0.00 USD,TW:::0.00 USD,AE:::0.00 USD,SA:::0.00 USD,QA:::0.00 USD,KW:::0.00 USD,BH:::0.00 USD,OM:::0.00 USD,IL:::0.00 USD,ZA:::0.00 USD,NG:::0.00 USD,KE:::0.00 USD,EG:::0.00 USD,MA:::0.00 USD,BR:::0.00 USD,AR:::0.00 USD,CL:::0.00 USD,CO:::0.00 USD,MX:::0.00 USD,PE:::0.00 USD,UY:::0.00 USD,RU:::0.00 USD,UA:::0.00 USD,KZ:::0.00 USD,GE:::0.00 USD,PK:::0.00 USD,BD:::0.00 USD,LK:::0.00 USD,NP:::0.00 USD,CN:::0.00 USD	15 kg	used	Scrypt	4000-10000	Bitmain	Air cooling
used-bitmain-antminer-s21-xp-270th-inspection-available	Bitmain Used Bitmain Antminer S21 XP 270 TH/s – Inspection Available	Used Antminer S21 XP 270 TH/s in perfect condition – six units available with buyer inspection and delivery arranged worldwide. Coins: BTC / BCH. Model: Bitmain Antminer S21 XP 270 TH/s. Source: Verified partner inventory. Cooling: Air cooling. Voltage: 200-240V. Hashrate: 270 TH/s. Warranty: 180-day service window. Algorithm: SHA-256 — in stock now at Bitcoin Mining Depot and shipped worldwide from our Hong Kong facility. This listing is perfect-condition S21 XP units you can inspect before you pay, and the exact machine you see in the photos is the machine we ship. Every unit is opened, cleaned, benched under sustained load and logged against its serial number before it is released for dispatch. Performance and specifications: this Bitmain miner runs the SHA-256 algorithm at 270 TH/s while drawing about 3645W at the wall, for a rated efficiency of 13.5 J/TH. It mines BTC / BCH. Efficiency is the number that decides whether a machine survives the next difficulty increase, so compare 13.5 J/TH against your own electricity rate before ordering — our desk will run the break-even model with you if you send your power cost and pool fee. Infrastructure requirements: plan for a 200-240V supply, strong intake and exhaust… Buy the Used Bitmain Antminer S21 XP 270 TH/s – Inspection Available from Bitcoin Mining Depot: verified used stock, crypto checkout, worldwide express delivery and hosting or repair support on request.	https://bitcoinminingdepot.net/products/used-bitmain-antminer-s21-xp-270th-inspection-available	https://qdhcyorsmkzxhepdjugo.supabase.co/storage/v1/object/sign/product-images/used-bitmain-antminer-s21-xp-270th-inspection-available-1.jpg?token=eyJraWQiOiI2YzEzZTkyZS1iNGMzLTQ3OTgtODBhYS1hYzY2YjQxM2E1MzYiLCJhbGciOiJIUzI1NiJ9.eyJ1cmwiOiJwcm9kdWN0LWltYWdlcy91c2VkLWJpdG1haW4tYW50bWluZXItczIxLXhwLTI3MHRoLWluc3BlY3Rpb24tYXZhaWxhYmxlLTEuanBnIiwic2NvcGUiOiJkb3dubG9hZCIsImlhdCI6MTc4ODQ4ODk2NywiZXhwIjoyMTAzODQ4OTY3fQ.ORsN8glyp1_Gy-cHj_fzEJhTujsaNNtlpHurQ9_17uo		in_stock	2500.00 USD		used	Bitmain	USED-BITMAIN-ANTMINER-S21-XP-270TH-INSPECTION-AVAILABLE	yes	5710	Bitcoin Mining Hardware > Bitcoin Mining Machines	bitmain-used	270 TH/s hashrate on SHA-256,3645W power draw,13.5 J/TH energy efficiency,Used unit, bench-tested before dispatch,Ships worldwide from Hong Kong by DHL / FedEx express,30-day functional warranty and in-house repair support,Cooling: Air cooling,Voltage: 200-240V,Coins: BTC / BCH	US:::0.00 USD,CA:::0.00 USD,GB:::0.00 USD,IE:::0.00 USD,DE:::0.00 USD,FR:::0.00 USD,NL:::0.00 USD,BE:::0.00 USD,LU:::0.00 USD,AT:::0.00 USD,CH:::0.00 USD,IT:::0.00 USD,ES:::0.00 USD,PT:::0.00 USD,SE:::0.00 USD,NO:::0.00 USD,DK:::0.00 USD,FI:::0.00 USD,PL:::0.00 USD,CZ:::0.00 USD,SK:::0.00 USD,HU:::0.00 USD,RO:::0.00 USD,GR:::0.00 USD,TR:::0.00 USD,AU:::0.00 USD,NZ:::0.00 USD,JP:::0.00 USD,KR:::0.00 USD,SG:::0.00 USD,MY:::0.00 USD,TH:::0.00 USD,VN:::0.00 USD,PH:::0.00 USD,ID:::0.00 USD,IN:::0.00 USD,HK:::0.00 USD,TW:::0.00 USD,AE:::0.00 USD,SA:::0.00 USD,QA:::0.00 USD,KW:::0.00 USD,BH:::0.00 USD,OM:::0.00 USD,IL:::0.00 USD,ZA:::0.00 USD,NG:::0.00 USD,KE:::0.00 USD,EG:::0.00 USD,MA:::0.00 USD,BR:::0.00 USD,AR:::0.00 USD,CL:::0.00 USD,CO:::0.00 USD,MX:::0.00 USD,PE:::0.00 USD,UY:::0.00 USD,RU:::0.00 USD,UA:::0.00 USD,KZ:::0.00 USD,GE:::0.00 USD,PK:::0.00 USD,BD:::0.00 USD,LK:::0.00 USD,NP:::0.00 USD,CN:::0.00 USD	15 kg	used	SHA-256	1500-4000	Bitmain	Air cooling
used-bitmain-antminer-s21-plus-235th-7-months-runtime	Bitmain Used Bitmain Antminer S21+ 235 TH/s – 7 Months Runtime	Used Antminer S21+ 235 TH/s bitcoin miner in good condition with roughly seven months runtime – modern 16.8 J/TH efficiency at a used price. Coins: BTC / BCH. Model: Bitmain Antminer S21+ 235 TH/s. Source: Verified partner inventory. Cooling: Air cooling. Voltage: 200-240V. Hashrate: 235 TH/s. Warranty: 180-day service window. Algorithm: SHA-256 — in stock now at Bitcoin Mining Depot and shipped worldwide from our Hong Kong facility. This listing is near-new S21+ efficiency after only seven months of monitored operation, and the exact machine you see in the photos is the machine we ship. Every unit is opened, cleaned, benched under sustained load and logged against its serial number before it is released for dispatch. Performance and specifications: this Bitmain miner runs the SHA-256 algorithm at 235 TH/s while drawing about 3956W at the wall, for a rated efficiency of 16.8 J/TH. It mines BTC / BCH. Efficiency is the number that decides whether a machine survives the next difficulty increase, so compare 16.8 J/TH against your own electricity rate before ordering — our desk will run the break-even model with you if you send your power cost and pool fee. Infrastructure requirements: plan for a 200-240V supply, strong intake and… Buy the Used Bitmain Antminer S21+ 235 TH/s – 7 Months Runtime from Bitcoin Mining Depot: verified used stock, crypto checkout, worldwide express delivery and hosting or repair support on request.	https://bitcoinminingdepot.net/products/used-bitmain-antminer-s21-plus-235th-7-months-runtime	https://qdhcyorsmkzxhepdjugo.supabase.co/storage/v1/object/sign/product-images/used-bitmain-antminer-s21-plus-235th-7-months-runtime-1.jpg?token=eyJraWQiOiI2YzEzZTkyZS1iNGMzLTQ3OTgtODBhYS1hYzY2YjQxM2E1MzYiLCJhbGciOiJIUzI1NiJ9.eyJ1cmwiOiJwcm9kdWN0LWltYWdlcy91c2VkLWJpdG1haW4tYW50bWluZXItczIxLXBsdXMtMjM1dGgtNy1tb250aHMtcnVudGltZS0xLmpwZyIsInNjb3BlIjoiZG93bmxvYWQiLCJpYXQiOjE3ODg0ODg5NjYsImV4cCI6MjEwMzg0ODk2Nn0.WidYSbsrYN6igqmeUa2157EjSfJlw0iwvLf5f6M7ZYU		in_stock	1760.00 USD		used	Bitmain	USED-BITMAIN-ANTMINER-S21-PLUS-235TH-7-MONTHS-RUNTIME	yes	5710	Bitcoin Mining Hardware > Bitcoin Mining Machines	bitmain-used	235 TH/s hashrate on SHA-256,3956W power draw,16.8 J/TH energy efficiency,Used unit, bench-tested before dispatch,Ships worldwide from Hong Kong by DHL / FedEx express,30-day functional warranty and in-house repair support,Cooling: Air cooling,Voltage: 200-240V,Coins: BTC / BCH	US:::0.00 USD,CA:::0.00 USD,GB:::0.00 USD,IE:::0.00 USD,DE:::0.00 USD,FR:::0.00 USD,NL:::0.00 USD,BE:::0.00 USD,LU:::0.00 USD,AT:::0.00 USD,CH:::0.00 USD,IT:::0.00 USD,ES:::0.00 USD,PT:::0.00 USD,SE:::0.00 USD,NO:::0.00 USD,DK:::0.00 USD,FI:::0.00 USD,PL:::0.00 USD,CZ:::0.00 USD,SK:::0.00 USD,HU:::0.00 USD,RO:::0.00 USD,GR:::0.00 USD,TR:::0.00 USD,AU:::0.00 USD,NZ:::0.00 USD,JP:::0.00 USD,KR:::0.00 USD,SG:::0.00 USD,MY:::0.00 USD,TH:::0.00 USD,VN:::0.00 USD,PH:::0.00 USD,ID:::0.00 USD,IN:::0.00 USD,HK:::0.00 USD,TW:::0.00 USD,AE:::0.00 USD,SA:::0.00 USD,QA:::0.00 USD,KW:::0.00 USD,BH:::0.00 USD,OM:::0.00 USD,IL:::0.00 USD,ZA:::0.00 USD,NG:::0.00 USD,KE:::0.00 USD,EG:::0.00 USD,MA:::0.00 USD,BR:::0.00 USD,AR:::0.00 USD,CL:::0.00 USD,CO:::0.00 USD,MX:::0.00 USD,PE:::0.00 USD,UY:::0.00 USD,RU:::0.00 USD,UA:::0.00 USD,KZ:::0.00 USD,GE:::0.00 USD,PK:::0.00 USD,BD:::0.00 USD,LK:::0.00 USD,NP:::0.00 USD,CN:::0.00 USD	15 kg	used	SHA-256	1500-4000	Bitmain	Air cooling
used-innosilicon-a11-pro-1500mh-ethash-miner	Innosilicon Used Innosilicon A11 Pro 1500 MH/s Ethash Miner	Used Innosilicon A11 Pro 1500 MH/s Ethash miner at 2500W – renovated, video-tested stock for Ethereum Classic mining, large quantity available. Coins: ETC / ETHW. Model: Innosilicon A11 Pro 1500 MH/s Ethash Miner. Source: Verified partner inventory. Cooling: Air cooling. Voltage: 200-240V. Hashrate: 1500 MH/s. Warranty: 180-day service window. Algorithm: Ethash — in stock now at Bitcoin Mining Depot and shipped worldwide from our Hong Kong facility. This listing is volume Ethash hashrate for Ethereum Classic and ETHW, and the exact machine you see in the photos is the machine we ship. Every unit is opened, cleaned, benched under sustained load and logged against its serial number before it is released for dispatch. Performance and specifications: this Innosilicon miner runs the Ethash algorithm at 1500 MH/s while drawing about 2500W at the wall, for a rated efficiency of 1.67 J/MH. It mines ETC / ETHW. Efficiency is the number that decides whether a machine survives the next difficulty increase, so compare 1.67 J/MH against your own electricity rate before ordering — our desk will run the break-even model with you if you send your power cost and pool fee. Infrastructure requirements: plan for a 200-240V supply, strong intake and exhaust… Buy the Used Innosilicon A11 Pro 1500 MH/s Ethash Miner from Bitcoin Mining Depot: verified used stock, crypto checkout, worldwide express delivery and hosting or repair support on request.	https://bitcoinminingdepot.net/products/used-innosilicon-a11-pro-1500mh-ethash-miner	https://qdhcyorsmkzxhepdjugo.supabase.co/storage/v1/object/sign/product-images/used-innosilicon-a11-pro-1500mh-ethash-miner-1.jpg?token=eyJraWQiOiI2YzEzZTkyZS1iNGMzLTQ3OTgtODBhYS1hYzY2YjQxM2E1MzYiLCJhbGciOiJIUzI1NiJ9.eyJ1cmwiOiJwcm9kdWN0LWltYWdlcy91c2VkLWlubm9zaWxpY29uLWExMS1wcm8tMTUwMG1oLWV0aGFzaC1taW5lci0xLmpwZyIsInNjb3BlIjoiZG93bmxvYWQiLCJpYXQiOjE3ODg0ODg5NjYsImV4cCI6MjEwMzg0ODk2Nn0.eTW1TQNcRnV7A6B1Jcl12v1xYUWRKLZLHz8haW9tP8A		in_stock	899.00 USD		used	Innosilicon	USED-INNOSILICON-A11-PRO-1500MH-ETHASH-MINER	yes	5710	Bitcoin Mining Hardware > ASIC Miners	innosilicon-used	1500 MH/s hashrate on Ethash,2500W power draw,1.67 J/MH energy efficiency,Used unit, bench-tested before dispatch,Ships worldwide from Hong Kong by DHL / FedEx express,30-day functional warranty and in-house repair support,Cooling: Air cooling,Voltage: 200-240V,Coins: ETC / ETHW	US:::0.00 USD,CA:::0.00 USD,GB:::0.00 USD,IE:::0.00 USD,DE:::0.00 USD,FR:::0.00 USD,NL:::0.00 USD,BE:::0.00 USD,LU:::0.00 USD,AT:::0.00 USD,CH:::0.00 USD,IT:::0.00 USD,ES:::0.00 USD,PT:::0.00 USD,SE:::0.00 USD,NO:::0.00 USD,DK:::0.00 USD,FI:::0.00 USD,PL:::0.00 USD,CZ:::0.00 USD,SK:::0.00 USD,HU:::0.00 USD,RO:::0.00 USD,GR:::0.00 USD,TR:::0.00 USD,AU:::0.00 USD,NZ:::0.00 USD,JP:::0.00 USD,KR:::0.00 USD,SG:::0.00 USD,MY:::0.00 USD,TH:::0.00 USD,VN:::0.00 USD,PH:::0.00 USD,ID:::0.00 USD,IN:::0.00 USD,HK:::0.00 USD,TW:::0.00 USD,AE:::0.00 USD,SA:::0.00 USD,QA:::0.00 USD,KW:::0.00 USD,BH:::0.00 USD,OM:::0.00 USD,IL:::0.00 USD,ZA:::0.00 USD,NG:::0.00 USD,KE:::0.00 USD,EG:::0.00 USD,MA:::0.00 USD,BR:::0.00 USD,AR:::0.00 USD,CL:::0.00 USD,CO:::0.00 USD,MX:::0.00 USD,PE:::0.00 USD,UY:::0.00 USD,RU:::0.00 USD,UA:::0.00 USD,KZ:::0.00 USD,GE:::0.00 USD,PK:::0.00 USD,BD:::0.00 USD,LK:::0.00 USD,NP:::0.00 USD,CN:::0.00 USD	15 kg	used	Ethash	500-1500	Innosilicon	Air cooling
used-bitmain-antminer-z15-420ksol-with-psu-equihash	Bitmain Used Bitmain Antminer Z15 420 KSol/s with PSU – Equihash	Second-hand Antminer Z15 420 KSol/s Equihash miner supplied with PSU – tested for Zcash, Horizen and Hush mining, shipped worldwide. Coins: ZEC / ZEN / HUSH. Model: Bitmain Antminer Z15 420 KSol/s with PSU. Source: Verified partner inventory. Cooling: Air cooling. Voltage: 200-240V. Hashrate: 420 KSol/s. Warranty: 180-day service window. Algorithm: Equihash — in stock now at Bitcoin Mining Depot and shipped worldwide from our Hong Kong facility. This listing is a complete plug-and-mine Equihash package with power supply included, and the exact machine you see in the photos is the machine we ship. Every unit is opened, cleaned, benched under sustained load and logged against its serial number before it is released for dispatch. Performance and specifications: this Bitmain miner runs the Equihash algorithm at 420 KSol/s while drawing about 1510W at the wall, for a rated efficiency of 3.6 J/KSol. It mines ZEC / ZEN / HUSH. Efficiency is the number that decides whether a machine survives the next difficulty increase, so compare 3.6 J/KSol against your own electricity rate before ordering — our desk will run the break-even model with you if you send your power cost and pool fee. Infrastructure requirements: plan for a 200-240V supply, strong… Buy the Used Bitmain Antminer Z15 420 KSol/s with PSU – Equihash from Bitcoin Mining Depot: verified used stock, crypto checkout, worldwide express delivery and hosting or repair support on request.	https://bitcoinminingdepot.net/products/used-bitmain-antminer-z15-420ksol-with-psu-equihash	https://qdhcyorsmkzxhepdjugo.supabase.co/storage/v1/object/sign/product-images/used-bitmain-antminer-z15-420ksol-with-psu-equihash-1.jpg?token=eyJraWQiOiI2YzEzZTkyZS1iNGMzLTQ3OTgtODBhYS1hYzY2YjQxM2E1MzYiLCJhbGciOiJIUzI1NiJ9.eyJ1cmwiOiJwcm9kdWN0LWltYWdlcy91c2VkLWJpdG1haW4tYW50bWluZXItejE1LTQyMGtzb2wtd2l0aC1wc3UtZXF1aWhhc2gtMS5qcGciLCJzY29wZSI6ImRvd25sb2FkIiwiaWF0IjoxNzg4NDg4OTY1LCJleHAiOjIxMDM4NDg5NjV9.f2CISkXgUwmueUe5Acq2AivjDJ888dod5JKNEEFJ7gs		in_stock	1099.00 USD		used	Bitmain	USED-BITMAIN-ANTMINER-Z15-420KSOL-WITH-PSU-EQUIHASH	yes	5710	Bitcoin Mining Hardware > ASIC Miners	bitmain-used	420 KSol/s hashrate on Equihash,1510W power draw,3.6 J/KSol energy efficiency,Used unit, bench-tested before dispatch,Ships worldwide from Hong Kong by DHL / FedEx express,30-day functional warranty and in-house repair support,Cooling: Air cooling,Voltage: 200-240V,Coins: ZEC / ZEN / HUSH	US:::0.00 USD,CA:::0.00 USD,GB:::0.00 USD,IE:::0.00 USD,DE:::0.00 USD,FR:::0.00 USD,NL:::0.00 USD,BE:::0.00 USD,LU:::0.00 USD,AT:::0.00 USD,CH:::0.00 USD,IT:::0.00 USD,ES:::0.00 USD,PT:::0.00 USD,SE:::0.00 USD,NO:::0.00 USD,DK:::0.00 USD,FI:::0.00 USD,PL:::0.00 USD,CZ:::0.00 USD,SK:::0.00 USD,HU:::0.00 USD,RO:::0.00 USD,GR:::0.00 USD,TR:::0.00 USD,AU:::0.00 USD,NZ:::0.00 USD,JP:::0.00 USD,KR:::0.00 USD,SG:::0.00 USD,MY:::0.00 USD,TH:::0.00 USD,VN:::0.00 USD,PH:::0.00 USD,ID:::0.00 USD,IN:::0.00 USD,HK:::0.00 USD,TW:::0.00 USD,AE:::0.00 USD,SA:::0.00 USD,QA:::0.00 USD,KW:::0.00 USD,BH:::0.00 USD,OM:::0.00 USD,IL:::0.00 USD,ZA:::0.00 USD,NG:::0.00 USD,KE:::0.00 USD,EG:::0.00 USD,MA:::0.00 USD,BR:::0.00 USD,AR:::0.00 USD,CL:::0.00 USD,CO:::0.00 USD,MX:::0.00 USD,PE:::0.00 USD,UY:::0.00 USD,RU:::0.00 USD,UA:::0.00 USD,KZ:::0.00 USD,GE:::0.00 USD,PK:::0.00 USD,BD:::0.00 USD,LK:::0.00 USD,NP:::0.00 USD,CN:::0.00 USD	15 kg	used	Equihash	500-1500	Bitmain	Air cooling
used-bitmain-antminer-s9j-14-5th-bitcoin-miner-psu	Bitmain Used Bitmain Antminer S9j 14.5 TH/s Bitcoin Miner with PSU	Used Antminer S9j 14.5 TH/s bitcoin miner supplied with genuine Bitmain PSU – the cheapest way to learn SHA-256 mining hands-on. Coins: BTC / BCH. Model: Bitmain Antminer S9j 14.5 TH/s Bitcoin Miner with PSU. Source: Verified partner inventory. Cooling: Air cooling. Voltage: 200-240V. Hashrate: 14.5 TH/s. Warranty: 180-day service window. Algorithm: SHA-256 — in stock now at Bitcoin Mining Depot and shipped worldwide from our Hong Kong facility. This listing is the classic S9 workhorse, still the cheapest real SHA-256 hashrate on earth, and the exact machine you see in the photos is the machine we ship. Every unit is opened, cleaned, benched under sustained load and logged against its serial number before it is released for dispatch. Performance and specifications: this Bitmain miner runs the SHA-256 algorithm at 14.5 TH/s while drawing about 1350W at the wall, for a rated efficiency of 93 J/TH. It mines BTC / BCH. Efficiency is the number that decides whether a machine survives the next difficulty increase, so compare 93 J/TH against your own electricity rate before ordering — our desk will run the break-even model with you if you send your power cost and pool fee. Infrastructure requirements: plan for a 200-240V supply, strong intake and… Buy the Used Bitmain Antminer S9j 14.5 TH/s Bitcoin Miner with PSU from Bitcoin Mining Depot: verified used stock, crypto checkout, worldwide express delivery and hosting or repair support on request.	https://bitcoinminingdepot.net/products/used-bitmain-antminer-s9j-14-5th-bitcoin-miner-psu	https://qdhcyorsmkzxhepdjugo.supabase.co/storage/v1/object/sign/product-images/used-bitmain-antminer-s9j-14-5th-bitcoin-miner-psu-1.jpg?token=eyJraWQiOiI2YzEzZTkyZS1iNGMzLTQ3OTgtODBhYS1hYzY2YjQxM2E1MzYiLCJhbGciOiJIUzI1NiJ9.eyJ1cmwiOiJwcm9kdWN0LWltYWdlcy91c2VkLWJpdG1haW4tYW50bWluZXItczlqLTE0LTV0aC1iaXRjb2luLW1pbmVyLXBzdS0xLmpwZyIsInNjb3BlIjoiZG93bmxvYWQiLCJpYXQiOjE3ODg0ODg5NjUsImV4cCI6MjEwMzg0ODk2NX0.VRtXbuUEqEEgBSa1fNEn-3ecIIFy0FSZKahONCDY2gU		in_stock	99.00 USD		used	Bitmain	USED-BITMAIN-ANTMINER-S9J-14-5TH-BITCOIN-MINER-PSU	yes	5710	Bitcoin Mining Hardware > Bitcoin Mining Machines	bitmain-used	14.5 TH/s hashrate on SHA-256,1350W power draw,93 J/TH energy efficiency,Used unit, bench-tested before dispatch,Ships worldwide from Hong Kong by DHL / FedEx express,30-day functional warranty and in-house repair support,Cooling: Air cooling,Voltage: 200-240V,Coins: BTC / BCH	US:::0.00 USD,CA:::0.00 USD,GB:::0.00 USD,IE:::0.00 USD,DE:::0.00 USD,FR:::0.00 USD,NL:::0.00 USD,BE:::0.00 USD,LU:::0.00 USD,AT:::0.00 USD,CH:::0.00 USD,IT:::0.00 USD,ES:::0.00 USD,PT:::0.00 USD,SE:::0.00 USD,NO:::0.00 USD,DK:::0.00 USD,FI:::0.00 USD,PL:::0.00 USD,CZ:::0.00 USD,SK:::0.00 USD,HU:::0.00 USD,RO:::0.00 USD,GR:::0.00 USD,TR:::0.00 USD,AU:::0.00 USD,NZ:::0.00 USD,JP:::0.00 USD,KR:::0.00 USD,SG:::0.00 USD,MY:::0.00 USD,TH:::0.00 USD,VN:::0.00 USD,PH:::0.00 USD,ID:::0.00 USD,IN:::0.00 USD,HK:::0.00 USD,TW:::0.00 USD,AE:::0.00 USD,SA:::0.00 USD,QA:::0.00 USD,KW:::0.00 USD,BH:::0.00 USD,OM:::0.00 USD,IL:::0.00 USD,ZA:::0.00 USD,NG:::0.00 USD,KE:::0.00 USD,EG:::0.00 USD,MA:::0.00 USD,BR:::0.00 USD,AR:::0.00 USD,CL:::0.00 USD,CO:::0.00 USD,MX:::0.00 USD,PE:::0.00 USD,UY:::0.00 USD,RU:::0.00 USD,UA:::0.00 USD,KZ:::0.00 USD,GE:::0.00 USD,PK:::0.00 USD,BD:::0.00 USD,LK:::0.00 USD,NP:::0.00 USD,CN:::0.00 USD	15 kg	used	SHA-256	under-500	Bitmain	Air cooling
used-bitmain-antminer-d7-1286gh-dash-x11-miner	Bitmain Used Bitmain Antminer D7 1286 GH/s Dash Miner	Used Antminer D7 X11 Dash miner at 1286 GH/s and 3148W – tested unit with PSU, ready for immediate worldwide dispatch. Coins: DASH. Model: Bitmain Antminer D7 1286 GH/s Dash Miner. Source: Verified partner inventory. Cooling: Air cooling. Voltage: 200-240V. Hashrate: 1286 GH/s. Warranty: 180-day service window. Algorithm: X11 — in stock now at Bitcoin Mining Depot and shipped worldwide from our Hong Kong facility. This listing is the fastest X11 ASIC ever shipped by Bitmain, and the exact machine you see in the photos is the machine we ship. Every unit is opened, cleaned, benched under sustained load and logged against its serial number before it is released for dispatch. Performance and specifications: this Bitmain miner runs the X11 algorithm at 1286 GH/s while drawing about 3148W at the wall, for a rated efficiency of 2.45 J/GH. It mines DASH. Efficiency is the number that decides whether a machine survives the next difficulty increase, so compare 2.45 J/GH against your own electricity rate before ordering — our desk will run the break-even model with you if you send your power cost and pool fee. Infrastructure requirements: plan for a 200-240V supply, strong intake and exhaust airflow, dust filtration… Buy the Used Bitmain Antminer D7 1286 GH/s Dash Miner from Bitcoin Mining Depot: verified used stock, crypto checkout, worldwide express delivery and hosting or repair support on request.	https://bitcoinminingdepot.net/products/used-bitmain-antminer-d7-1286gh-dash-x11-miner	https://qdhcyorsmkzxhepdjugo.supabase.co/storage/v1/object/sign/product-images/used-bitmain-antminer-d7-1286gh-dash-x11-miner-1.jpg?token=eyJraWQiOiI2YzEzZTkyZS1iNGMzLTQ3OTgtODBhYS1hYzY2YjQxM2E1MzYiLCJhbGciOiJIUzI1NiJ9.eyJ1cmwiOiJwcm9kdWN0LWltYWdlcy91c2VkLWJpdG1haW4tYW50bWluZXItZDctMTI4NmdoLWRhc2gteDExLW1pbmVyLTEuanBnIiwic2NvcGUiOiJkb3dubG9hZCIsImlhdCI6MTc4ODQ4ODk2NSwiZXhwIjoyMTAzODQ4OTY1fQ.sJ7s5JAwSK30fUGy6-xsrzP7im07DE7qZJhNIPFZj5E		in_stock	1290.00 USD		used	Bitmain	USED-BITMAIN-ANTMINER-D7-1286GH-DASH-X11-MINER	yes	5710	Bitcoin Mining Hardware > ASIC Miners	bitmain-used	1286 GH/s hashrate on X11,3148W power draw,2.45 J/GH energy efficiency,Used unit, bench-tested before dispatch,Ships worldwide from Hong Kong by DHL / FedEx express,30-day functional warranty and in-house repair support,Cooling: Air cooling,Voltage: 200-240V,Coins: DASH	US:::0.00 USD,CA:::0.00 USD,GB:::0.00 USD,IE:::0.00 USD,DE:::0.00 USD,FR:::0.00 USD,NL:::0.00 USD,BE:::0.00 USD,LU:::0.00 USD,AT:::0.00 USD,CH:::0.00 USD,IT:::0.00 USD,ES:::0.00 USD,PT:::0.00 USD,SE:::0.00 USD,NO:::0.00 USD,DK:::0.00 USD,FI:::0.00 USD,PL:::0.00 USD,CZ:::0.00 USD,SK:::0.00 USD,HU:::0.00 USD,RO:::0.00 USD,GR:::0.00 USD,TR:::0.00 USD,AU:::0.00 USD,NZ:::0.00 USD,JP:::0.00 USD,KR:::0.00 USD,SG:::0.00 USD,MY:::0.00 USD,TH:::0.00 USD,VN:::0.00 USD,PH:::0.00 USD,ID:::0.00 USD,IN:::0.00 USD,HK:::0.00 USD,TW:::0.00 USD,AE:::0.00 USD,SA:::0.00 USD,QA:::0.00 USD,KW:::0.00 USD,BH:::0.00 USD,OM:::0.00 USD,IL:::0.00 USD,ZA:::0.00 USD,NG:::0.00 USD,KE:::0.00 USD,EG:::0.00 USD,MA:::0.00 USD,BR:::0.00 USD,AR:::0.00 USD,CL:::0.00 USD,CO:::0.00 USD,MX:::0.00 USD,PE:::0.00 USD,UY:::0.00 USD,RU:::0.00 USD,UA:::0.00 USD,KZ:::0.00 USD,GE:::0.00 USD,PK:::0.00 USD,BD:::0.00 USD,LK:::0.00 USD,NP:::0.00 USD,CN:::0.00 USD	15 kg	used	X11	500-1500	Bitmain	Air cooling
used-goldshell-ae-max-ii-alephium-miner	Goldshell Used Goldshell AE MAX II Alephium Miner 18 TH/s	Used Goldshell AE MAX II Alephium miner running Blake3 at 18 TH/s – tested ALPH hashrate, in stock with worldwide express shipping. Coins: ALPH. Model: Goldshell AE MAX II Alephium Miner. Source: Verified partner inventory. Cooling: Air cooling. Voltage: 200-240V. Hashrate: 18 TH/s. Warranty: 180-day service window. Algorithm: Blake3 — in stock now at Bitcoin Mining Depot and shipped worldwide from our Hong Kong facility. This listing is the strongest Alephium ASIC available second-hand, and the exact machine you see in the photos is the machine we ship. Every unit is opened, cleaned, benched under sustained load and logged against its serial number before it is released for dispatch. Performance and specifications: this Goldshell miner runs the Blake3 algorithm at 18 TH/s while drawing about 3300W at the wall, for a rated efficiency of 183 J/TH. It mines ALPH. Efficiency is the number that decides whether a machine survives the next difficulty increase, so compare 183 J/TH against your own electricity rate before ordering — our desk will run the break-even model with you if you send your power cost and pool fee. Infrastructure requirements: plan for a 200-240V supply, strong intake and exhaust airflow, dust… Buy the Used Goldshell AE MAX II Alephium Miner from Bitcoin Mining Depot: verified used stock, crypto checkout, worldwide express delivery and hosting or repair support on request.	https://bitcoinminingdepot.net/products/used-goldshell-ae-max-ii-alephium-miner	https://qdhcyorsmkzxhepdjugo.supabase.co/storage/v1/object/sign/product-images/used-goldshell-ae-max-ii-alephium-miner-1.jpg?token=eyJraWQiOiI2YzEzZTkyZS1iNGMzLTQ3OTgtODBhYS1hYzY2YjQxM2E1MzYiLCJhbGciOiJIUzI1NiJ9.eyJ1cmwiOiJwcm9kdWN0LWltYWdlcy91c2VkLWdvbGRzaGVsbC1hZS1tYXgtaWktYWxlcGhpdW0tbWluZXItMS5qcGciLCJzY29wZSI6ImRvd25sb2FkIiwiaWF0IjoxNzg4NDg4OTY0LCJleHAiOjIxMDM4NDg5NjR9.8tPnkdYtPGziT8eoEX35JMWexbR4LzZi49H9oXsMrxU		in_stock	4590.00 USD		used	Goldshell	USED-GOLDSHELL-AE-MAX-II-ALEPHIUM-MINER	yes	5710	Bitcoin Mining Hardware > ASIC Miners	goldshell-used	18 TH/s hashrate on Blake3,3300W power draw,183 J/TH energy efficiency,Used unit, bench-tested before dispatch,Ships worldwide from Hong Kong by DHL / FedEx express,30-day functional warranty and in-house repair support,Cooling: Air cooling,Voltage: 200-240V,Coins: ALPH	US:::0.00 USD,CA:::0.00 USD,GB:::0.00 USD,IE:::0.00 USD,DE:::0.00 USD,FR:::0.00 USD,NL:::0.00 USD,BE:::0.00 USD,LU:::0.00 USD,AT:::0.00 USD,CH:::0.00 USD,IT:::0.00 USD,ES:::0.00 USD,PT:::0.00 USD,SE:::0.00 USD,NO:::0.00 USD,DK:::0.00 USD,FI:::0.00 USD,PL:::0.00 USD,CZ:::0.00 USD,SK:::0.00 USD,HU:::0.00 USD,RO:::0.00 USD,GR:::0.00 USD,TR:::0.00 USD,AU:::0.00 USD,NZ:::0.00 USD,JP:::0.00 USD,KR:::0.00 USD,SG:::0.00 USD,MY:::0.00 USD,TH:::0.00 USD,VN:::0.00 USD,PH:::0.00 USD,ID:::0.00 USD,IN:::0.00 USD,HK:::0.00 USD,TW:::0.00 USD,AE:::0.00 USD,SA:::0.00 USD,QA:::0.00 USD,KW:::0.00 USD,BH:::0.00 USD,OM:::0.00 USD,IL:::0.00 USD,ZA:::0.00 USD,NG:::0.00 USD,KE:::0.00 USD,EG:::0.00 USD,MA:::0.00 USD,BR:::0.00 USD,AR:::0.00 USD,CL:::0.00 USD,CO:::0.00 USD,MX:::0.00 USD,PE:::0.00 USD,UY:::0.00 USD,RU:::0.00 USD,UA:::0.00 USD,KZ:::0.00 USD,GE:::0.00 USD,PK:::0.00 USD,BD:::0.00 USD,LK:::0.00 USD,NP:::0.00 USD,CN:::0.00 USD	15 kg	used	Blake3	4000-10000	Goldshell	Air cooling
used-fluminer-t3-110th-sha256-bitcoin-miner	Fluminer Used Fluminer T3 110 TH/s SHA-256 Bitcoin Miner	Used Fluminer T3 110 TH/s SHA-256 miner in original packaging – budget terahash for cheap-power sites, shipped within 24 hours. Coins: BTC / BCH. Model: Fluminer T3 110 TH/s SHA-256 Bitcoin Miner. Source: Verified partner inventory. Cooling: Air cooling. Voltage: 200-240V. Hashrate: 110 TH/s. Warranty: 180-day service window. Algorithm: SHA-256 — in stock now at Bitcoin Mining Depot and shipped worldwide from our Hong Kong facility. This listing is cheap terahash for sub-six-cent power sites, and the exact machine you see in the photos is the machine we ship. Every unit is opened, cleaned, benched under sustained load and logged against its serial number before it is released for dispatch. Performance and specifications: this Fluminer miner runs the SHA-256 algorithm at 110 TH/s while drawing about 3300W at the wall, for a rated efficiency of 30 J/TH. It mines BTC / BCH. Efficiency is the number that decides whether a machine survives the next difficulty increase, so compare 30 J/TH against your own electricity rate before ordering — our desk will run the break-even model with you if you send your power cost and pool fee. Infrastructure requirements: plan for a 200-240V supply, strong intake and exhaust airflow, dust… Buy the Used Fluminer T3 110 TH/s SHA-256 Bitcoin Miner from Bitcoin Mining Depot: verified used stock, crypto checkout, worldwide express delivery and hosting or repair support on request.	https://bitcoinminingdepot.net/products/used-fluminer-t3-110th-sha256-bitcoin-miner	https://qdhcyorsmkzxhepdjugo.supabase.co/storage/v1/object/sign/product-images/used-fluminer-t3-110th-sha256-bitcoin-miner-1.jpg?token=eyJraWQiOiI2YzEzZTkyZS1iNGMzLTQ3OTgtODBhYS1hYzY2YjQxM2E1MzYiLCJhbGciOiJIUzI1NiJ9.eyJ1cmwiOiJwcm9kdWN0LWltYWdlcy91c2VkLWZsdW1pbmVyLXQzLTExMHRoLXNoYTI1Ni1iaXRjb2luLW1pbmVyLTEuanBnIiwic2NvcGUiOiJkb3dubG9hZCIsImlhdCI6MTc4ODQ4ODk2NCwiZXhwIjoyMTAzODQ4OTY0fQ.hicgmdciA8qJ_YEpbVXZnIFy_hPFKdJdiIYS83B5lLQ		in_stock	749.00 USD		used	Fluminer	USED-FLUMINER-T3-110TH-SHA256-BITCOIN-MINER	yes	5710	Bitcoin Mining Hardware > Bitcoin Mining Machines	fluminer-used	110 TH/s hashrate on SHA-256,3300W power draw,30 J/TH energy efficiency,Used unit, bench-tested before dispatch,Ships worldwide from Hong Kong by DHL / FedEx express,30-day functional warranty and in-house repair support,Cooling: Air cooling,Voltage: 200-240V,Coins: BTC / BCH	US:::0.00 USD,CA:::0.00 USD,GB:::0.00 USD,IE:::0.00 USD,DE:::0.00 USD,FR:::0.00 USD,NL:::0.00 USD,BE:::0.00 USD,LU:::0.00 USD,AT:::0.00 USD,CH:::0.00 USD,IT:::0.00 USD,ES:::0.00 USD,PT:::0.00 USD,SE:::0.00 USD,NO:::0.00 USD,DK:::0.00 USD,FI:::0.00 USD,PL:::0.00 USD,CZ:::0.00 USD,SK:::0.00 USD,HU:::0.00 USD,RO:::0.00 USD,GR:::0.00 USD,TR:::0.00 USD,AU:::0.00 USD,NZ:::0.00 USD,JP:::0.00 USD,KR:::0.00 USD,SG:::0.00 USD,MY:::0.00 USD,TH:::0.00 USD,VN:::0.00 USD,PH:::0.00 USD,ID:::0.00 USD,IN:::0.00 USD,HK:::0.00 USD,TW:::0.00 USD,AE:::0.00 USD,SA:::0.00 USD,QA:::0.00 USD,KW:::0.00 USD,BH:::0.00 USD,OM:::0.00 USD,IL:::0.00 USD,ZA:::0.00 USD,NG:::0.00 USD,KE:::0.00 USD,EG:::0.00 USD,MA:::0.00 USD,BR:::0.00 USD,AR:::0.00 USD,CL:::0.00 USD,CO:::0.00 USD,MX:::0.00 USD,PE:::0.00 USD,UY:::0.00 USD,RU:::0.00 USD,UA:::0.00 USD,KZ:::0.00 USD,GE:::0.00 USD,PK:::0.00 USD,BD:::0.00 USD,LK:::0.00 USD,NP:::0.00 USD,CN:::0.00 USD	15 kg	used	SHA-256	500-1500	Fluminer	Air cooling
used-bitmain-antminer-s21-xp-270th-bitcoin-miner-tested	Bitmain Used Bitmain Antminer S21 XP 270 TH/s Bitcoin Miner	Used Antminer S21 XP 270 TH/s bitcoin miner at 13.5 J/TH – flagship air-cooled efficiency in stock with 7–14 day express delivery. Coins: BTC / BCH. Model: Bitmain Antminer S21 XP 270 TH/s Bitcoin Miner. Source: Verified partner inventory. Cooling: Air cooling. Voltage: 200-240V. Hashrate: 270 TH/s. Warranty: 180-day service window. Algorithm: SHA-256 — in stock now at Bitcoin Mining Depot and shipped worldwide from our Hong Kong facility. This listing is current-generation 13.5 J/TH efficiency at second-hand pricing, and the exact machine you see in the photos is the machine we ship. Every unit is opened, cleaned, benched under sustained load and logged against its serial number before it is released for dispatch. Performance and specifications: this Bitmain miner runs the SHA-256 algorithm at 270 TH/s while drawing about 3645W at the wall, for a rated efficiency of 13.5 J/TH. It mines BTC / BCH. Efficiency is the number that decides whether a machine survives the next difficulty increase, so compare 13.5 J/TH against your own electricity rate before ordering — our desk will run the break-even model with you if you send your power cost and pool fee. Infrastructure requirements: plan for a 200-240V supply, strong intake and exhaust… Buy the Used Bitmain Antminer S21 XP 270 TH/s Bitcoin Miner from Bitcoin Mining Depot: verified used stock, crypto checkout, worldwide express delivery and hosting or repair support on request.	https://bitcoinminingdepot.net/products/used-bitmain-antminer-s21-xp-270th-bitcoin-miner-tested	https://qdhcyorsmkzxhepdjugo.supabase.co/storage/v1/object/sign/product-images/used-bitmain-antminer-s21-xp-270th-bitcoin-miner-tested-1.jpg?token=eyJraWQiOiI2YzEzZTkyZS1iNGMzLTQ3OTgtODBhYS1hYzY2YjQxM2E1MzYiLCJhbGciOiJIUzI1NiJ9.eyJ1cmwiOiJwcm9kdWN0LWltYWdlcy91c2VkLWJpdG1haW4tYW50bWluZXItczIxLXhwLTI3MHRoLWJpdGNvaW4tbWluZXItdGVzdGVkLTEuanBnIiwic2NvcGUiOiJkb3dubG9hZCIsImlhdCI6MTc4ODQ4ODk2MywiZXhwIjoyMTAzODQ4OTYzfQ.nEDu2g2TNnQruLOdxVrfbl-DsAChfn4xgM_OENMypbg		in_stock	4290.00 USD		used	Bitmain	USED-BITMAIN-ANTMINER-S21-XP-270TH-BITCOIN-MINER-TESTED	yes	5710	Bitcoin Mining Hardware > Bitcoin Mining Machines	bitmain-used	270 TH/s hashrate on SHA-256,3645W power draw,13.5 J/TH energy efficiency,Used unit, bench-tested before dispatch,Ships worldwide from Hong Kong by DHL / FedEx express,30-day functional warranty and in-house repair support,Cooling: Air cooling,Voltage: 200-240V,Coins: BTC / BCH	US:::0.00 USD,CA:::0.00 USD,GB:::0.00 USD,IE:::0.00 USD,DE:::0.00 USD,FR:::0.00 USD,NL:::0.00 USD,BE:::0.00 USD,LU:::0.00 USD,AT:::0.00 USD,CH:::0.00 USD,IT:::0.00 USD,ES:::0.00 USD,PT:::0.00 USD,SE:::0.00 USD,NO:::0.00 USD,DK:::0.00 USD,FI:::0.00 USD,PL:::0.00 USD,CZ:::0.00 USD,SK:::0.00 USD,HU:::0.00 USD,RO:::0.00 USD,GR:::0.00 USD,TR:::0.00 USD,AU:::0.00 USD,NZ:::0.00 USD,JP:::0.00 USD,KR:::0.00 USD,SG:::0.00 USD,MY:::0.00 USD,TH:::0.00 USD,VN:::0.00 USD,PH:::0.00 USD,ID:::0.00 USD,IN:::0.00 USD,HK:::0.00 USD,TW:::0.00 USD,AE:::0.00 USD,SA:::0.00 USD,QA:::0.00 USD,KW:::0.00 USD,BH:::0.00 USD,OM:::0.00 USD,IL:::0.00 USD,ZA:::0.00 USD,NG:::0.00 USD,KE:::0.00 USD,EG:::0.00 USD,MA:::0.00 USD,BR:::0.00 USD,AR:::0.00 USD,CL:::0.00 USD,CO:::0.00 USD,MX:::0.00 USD,PE:::0.00 USD,UY:::0.00 USD,RU:::0.00 USD,UA:::0.00 USD,KZ:::0.00 USD,GE:::0.00 USD,PK:::0.00 USD,BD:::0.00 USD,LK:::0.00 USD,NP:::0.00 USD,CN:::0.00 USD	15 kg	used	SHA-256	4000-10000	Bitmain	Air cooling
used-bitmain-antminer-ks5-20th-kaspa-miner	Bitmain Used Bitmain Antminer KS5 20 TH/s Kaspa Miner	Used Antminer KS5 Kaspa miner delivering 20 TH/s on kHeavyHash at 3150W – tested stock, dispatched within 24 hours worldwide. Coins: KAS. Model: Bitmain Antminer KS5 20 TH/s Kaspa Miner. Source: Verified partner inventory. Cooling: Air cooling. Voltage: 200-240V. Hashrate: 20 TH/s. Warranty: 180-day service window. Algorithm: kHeavyHash — in stock now at Bitcoin Mining Depot and shipped worldwide from our Hong Kong facility. This listing is industrial Kaspa hashrate without new-unit pricing, and the exact machine you see in the photos is the machine we ship. Every unit is opened, cleaned, benched under sustained load and logged against its serial number before it is released for dispatch. Performance and specifications: this Bitmain miner runs the kHeavyHash algorithm at 20 TH/s while drawing about 3150W at the wall, for a rated efficiency of 157 J/TH. It mines KAS. Efficiency is the number that decides whether a machine survives the next difficulty increase, so compare 157 J/TH against your own electricity rate before ordering — our desk will run the break-even model with you if you send your power cost and pool fee. Infrastructure requirements: plan for a 200-240V supply, strong intake and exhaust airflow, dust… Buy the Used Bitmain Antminer KS5 20 TH/s Kaspa Miner from Bitcoin Mining Depot: verified used stock, crypto checkout, worldwide express delivery and hosting or repair support on request.	https://bitcoinminingdepot.net/products/used-bitmain-antminer-ks5-20th-kaspa-miner	https://qdhcyorsmkzxhepdjugo.supabase.co/storage/v1/object/sign/product-images/used-bitmain-antminer-ks5-20th-kaspa-miner-1.jpg?token=eyJraWQiOiI2YzEzZTkyZS1iNGMzLTQ3OTgtODBhYS1hYzY2YjQxM2E1MzYiLCJhbGciOiJIUzI1NiJ9.eyJ1cmwiOiJwcm9kdWN0LWltYWdlcy91c2VkLWJpdG1haW4tYW50bWluZXIta3M1LTIwdGgta2FzcGEtbWluZXItMS5qcGciLCJzY29wZSI6ImRvd25sb2FkIiwiaWF0IjoxNzg4NDg4OTYzLCJleHAiOjIxMDM4NDg5NjN9.8x1b5Yb89P7nxsWw9MGjMqHqCnc3jkKGBymYdUxVjPY		in_stock	3390.00 USD		used	Bitmain	USED-BITMAIN-ANTMINER-KS5-20TH-KASPA-MINER	yes	5710	Bitcoin Mining Hardware > ASIC Miners	bitmain-used	20 TH/s hashrate on kHeavyHash,3150W power draw,157 J/TH energy efficiency,Used unit, bench-tested before dispatch,Ships worldwide from Hong Kong by DHL / FedEx express,30-day functional warranty and in-house repair support,Cooling: Air cooling,Voltage: 200-240V,Coins: KAS	US:::0.00 USD,CA:::0.00 USD,GB:::0.00 USD,IE:::0.00 USD,DE:::0.00 USD,FR:::0.00 USD,NL:::0.00 USD,BE:::0.00 USD,LU:::0.00 USD,AT:::0.00 USD,CH:::0.00 USD,IT:::0.00 USD,ES:::0.00 USD,PT:::0.00 USD,SE:::0.00 USD,NO:::0.00 USD,DK:::0.00 USD,FI:::0.00 USD,PL:::0.00 USD,CZ:::0.00 USD,SK:::0.00 USD,HU:::0.00 USD,RO:::0.00 USD,GR:::0.00 USD,TR:::0.00 USD,AU:::0.00 USD,NZ:::0.00 USD,JP:::0.00 USD,KR:::0.00 USD,SG:::0.00 USD,MY:::0.00 USD,TH:::0.00 USD,VN:::0.00 USD,PH:::0.00 USD,ID:::0.00 USD,IN:::0.00 USD,HK:::0.00 USD,TW:::0.00 USD,AE:::0.00 USD,SA:::0.00 USD,QA:::0.00 USD,KW:::0.00 USD,BH:::0.00 USD,OM:::0.00 USD,IL:::0.00 USD,ZA:::0.00 USD,NG:::0.00 USD,KE:::0.00 USD,EG:::0.00 USD,MA:::0.00 USD,BR:::0.00 USD,AR:::0.00 USD,CL:::0.00 USD,CO:::0.00 USD,MX:::0.00 USD,PE:::0.00 USD,UY:::0.00 USD,RU:::0.00 USD,UA:::0.00 USD,KZ:::0.00 USD,GE:::0.00 USD,PK:::0.00 USD,BD:::0.00 USD,LK:::0.00 USD,NP:::0.00 USD,CN:::0.00 USD	15 kg	used	kHeavyHash	1500-4000	Bitmain	Air cooling
used-bitmain-antminer-s19k-pro-120th-bench-tested	Bitmain Used Bitmain Antminer S19k Pro 120 TH/s – Bench Tested	Bench-tested used Antminer S19k Pro 120 TH/s bitcoin miner at 23 J/TH – ready to ship in 24 hours with DDP shipping available. Coins: BTC / BCH. Model: Bitmain Antminer S19k Pro 120 TH/s. Source: Verified partner inventory. Cooling: Air cooling. Voltage: 200-240V. Hashrate: 120 TH/s. Warranty: 180-day service window. Algorithm: SHA-256 — in stock now at Bitcoin Mining Depot and shipped worldwide from our Hong Kong facility. This listing is the most popular entry-level industrial bitcoin miner in the used market, and the exact machine you see in the photos is the machine we ship. Every unit is opened, cleaned, benched under sustained load and logged against its serial number before it is released for dispatch. Performance and specifications: this Bitmain miner runs the SHA-256 algorithm at 120 TH/s while drawing about 2760W at the wall, for a rated efficiency of 23 J/TH. It mines BTC / BCH. Efficiency is the number that decides whether a machine survives the next difficulty increase, so compare 23 J/TH against your own electricity rate before ordering — our desk will run the break-even model with you if you send your power cost and pool fee. Infrastructure requirements: plan for a 200-240V supply, strong intake and… Buy the Used Bitmain Antminer S19k Pro 120 TH/s – Bench Tested from Bitcoin Mining Depot: verified used stock, crypto checkout, worldwide express delivery and hosting or repair support on request.	https://bitcoinminingdepot.net/products/used-bitmain-antminer-s19k-pro-120th-bench-tested	https://qdhcyorsmkzxhepdjugo.supabase.co/storage/v1/object/sign/product-images/used-bitmain-antminer-s19k-pro-120th-bench-tested-1.jpg?token=eyJraWQiOiI2YzEzZTkyZS1iNGMzLTQ3OTgtODBhYS1hYzY2YjQxM2E1MzYiLCJhbGciOiJIUzI1NiJ9.eyJ1cmwiOiJwcm9kdWN0LWltYWdlcy91c2VkLWJpdG1haW4tYW50bWluZXItczE5ay1wcm8tMTIwdGgtYmVuY2gtdGVzdGVkLTEuanBnIiwic2NvcGUiOiJkb3dubG9hZCIsImlhdCI6MTc4ODQ4ODk2MiwiZXhwIjoyMTAzODQ4OTYyfQ.mTDqrbdZXwMwN4CZCXab_48vsBKpDnYz7ebTyCOiT3s		in_stock	989.00 USD		used	Bitmain	USED-BITMAIN-ANTMINER-S19K-PRO-120TH-BENCH-TESTED	yes	5710	Bitcoin Mining Hardware > Bitcoin Mining Machines	bitmain-used	120 TH/s hashrate on SHA-256,2760W power draw,23 J/TH energy efficiency,Used unit, bench-tested before dispatch,Ships worldwide from Hong Kong by DHL / FedEx express,30-day functional warranty and in-house repair support,Cooling: Air cooling,Voltage: 200-240V,Coins: BTC / BCH	US:::0.00 USD,CA:::0.00 USD,GB:::0.00 USD,IE:::0.00 USD,DE:::0.00 USD,FR:::0.00 USD,NL:::0.00 USD,BE:::0.00 USD,LU:::0.00 USD,AT:::0.00 USD,CH:::0.00 USD,IT:::0.00 USD,ES:::0.00 USD,PT:::0.00 USD,SE:::0.00 USD,NO:::0.00 USD,DK:::0.00 USD,FI:::0.00 USD,PL:::0.00 USD,CZ:::0.00 USD,SK:::0.00 USD,HU:::0.00 USD,RO:::0.00 USD,GR:::0.00 USD,TR:::0.00 USD,AU:::0.00 USD,NZ:::0.00 USD,JP:::0.00 USD,KR:::0.00 USD,SG:::0.00 USD,MY:::0.00 USD,TH:::0.00 USD,VN:::0.00 USD,PH:::0.00 USD,ID:::0.00 USD,IN:::0.00 USD,HK:::0.00 USD,TW:::0.00 USD,AE:::0.00 USD,SA:::0.00 USD,QA:::0.00 USD,KW:::0.00 USD,BH:::0.00 USD,OM:::0.00 USD,IL:::0.00 USD,ZA:::0.00 USD,NG:::0.00 USD,KE:::0.00 USD,EG:::0.00 USD,MA:::0.00 USD,BR:::0.00 USD,AR:::0.00 USD,CL:::0.00 USD,CO:::0.00 USD,MX:::0.00 USD,PE:::0.00 USD,UY:::0.00 USD,RU:::0.00 USD,UA:::0.00 USD,KZ:::0.00 USD,GE:::0.00 USD,PK:::0.00 USD,BD:::0.00 USD,LK:::0.00 USD,NP:::0.00 USD,CN:::0.00 USD	15 kg	used	SHA-256	500-1500	Bitmain	Air cooling
used-bitmain-antminer-s19j-xp-141th-bitcoin-miner	Bitmain Used Bitmain Antminer S19j XP 141 TH/s Bitcoin Miner	Used Antminer S19j XP 141 TH/s SHA-256 bitcoin miner at 21.5 J/TH – in stock, dispatched within 24 hours with express 7–14 day delivery. Coins: BTC / BCH. Model: Bitmain Antminer S19j XP 141 TH/s Bitcoin Miner. Source: Verified partner inventory. Cooling: Air cooling. Voltage: 200-240V. Hashrate: 141 TH/s. Warranty: 180-day service window. Algorithm: SHA-256 — in stock now at Bitcoin Mining Depot and shipped worldwide from our Hong Kong facility. This listing is the efficiency sweet spot of the XP generation at used-market pricing, and the exact machine you see in the photos is the machine we ship. Every unit is opened, cleaned, benched under sustained load and logged against its serial number before it is released for dispatch. Performance and specifications: this Bitmain miner runs the SHA-256 algorithm at 141 TH/s while drawing about 3010W at the wall, for a rated efficiency of 21.5 J/TH. It mines BTC / BCH. Efficiency is the number that decides whether a machine survives the next difficulty increase, so compare 21.5 J/TH against your own electricity rate before ordering — our desk will run the break-even model with you if you send your power cost and pool fee. Infrastructure requirements: plan for a 200-240V supply, strong intake and… Buy the Used Bitmain Antminer S19j XP 141 TH/s Bitcoin Miner from Bitcoin Mining Depot: verified used stock, crypto checkout, worldwide express delivery and hosting or repair support on request.	https://bitcoinminingdepot.net/products/used-bitmain-antminer-s19j-xp-141th-bitcoin-miner	https://qdhcyorsmkzxhepdjugo.supabase.co/storage/v1/object/sign/product-images/used-bitmain-antminer-s19j-xp-141th-bitcoin-miner-1.jpg?token=eyJraWQiOiI2YzEzZTkyZS1iNGMzLTQ3OTgtODBhYS1hYzY2YjQxM2E1MzYiLCJhbGciOiJIUzI1NiJ9.eyJ1cmwiOiJwcm9kdWN0LWltYWdlcy91c2VkLWJpdG1haW4tYW50bWluZXItczE5ai14cC0xNDF0aC1iaXRjb2luLW1pbmVyLTEuanBnIiwic2NvcGUiOiJkb3dubG9hZCIsImlhdCI6MTc4ODQ4ODk2MiwiZXhwIjoyMTAzODQ4OTYyfQ.3zjpOu3nM8hz8egQxSPOa2yQS0QKl78gFlXxMQM_jiw		in_stock	1290.00 USD		used	Bitmain	USED-BITMAIN-ANTMINER-S19J-XP-141TH-BITCOIN-MINER	yes	5710	Bitcoin Mining Hardware > Bitcoin Mining Machines	bitmain-used	141 TH/s hashrate on SHA-256,3010W power draw,21.5 J/TH energy efficiency,Used unit, bench-tested before dispatch,Ships worldwide from Hong Kong by DHL / FedEx express,30-day functional warranty and in-house repair support,Cooling: Air cooling,Voltage: 200-240V,Coins: BTC / BCH	US:::0.00 USD,CA:::0.00 USD,GB:::0.00 USD,IE:::0.00 USD,DE:::0.00 USD,FR:::0.00 USD,NL:::0.00 USD,BE:::0.00 USD,LU:::0.00 USD,AT:::0.00 USD,CH:::0.00 USD,IT:::0.00 USD,ES:::0.00 USD,PT:::0.00 USD,SE:::0.00 USD,NO:::0.00 USD,DK:::0.00 USD,FI:::0.00 USD,PL:::0.00 USD,CZ:::0.00 USD,SK:::0.00 USD,HU:::0.00 USD,RO:::0.00 USD,GR:::0.00 USD,TR:::0.00 USD,AU:::0.00 USD,NZ:::0.00 USD,JP:::0.00 USD,KR:::0.00 USD,SG:::0.00 USD,MY:::0.00 USD,TH:::0.00 USD,VN:::0.00 USD,PH:::0.00 USD,ID:::0.00 USD,IN:::0.00 USD,HK:::0.00 USD,TW:::0.00 USD,AE:::0.00 USD,SA:::0.00 USD,QA:::0.00 USD,KW:::0.00 USD,BH:::0.00 USD,OM:::0.00 USD,IL:::0.00 USD,ZA:::0.00 USD,NG:::0.00 USD,KE:::0.00 USD,EG:::0.00 USD,MA:::0.00 USD,BR:::0.00 USD,AR:::0.00 USD,CL:::0.00 USD,CO:::0.00 USD,MX:::0.00 USD,PE:::0.00 USD,UY:::0.00 USD,RU:::0.00 USD,UA:::0.00 USD,KZ:::0.00 USD,GE:::0.00 USD,PK:::0.00 USD,BD:::0.00 USD,LK:::0.00 USD,NP:::0.00 USD,CN:::0.00 USD	15 kg	used	SHA-256	500-1500	Bitmain	Air cooling
used-bitmain-antminer-l7-9050mh-scrypt-litecoin-miner	Bitmain Used Bitmain Antminer L7 9.05 GH/s Scrypt Miner	Used Antminer L7 9.05 GH/s Scrypt miner for serious Litecoin and Dogecoin merge mining – checked before dispatch, worldwide delivery. Coins: LTC / DOGE. Model: Bitmain Antminer L7 9.05 GH/s Scrypt Miner. Source: Verified partner inventory. Cooling: Air cooling. Voltage: 200-240V. Hashrate: 9.05 GH/s. Warranty: 180-day service window. Algorithm: Scrypt — in stock now at Bitcoin Mining Depot and shipped worldwide from our Hong Kong facility. This listing is the highest-yield Scrypt machine on the second-hand market, and the exact machine you see in the photos is the machine we ship. Every unit is opened, cleaned, benched under sustained load and logged against its serial number before it is released for dispatch. Performance and specifications: this Bitmain miner runs the Scrypt algorithm at 9.05 GH/s while drawing about 3425W at the wall, for a rated efficiency of 0.38 J/MH. It mines LTC / DOGE. Efficiency is the number that decides whether a machine survives the next difficulty increase, so compare 0.38 J/MH against your own electricity rate before ordering — our desk will run the break-even model with you if you send your power cost and pool fee. Infrastructure requirements: plan for a 200-240V supply, strong intake and exhaust… Buy the Used Bitmain Antminer L7 9.05 GH/s Scrypt Miner from Bitcoin Mining Depot: verified used stock, crypto checkout, worldwide express delivery and hosting or repair support on request.	https://bitcoinminingdepot.net/products/used-bitmain-antminer-l7-9050mh-scrypt-litecoin-miner	https://qdhcyorsmkzxhepdjugo.supabase.co/storage/v1/object/sign/product-images/used-bitmain-antminer-l7-9050mh-scrypt-litecoin-miner-1.jpg?token=eyJraWQiOiI2YzEzZTkyZS1iNGMzLTQ3OTgtODBhYS1hYzY2YjQxM2E1MzYiLCJhbGciOiJIUzI1NiJ9.eyJ1cmwiOiJwcm9kdWN0LWltYWdlcy91c2VkLWJpdG1haW4tYW50bWluZXItbDctOTA1MG1oLXNjcnlwdC1saXRlY29pbi1taW5lci0xLmpwZyIsInNjb3BlIjoiZG93bmxvYWQiLCJpYXQiOjE3ODg0ODg5NjIsImV4cCI6MjEwMzg0ODk2Mn0.Pl5hukL9c_A0Y6VTaXsfdRqXUXVqUM7uASBF2T-T-PY		in_stock	5490.00 USD		used	Bitmain	USED-BITMAIN-ANTMINER-L7-9050MH-SCRYPT-LITECOIN-MINER	yes	5710	Bitcoin Mining Hardware > ASIC Miners	bitmain-used	9.05 GH/s hashrate on Scrypt,3425W power draw,0.38 J/MH energy efficiency,Used unit, bench-tested before dispatch,Ships worldwide from Hong Kong by DHL / FedEx express,30-day functional warranty and in-house repair support,Cooling: Air cooling,Voltage: 200-240V,Coins: LTC / DOGE	US:::0.00 USD,CA:::0.00 USD,GB:::0.00 USD,IE:::0.00 USD,DE:::0.00 USD,FR:::0.00 USD,NL:::0.00 USD,BE:::0.00 USD,LU:::0.00 USD,AT:::0.00 USD,CH:::0.00 USD,IT:::0.00 USD,ES:::0.00 USD,PT:::0.00 USD,SE:::0.00 USD,NO:::0.00 USD,DK:::0.00 USD,FI:::0.00 USD,PL:::0.00 USD,CZ:::0.00 USD,SK:::0.00 USD,HU:::0.00 USD,RO:::0.00 USD,GR:::0.00 USD,TR:::0.00 USD,AU:::0.00 USD,NZ:::0.00 USD,JP:::0.00 USD,KR:::0.00 USD,SG:::0.00 USD,MY:::0.00 USD,TH:::0.00 USD,VN:::0.00 USD,PH:::0.00 USD,ID:::0.00 USD,IN:::0.00 USD,HK:::0.00 USD,TW:::0.00 USD,AE:::0.00 USD,SA:::0.00 USD,QA:::0.00 USD,KW:::0.00 USD,BH:::0.00 USD,OM:::0.00 USD,IL:::0.00 USD,ZA:::0.00 USD,NG:::0.00 USD,KE:::0.00 USD,EG:::0.00 USD,MA:::0.00 USD,BR:::0.00 USD,AR:::0.00 USD,CL:::0.00 USD,CO:::0.00 USD,MX:::0.00 USD,PE:::0.00 USD,UY:::0.00 USD,RU:::0.00 USD,UA:::0.00 USD,KZ:::0.00 USD,GE:::0.00 USD,PK:::0.00 USD,BD:::0.00 USD,LK:::0.00 USD,NP:::0.00 USD,CN:::0.00 USD	15 kg	used	Scrypt	4000-10000	Bitmain	Air cooling
used-bitmain-antminer-z15-420ksol-tested-zcash-miner	Bitmain Used Bitmain Antminer Z15 420 KSol/s Zcash Miner – Tested	Tested used Antminer Z15 Equihash miner at 420 KSol/s and 1510W – original Bitmain unit with 100% fan health, ready to mine Zcash. Coins: ZEC / ZEN / KMD. Model: Bitmain Antminer Z15 420 KSol/s Zcash Miner. Source: Verified partner inventory. Cooling: Air cooling. Voltage: 200-240V. Hashrate: 420 KSol/s. Warranty: 180-day service window. Algorithm: Equihash — in stock now at Bitcoin Mining Depot and shipped worldwide from our Hong Kong facility. This listing is a cheaper route into Equihash hashrate than the Z15 Pro, and the exact machine you see in the photos is the machine we ship. Every unit is opened, cleaned, benched under sustained load and logged against its serial number before it is released for dispatch. Performance and specifications: this Bitmain miner runs the Equihash algorithm at 420 KSol/s while drawing about 1510W at the wall, for a rated efficiency of 3.6 J/KSol. It mines ZEC / ZEN / KMD. Efficiency is the number that decides whether a machine survives the next difficulty increase, so compare 3.6 J/KSol against your own electricity rate before ordering — our desk will run the break-even model with you if you send your power cost and pool fee. Infrastructure requirements: plan for a 200-240V supply, strong intake and… Buy the Used Bitmain Antminer Z15 420 KSol/s Zcash Miner – Tested from Bitcoin Mining Depot: verified used stock, crypto checkout, worldwide express delivery and hosting or repair support on request.	https://bitcoinminingdepot.net/products/used-bitmain-antminer-z15-420ksol-tested-zcash-miner	https://qdhcyorsmkzxhepdjugo.supabase.co/storage/v1/object/sign/product-images/used-bitmain-antminer-z15-420ksol-tested-zcash-miner-1.jpg?token=eyJraWQiOiI2YzEzZTkyZS1iNGMzLTQ3OTgtODBhYS1hYzY2YjQxM2E1MzYiLCJhbGciOiJIUzI1NiJ9.eyJ1cmwiOiJwcm9kdWN0LWltYWdlcy91c2VkLWJpdG1haW4tYW50bWluZXItejE1LTQyMGtzb2wtdGVzdGVkLXpjYXNoLW1pbmVyLTEuanBnIiwic2NvcGUiOiJkb3dubG9hZCIsImlhdCI6MTc4ODQ4ODk2MSwiZXhwIjoyMTAzODQ4OTYxfQ.sILUoTw1GnvafuEbCNFX5IsVKoLGuZTWVqFREghCn44		in_stock	1149.00 USD		used	Bitmain	USED-BITMAIN-ANTMINER-Z15-420KSOL-TESTED-ZCASH-MINER	yes	5710	Bitcoin Mining Hardware > ASIC Miners	bitmain-used	420 KSol/s hashrate on Equihash,1510W power draw,3.6 J/KSol energy efficiency,Used unit, bench-tested before dispatch,Ships worldwide from Hong Kong by DHL / FedEx express,30-day functional warranty and in-house repair support,Cooling: Air cooling,Voltage: 200-240V,Coins: ZEC / ZEN / KMD	US:::0.00 USD,CA:::0.00 USD,GB:::0.00 USD,IE:::0.00 USD,DE:::0.00 USD,FR:::0.00 USD,NL:::0.00 USD,BE:::0.00 USD,LU:::0.00 USD,AT:::0.00 USD,CH:::0.00 USD,IT:::0.00 USD,ES:::0.00 USD,PT:::0.00 USD,SE:::0.00 USD,NO:::0.00 USD,DK:::0.00 USD,FI:::0.00 USD,PL:::0.00 USD,CZ:::0.00 USD,SK:::0.00 USD,HU:::0.00 USD,RO:::0.00 USD,GR:::0.00 USD,TR:::0.00 USD,AU:::0.00 USD,NZ:::0.00 USD,JP:::0.00 USD,KR:::0.00 USD,SG:::0.00 USD,MY:::0.00 USD,TH:::0.00 USD,VN:::0.00 USD,PH:::0.00 USD,ID:::0.00 USD,IN:::0.00 USD,HK:::0.00 USD,TW:::0.00 USD,AE:::0.00 USD,SA:::0.00 USD,QA:::0.00 USD,KW:::0.00 USD,BH:::0.00 USD,OM:::0.00 USD,IL:::0.00 USD,ZA:::0.00 USD,NG:::0.00 USD,KE:::0.00 USD,EG:::0.00 USD,MA:::0.00 USD,BR:::0.00 USD,AR:::0.00 USD,CL:::0.00 USD,CO:::0.00 USD,MX:::0.00 USD,PE:::0.00 USD,UY:::0.00 USD,RU:::0.00 USD,UA:::0.00 USD,KZ:::0.00 USD,GE:::0.00 USD,PK:::0.00 USD,BD:::0.00 USD,LK:::0.00 USD,NP:::0.00 USD,CN:::0.00 USD	15 kg	used	Equihash	500-1500	Bitmain	Air cooling
ar1902	Bitmain AR1902 Bitcoin Miner Heat Recovery Rack 1172T32kW I 4 S19 XP+ Hyd. and Rack I 80℃ Heating Capacity	Factory-new AR1902 Bitmain mining infrastructure. 1172T32kW I 4 S19 XP+ Hyd. and Rack I 80℃ Heating Capacity. Shipped worldwide from Hong Kong with full customs paperwork, warranty and crypto or bank Brand: Bitmain. Model: AR1902. Network: Ethernet RJ45. Voltage: 200-240V AC. Warranty: Manufacturer warranty + Bitcoin Mining Depot repair support. Condition: New - factory sealed. Ships From: Causeway Bay, Hong Kong. Configuration: 1172T32kW I 4 S19 XP+ Hyd. and Rack I 80℃ Heating Capacity AR1902 - factory-new Bitmain mining infrastructure in stock at Bitcoin Mining Depot, shipped worldwide from our Causeway Bay, Hong Kong facility. Configuration: 1172T32kW I 4 S19 XP+ Hyd. and Rack I 80℃ Heating Capacity. This unit belongs to Bitmain's industrial deployment line and is designed to sit behind a large ASIC fleet rather than beside a single miner. Buying it from Hong Kong puts you next to the factory and to the freight capacity that moves heavy electrical equipment, which is why landed cost and lead time are usually better than ordering the same equipment through a domestic reseller. We supply the full commercial invoice pack, HS classification and packing list with every shipment, so your customs broker in the USA, Canada, Europe, Australia or anywhere else we deliver can clear it without delay. Duty, VAT and freight are itemised in your quote before you pay, so there is… Buy the AR1902 Bitcoin Miner Heat Recovery Rack from Bitcoin Mining Depot: verified new stock, crypto checkout, worldwide express delivery and hosting or repair support on request.	https://bitcoinminingdepot.net/products/ar1902	https://assets-www.bitmain.com.cn/shop-image-storage-s3/product/2025/11/27/18/0febdb35-3c24-4796-8d41-d40541085c2c.png	https://assets-www.bitmain.com.cn/shop-image-storage-s3/product/2025/11/27/18/a12dd314-9ec8-4071-a636-da651e88378b.png,https://assets-www.bitmain.com.cn/shop-image-storage-s3/product/2025/11/27/18/311549f7-dfcb-4ae5-979d-dc24629ea362.png	in_stock	11804.00 USD		new	Bitmain	AR1902	yes	5710	Bitcoin Mining Hardware > Hosting Solutions	bitmain-new	1172T32kW I 4 S19 XP+ Hyd. and Rack I 80℃ Heating Capacity hashrate on -,- power draw,- energy efficiency,New unit, bench-tested before dispatch,Ships worldwide from Hong Kong by DHL / FedEx express,30-day functional warranty and in-house repair support,Voltage: 200-240V AC	US:::0.00 USD,CA:::0.00 USD,GB:::0.00 USD,IE:::0.00 USD,DE:::0.00 USD,FR:::0.00 USD,NL:::0.00 USD,BE:::0.00 USD,LU:::0.00 USD,AT:::0.00 USD,CH:::0.00 USD,IT:::0.00 USD,ES:::0.00 USD,PT:::0.00 USD,SE:::0.00 USD,NO:::0.00 USD,DK:::0.00 USD,FI:::0.00 USD,PL:::0.00 USD,CZ:::0.00 USD,SK:::0.00 USD,HU:::0.00 USD,RO:::0.00 USD,GR:::0.00 USD,TR:::0.00 USD,AU:::0.00 USD,NZ:::0.00 USD,JP:::0.00 USD,KR:::0.00 USD,SG:::0.00 USD,MY:::0.00 USD,TH:::0.00 USD,VN:::0.00 USD,PH:::0.00 USD,ID:::0.00 USD,IN:::0.00 USD,HK:::0.00 USD,TW:::0.00 USD,AE:::0.00 USD,SA:::0.00 USD,QA:::0.00 USD,KW:::0.00 USD,BH:::0.00 USD,OM:::0.00 USD,IL:::0.00 USD,ZA:::0.00 USD,NG:::0.00 USD,KE:::0.00 USD,EG:::0.00 USD,MA:::0.00 USD,BR:::0.00 USD,AR:::0.00 USD,CL:::0.00 USD,CO:::0.00 USD,MX:::0.00 USD,PE:::0.00 USD,UY:::0.00 USD,RU:::0.00 USD,UA:::0.00 USD,KZ:::0.00 USD,GE:::0.00 USD,PK:::0.00 USD,BD:::0.00 USD,LK:::0.00 USD,NP:::0.00 USD,CN:::0.00 USD	15 kg	new	-	10000-plus	Bitmain	air-cooled
bitmain-antminer-u2l9h-27-gh-s	Bitmain Antminer U2L9H 27 Gh/s LTC Miner	27 Gh/s Scrypt miner at 210 J/Gh and 5670W. New Bitmain stock, bench-tested, warranty, worldwide shipping from Hong Kong. Brand: Bitmain. Model: Bitmain Antminer U2L9H. Cooling: Hydro / water cooling. Network: Ethernet RJ45. Voltage: 200-240V AC. Hashrate: 27 Gh/s. Warranty: Manufacturer warranty + Bitcoin Mining Depot repair support. Algorithm: Scrypt - genuine Bitmain hardware in stock at Bitcoin Mining Depot and shipped worldwide from our Causeway Bay, Hong Kong warehouse. Every unit is bench-powered, hashrate-verified against factory specification and thermally checked before it is packed, so the machine that arrives is exactly the machine you paid for. Performance and specifications: the Bitmain Antminer U2L9H runs the Scrypt algorithm at 27 Gh/s while drawing approximately 5670W at the wall, giving a rated efficiency of 210 J/Gh. It is a hydro (water-cooled) machine and mines Litecoin, Dogecoin, Bellscoin, Junkcoin, LuckyCoin and Pepecoin. Efficiency - joules per unit of hashrate - is the number that decides whether a miner survives a difficulty increase, so compare 210 J/Gh against your electricity price before you commit capital. Profitability and ROI: model it the honest way. Take daily revenue at current network difficulty… Buy the Bitmain Antminer U2L9H 27 Gh/s LTC Miner from Bitcoin Mining Depot: verified new stock, crypto checkout, worldwide express delivery and hosting or repair support on request.	https://bitcoinminingdepot.net/products/bitmain-antminer-u2l9h-27-gh-s	https://assets-www.bitmain.com.cn/shop-image-storage-s3/product/2025/09/18/16/35124b9d-b9da-4c37-b920-07fda2de7deb.png	https://assets-www.bitmain.com.cn/shop-image-storage-s3/product/2025/09/18/16/f2d8ea3f-ce9b-4a0e-af52-0c91ea1e0785.png,https://assets-www.bitmain.com.cn/shop-image-storage-s3/product/2025/09/18/16/5eda8ad3-7026-47e3-b47a-e6c37088d2bb.png	in_stock	5670.00 USD		new	Bitmain	BITMAIN-ANTMINER-U2L9H-27-GH-S	yes	5710	Bitcoin Mining Hardware > ASIC Miners	bitmain-new	27 Gh/s hashrate on Scrypt,5670W power draw,210 J/Gh energy efficiency,New unit, bench-tested before dispatch,Ships worldwide from Hong Kong by DHL / FedEx express,30-day functional warranty and in-house repair support,Cooling: Hydro / water cooling,Voltage: 200-240V AC	US:::0.00 USD,CA:::0.00 USD,GB:::0.00 USD,IE:::0.00 USD,DE:::0.00 USD,FR:::0.00 USD,NL:::0.00 USD,BE:::0.00 USD,LU:::0.00 USD,AT:::0.00 USD,CH:::0.00 USD,IT:::0.00 USD,ES:::0.00 USD,PT:::0.00 USD,SE:::0.00 USD,NO:::0.00 USD,DK:::0.00 USD,FI:::0.00 USD,PL:::0.00 USD,CZ:::0.00 USD,SK:::0.00 USD,HU:::0.00 USD,RO:::0.00 USD,GR:::0.00 USD,TR:::0.00 USD,AU:::0.00 USD,NZ:::0.00 USD,JP:::0.00 USD,KR:::0.00 USD,SG:::0.00 USD,MY:::0.00 USD,TH:::0.00 USD,VN:::0.00 USD,PH:::0.00 USD,ID:::0.00 USD,IN:::0.00 USD,HK:::0.00 USD,TW:::0.00 USD,AE:::0.00 USD,SA:::0.00 USD,QA:::0.00 USD,KW:::0.00 USD,BH:::0.00 USD,OM:::0.00 USD,IL:::0.00 USD,ZA:::0.00 USD,NG:::0.00 USD,KE:::0.00 USD,EG:::0.00 USD,MA:::0.00 USD,BR:::0.00 USD,AR:::0.00 USD,CL:::0.00 USD,CO:::0.00 USD,MX:::0.00 USD,PE:::0.00 USD,UY:::0.00 USD,RU:::0.00 USD,UA:::0.00 USD,KZ:::0.00 USD,GE:::0.00 USD,PK:::0.00 USD,BD:::0.00 USD,LK:::0.00 USD,NP:::0.00 USD,CN:::0.00 USD	15 kg	new	Scrypt	4000-10000	Bitmain	Hydro / water cooling
antspace-hw7	Bitmain ANTSPACE HW7 1Set2000kW242 2U-type (S23e U2H) miners or 396 T-type miners	Factory-new ANTSPACE HW7 Bitmain mining infrastructure. 1Set2000kW242 2U-type (S23e U2H) miners or 396 T-type miners. Shipped worldwide from Hong Kong with full customs paperwork, warranty and crypto Brand: Bitmain. Model: ANTSPACE HW7. Network: Ethernet RJ45. Voltage: 200-240V AC. Warranty: Manufacturer warranty + Bitcoin Mining Depot repair support. Condition: New - factory sealed. Ships From: Causeway Bay, Hong Kong. Configuration: 1Set2000kW242 2U-type (S23e U2H) miners or 396 T-type miners - factory-new Bitmain mining infrastructure in stock at Bitcoin Mining Depot, shipped worldwide from our Causeway Bay, Hong Kong facility. Configuration: 1Set2000kW242 2U-type (S23e U2H) miners or 396 T-type miners. This unit belongs to Bitmain's industrial deployment line and is designed to sit behind a large ASIC fleet rather than beside a single miner. Buying it from Hong Kong puts you next to the factory and to the freight capacity that moves heavy electrical equipment, which is why landed cost and lead time are usually better than ordering the same equipment through a domestic reseller. We supply the full commercial invoice pack, HS classification and packing list with every shipment, so your customs broker in the USA, Canada, Europe, Australia or anywhere else we deliver can clear it without delay. Duty, VAT and freight are itemised in your quote before you pay, so there is no… Buy the ANTSPACE HW7 from Bitcoin Mining Depot: verified new stock, crypto checkout, worldwide express delivery and hosting or repair support on request.	https://bitcoinminingdepot.net/products/antspace-hw7	https://assets-www.bitmain.com.cn/shop-image-storage-s3/product/2026/08/03/18/e6aab67b-afe5-4ee9-a9e7-7b2cc1d90539.png	https://assets-www.bitmain.com.cn/shop-image-storage-s3/product/2026/08/03/19/06014ed1-a806-43f0-9c10-7a0cee79362b.png,https://assets-www.bitmain.com.cn/shop-image-storage-s3/product/2026/08/03/18/e4cc940b-d7fa-4f10-ad91-76e9a09bfb36.png	in_stock	169000.00 USD		new	Bitmain	ANTSPACE-HW7	yes	5710	Bitcoin Mining Hardware > Hosting Solutions	bitmain-new	1Set2000kW242 2U-type (S23e U2H) miners or 396 T-type miners hashrate on -,- power draw,- energy efficiency,New unit, bench-tested before dispatch,Ships worldwide from Hong Kong by DHL / FedEx express,30-day functional warranty and in-house repair support,Voltage: 200-240V AC	US:::0.00 USD,CA:::0.00 USD,GB:::0.00 USD,IE:::0.00 USD,DE:::0.00 USD,FR:::0.00 USD,NL:::0.00 USD,BE:::0.00 USD,LU:::0.00 USD,AT:::0.00 USD,CH:::0.00 USD,IT:::0.00 USD,ES:::0.00 USD,PT:::0.00 USD,SE:::0.00 USD,NO:::0.00 USD,DK:::0.00 USD,FI:::0.00 USD,PL:::0.00 USD,CZ:::0.00 USD,SK:::0.00 USD,HU:::0.00 USD,RO:::0.00 USD,GR:::0.00 USD,TR:::0.00 USD,AU:::0.00 USD,NZ:::0.00 USD,JP:::0.00 USD,KR:::0.00 USD,SG:::0.00 USD,MY:::0.00 USD,TH:::0.00 USD,VN:::0.00 USD,PH:::0.00 USD,ID:::0.00 USD,IN:::0.00 USD,HK:::0.00 USD,TW:::0.00 USD,AE:::0.00 USD,SA:::0.00 USD,QA:::0.00 USD,KW:::0.00 USD,BH:::0.00 USD,OM:::0.00 USD,IL:::0.00 USD,ZA:::0.00 USD,NG:::0.00 USD,KE:::0.00 USD,EG:::0.00 USD,MA:::0.00 USD,BR:::0.00 USD,AR:::0.00 USD,CL:::0.00 USD,CO:::0.00 USD,MX:::0.00 USD,PE:::0.00 USD,UY:::0.00 USD,RU:::0.00 USD,UA:::0.00 USD,KZ:::0.00 USD,GE:::0.00 USD,PK:::0.00 USD,BD:::0.00 USD,LK:::0.00 USD,NP:::0.00 USD,CN:::0.00 USD	15 kg	new	-	10000-plus	Bitmain	air-cooled
ar1901	Bitmain AR1901 Bitcoin Miner Heat Recovery Rack 1172T24kW I 4 S19 XP+ Hyd. and Rack I 50℃ Heating Capacity	Factory-new AR1901 Bitmain mining infrastructure. 1172T24kW I 4 S19 XP+ Hyd. and Rack I 50℃ Heating Capacity. Shipped worldwide from Hong Kong with full customs paperwork, warranty and crypto or bank Brand: Bitmain. Model: AR1901. Network: Ethernet RJ45. Voltage: 200-240V AC. Warranty: Manufacturer warranty + Bitcoin Mining Depot repair support. Condition: New - factory sealed. Ships From: Causeway Bay, Hong Kong. Configuration: 1172T24kW I 4 S19 XP+ Hyd. and Rack I 50℃ Heating Capacity AR1901 - factory-new Bitmain mining infrastructure in stock at Bitcoin Mining Depot, shipped worldwide from our Causeway Bay, Hong Kong facility. Configuration: 1172T24kW I 4 S19 XP+ Hyd. and Rack I 50℃ Heating Capacity. This unit belongs to Bitmain's industrial deployment line and is designed to sit behind a large ASIC fleet rather than beside a single miner. Buying it from Hong Kong puts you next to the factory and to the freight capacity that moves heavy electrical equipment, which is why landed cost and lead time are usually better than ordering the same equipment through a domestic reseller. We supply the full commercial invoice pack, HS classification and packing list with every shipment, so your customs broker in the USA, Canada, Europe, Australia or anywhere else we deliver can clear it without delay. Duty, VAT and freight are itemised in your quote before you pay, so there is… Buy the AR1901 Bitcoin Miner Heat Recovery Rack from Bitcoin Mining Depot: verified new stock, crypto checkout, worldwide express delivery and hosting or repair support on request.	https://bitcoinminingdepot.net/products/ar1901	https://assets-www.bitmain.com.cn/shop-image-storage-s3/product/2026/03/10/10/4e2b4ab7-cc47-43e5-bb9c-48e3c23fc77e.jpg	https://assets-www.bitmain.com.cn/shop-image-storage-s3/product/2026/03/11/12/d5096b83-6212-4ad2-be3b-d1abd82afd7e.jpg,https://assets-www.bitmain.com.cn/shop-image-storage-s3/product/2026/03/11/12/a62d9658-331b-49f8-a96f-44f85614979a.jpg	in_stock	6204.00 USD		new	Bitmain	AR1901	yes	5710	Bitcoin Mining Hardware > Hosting Solutions	bitmain-new	1172T24kW I 4 S19 XP+ Hyd. and Rack I 50℃ Heating Capacity hashrate on -,- power draw,- energy efficiency,New unit, bench-tested before dispatch,Ships worldwide from Hong Kong by DHL / FedEx express,30-day functional warranty and in-house repair support,Voltage: 200-240V AC	US:::0.00 USD,CA:::0.00 USD,GB:::0.00 USD,IE:::0.00 USD,DE:::0.00 USD,FR:::0.00 USD,NL:::0.00 USD,BE:::0.00 USD,LU:::0.00 USD,AT:::0.00 USD,CH:::0.00 USD,IT:::0.00 USD,ES:::0.00 USD,PT:::0.00 USD,SE:::0.00 USD,NO:::0.00 USD,DK:::0.00 USD,FI:::0.00 USD,PL:::0.00 USD,CZ:::0.00 USD,SK:::0.00 USD,HU:::0.00 USD,RO:::0.00 USD,GR:::0.00 USD,TR:::0.00 USD,AU:::0.00 USD,NZ:::0.00 USD,JP:::0.00 USD,KR:::0.00 USD,SG:::0.00 USD,MY:::0.00 USD,TH:::0.00 USD,VN:::0.00 USD,PH:::0.00 USD,ID:::0.00 USD,IN:::0.00 USD,HK:::0.00 USD,TW:::0.00 USD,AE:::0.00 USD,SA:::0.00 USD,QA:::0.00 USD,KW:::0.00 USD,BH:::0.00 USD,OM:::0.00 USD,IL:::0.00 USD,ZA:::0.00 USD,NG:::0.00 USD,KE:::0.00 USD,EG:::0.00 USD,MA:::0.00 USD,BR:::0.00 USD,AR:::0.00 USD,CL:::0.00 USD,CO:::0.00 USD,MX:::0.00 USD,PE:::0.00 USD,UY:::0.00 USD,RU:::0.00 USD,UA:::0.00 USD,KZ:::0.00 USD,GE:::0.00 USD,PK:::0.00 USD,BD:::0.00 USD,LK:::0.00 USD,NP:::0.00 USD,CN:::0.00 USD	15 kg	new	-	4000-10000	Bitmain	air-cooled
bitmain-antminer-s21-200-th-s	Bitmain Antminer S21 200 Th/s Bitcoin Miner	200 Th/s SHA-256 (Bitcoin) miner at 17.5 J/Th and 3500W. New Bitmain stock, bench-tested, warranty, worldwide shipping from Hong Kong. Brand: Bitmain. Model: Bitmain Antminer S21. Cooling: Air cooling. Network: Ethernet RJ45. Voltage: 200-240V AC. Hashrate: 200 Th/s. Warranty: Manufacturer warranty + Bitcoin Mining Depot repair support. Algorithm: SHA-256 (Bitcoin) - genuine Bitmain hardware in stock at Bitcoin Mining Depot and shipped worldwide from our Causeway Bay, Hong Kong warehouse. Every unit is bench-powered, hashrate-verified against factory specification and thermally checked before it is packed, so the machine that arrives is exactly the machine you paid for. Performance and specifications: the Bitmain Antminer S21 runs the SHA-256 (Bitcoin) algorithm at 200 Th/s while drawing approximately 3500W at the wall, giving a rated efficiency of 17.5 J/Th. It is an air-cooled machine and mines Bitcoin (BTC), Bitcoin Cash (BCH) and Bitcoin SV (BSV). Efficiency - joules per unit of hashrate - is the number that decides whether a miner survives a difficulty increase, so compare 17.5 J/Th against your electricity price before you commit capital. Profitability and ROI: model it the honest way. Take daily revenue at current network difficulty… Buy the Bitmain Antminer S21 200 Th/s Bitcoin Miner from Bitcoin Mining Depot: verified new stock, crypto checkout, worldwide express delivery and hosting or repair support on request.	https://bitcoinminingdepot.net/products/bitmain-antminer-s21-200-th-s	https://assets-www.bitmain.com.cn/shop-image-storage-s3/product/2023/09/27/14/c9685fac-d3b9-478c-9922-6c390f45bd5f.jpg	https://assets-www.bitmain.com.cn/shop-image-storage-s3/product/2023/09/27/14/c846c7ed-8220-48b6-9af2-39d131795854.jpg,https://assets-www.bitmain.com.cn/shop-image-storage-s3/product/2023/09/27/14/16969a9d-0637-43f3-a17b-0a68a122bd1e.jpg	in_stock	5400.00 USD		new	Bitmain	BITMAIN-ANTMINER-S21-200-TH-S	yes	5710	Bitcoin Mining Hardware > Bitcoin Mining Machines	bitmain-new	200 Th/s hashrate on SHA-256 (Bitcoin),3500W power draw,17.5 J/Th energy efficiency,New unit, bench-tested before dispatch,Ships worldwide from Hong Kong by DHL / FedEx express,30-day functional warranty and in-house repair support,Cooling: Air cooling,Voltage: 200-240V AC	US:::0.00 USD,CA:::0.00 USD,GB:::0.00 USD,IE:::0.00 USD,DE:::0.00 USD,FR:::0.00 USD,NL:::0.00 USD,BE:::0.00 USD,LU:::0.00 USD,AT:::0.00 USD,CH:::0.00 USD,IT:::0.00 USD,ES:::0.00 USD,PT:::0.00 USD,SE:::0.00 USD,NO:::0.00 USD,DK:::0.00 USD,FI:::0.00 USD,PL:::0.00 USD,CZ:::0.00 USD,SK:::0.00 USD,HU:::0.00 USD,RO:::0.00 USD,GR:::0.00 USD,TR:::0.00 USD,AU:::0.00 USD,NZ:::0.00 USD,JP:::0.00 USD,KR:::0.00 USD,SG:::0.00 USD,MY:::0.00 USD,TH:::0.00 USD,VN:::0.00 USD,PH:::0.00 USD,ID:::0.00 USD,IN:::0.00 USD,HK:::0.00 USD,TW:::0.00 USD,AE:::0.00 USD,SA:::0.00 USD,QA:::0.00 USD,KW:::0.00 USD,BH:::0.00 USD,OM:::0.00 USD,IL:::0.00 USD,ZA:::0.00 USD,NG:::0.00 USD,KE:::0.00 USD,EG:::0.00 USD,MA:::0.00 USD,BR:::0.00 USD,AR:::0.00 USD,CL:::0.00 USD,CO:::0.00 USD,MX:::0.00 USD,PE:::0.00 USD,UY:::0.00 USD,RU:::0.00 USD,UA:::0.00 USD,KZ:::0.00 USD,GE:::0.00 USD,PK:::0.00 USD,BD:::0.00 USD,LK:::0.00 USD,NP:::0.00 USD,CN:::0.00 USD	15 kg	new	SHA-256 (Bitcoin)	4000-10000	Bitmain	Air cooling
afc01-tf-12	Bitmain AFC01-TF（12）	Factory-new AFC01-TF（12） Bitmain mining infrastructure. -. Shipped worldwide from Hong Kong with full customs paperwork, warranty and crypto or bank payment. Brand: Bitmain. Model: AFC01-TF（12）. Network: Ethernet RJ45. Voltage: 200-240V AC. Warranty: Manufacturer warranty + Bitcoin Mining Depot repair support. Condition: New - factory sealed. Ships From: Causeway Bay, Hong Kong. Configuration: - - factory-new Bitmain mining infrastructure in stock at Bitcoin Mining Depot, shipped worldwide from our Causeway Bay, Hong Kong facility. Configuration: -. This unit belongs to Bitmain's industrial deployment line and is designed to sit behind a large ASIC fleet rather than beside a single miner. Buying it from Hong Kong puts you next to the factory and to the freight capacity that moves heavy electrical equipment, which is why landed cost and lead time are usually better than ordering the same equipment through a domestic reseller. We supply the full commercial invoice pack, HS classification and packing list with every shipment, so your customs broker in the USA, Canada, Europe, Australia or anywhere else we deliver can clear it without delay. Duty, VAT and freight are itemised in your quote before you pay, so there is no surprise shipping charge after the fact. Our engineering desk… Buy the AFC01-TF（12） from Bitcoin Mining Depot: verified new stock, crypto checkout, worldwide express delivery and hosting or repair support on request.	https://bitcoinminingdepot.net/products/afc01-tf-12	https://assets-www.bitmain.com.cn/shop-image-storage-s3/product/2024/03/22/15/29df6ece-d865-4d38-b7f2-7158dcaf6200.png		in_stock	20000.00 USD		new	Bitmain	AFC01-TF-12	yes	5710	Bitcoin Mining Hardware > Mining Accessories	bitmain-new	- hashrate on -,- power draw,- energy efficiency,New unit, bench-tested before dispatch,Ships worldwide from Hong Kong by DHL / FedEx express,30-day functional warranty and in-house repair support,Voltage: 200-240V AC	US:::0.00 USD,CA:::0.00 USD,GB:::0.00 USD,IE:::0.00 USD,DE:::0.00 USD,FR:::0.00 USD,NL:::0.00 USD,BE:::0.00 USD,LU:::0.00 USD,AT:::0.00 USD,CH:::0.00 USD,IT:::0.00 USD,ES:::0.00 USD,PT:::0.00 USD,SE:::0.00 USD,NO:::0.00 USD,DK:::0.00 USD,FI:::0.00 USD,PL:::0.00 USD,CZ:::0.00 USD,SK:::0.00 USD,HU:::0.00 USD,RO:::0.00 USD,GR:::0.00 USD,TR:::0.00 USD,AU:::0.00 USD,NZ:::0.00 USD,JP:::0.00 USD,KR:::0.00 USD,SG:::0.00 USD,MY:::0.00 USD,TH:::0.00 USD,VN:::0.00 USD,PH:::0.00 USD,ID:::0.00 USD,IN:::0.00 USD,HK:::0.00 USD,TW:::0.00 USD,AE:::0.00 USD,SA:::0.00 USD,QA:::0.00 USD,KW:::0.00 USD,BH:::0.00 USD,OM:::0.00 USD,IL:::0.00 USD,ZA:::0.00 USD,NG:::0.00 USD,KE:::0.00 USD,EG:::0.00 USD,MA:::0.00 USD,BR:::0.00 USD,AR:::0.00 USD,CL:::0.00 USD,CO:::0.00 USD,MX:::0.00 USD,PE:::0.00 USD,UY:::0.00 USD,RU:::0.00 USD,UA:::0.00 USD,KZ:::0.00 USD,GE:::0.00 USD,PK:::0.00 USD,BD:::0.00 USD,LK:::0.00 USD,NP:::0.00 USD,CN:::0.00 USD	15 kg	new	-	10000-plus	Bitmain	air-cooled
bitmain-antminer-e9-pro-3680-mh-s	Bitmain Antminer E9 Pro 3680 Mh/s ETC Miner	3680 Mh/s Ethash miner at 0.6 J/Mh and 2200W. New Bitmain stock, bench-tested, warranty, worldwide shipping from Hong Kong. Brand: Bitmain. Model: Bitmain Antminer E9 Pro. Cooling: Air cooling. Network: Ethernet RJ45. Voltage: 200-240V AC. Hashrate: 3680 Mh/s. Warranty: Manufacturer warranty + Bitcoin Mining Depot repair support. Algorithm: Ethash - genuine Bitmain hardware in stock at Bitcoin Mining Depot and shipped worldwide from our Causeway Bay, Hong Kong warehouse. Every unit is bench-powered, hashrate-verified against factory specification and thermally checked before it is packed, so the machine that arrives is exactly the machine you paid for. Performance and specifications: the Bitmain Antminer E9 Pro runs the Ethash algorithm at 3680 Mh/s while drawing approximately 2200W at the wall, giving a rated efficiency of 0.6 J/Mh. It is an air-cooled machine and mines Ethereum Classic. Efficiency - joules per unit of hashrate - is the number that decides whether a miner survives a difficulty increase, so compare 0.6 J/Mh against your electricity price before you commit capital. Profitability and ROI: model it the honest way. Take daily revenue at current network difficulty, subtract (2200 / 1,000 x 24 x your kWh rate), then… Buy the Bitmain Antminer E9 Pro 3680 Mh/s ETC Miner from Bitcoin Mining Depot: verified new stock, crypto checkout, worldwide express delivery and hosting or repair support on request.	https://bitcoinminingdepot.net/products/bitmain-antminer-e9-pro-3680-mh-s	https://assets-www.bitmain.com.cn/shop-image-storage-s3/product/2023/02/02/14/b137db35-de3a-49ee-b33a-92292be618a8.jpg	https://assets-www.bitmain.com.cn/shop-image-storage-s3/product/2023/02/02/14/f236b0ef-c354-4d59-9552-bab9043af93b.jpg,https://assets-www.bitmain.com.cn/shop-image-storage-s3/product/2023/02/02/14/e036de8f-65d3-4d3a-a1ba-3fa3f9c69e6f.jpg	in_stock	2699.00 USD		new	Bitmain	BITMAIN-ANTMINER-E9-PRO-3680-MH-S	yes	5710	Bitcoin Mining Hardware > ASIC Miners	bitmain-new	3680 Mh/s hashrate on Ethash,2200W power draw,0.6 J/Mh energy efficiency,New unit, bench-tested before dispatch,Ships worldwide from Hong Kong by DHL / FedEx express,30-day functional warranty and in-house repair support,Cooling: Air cooling,Voltage: 200-240V AC	US:::0.00 USD,CA:::0.00 USD,GB:::0.00 USD,IE:::0.00 USD,DE:::0.00 USD,FR:::0.00 USD,NL:::0.00 USD,BE:::0.00 USD,LU:::0.00 USD,AT:::0.00 USD,CH:::0.00 USD,IT:::0.00 USD,ES:::0.00 USD,PT:::0.00 USD,SE:::0.00 USD,NO:::0.00 USD,DK:::0.00 USD,FI:::0.00 USD,PL:::0.00 USD,CZ:::0.00 USD,SK:::0.00 USD,HU:::0.00 USD,RO:::0.00 USD,GR:::0.00 USD,TR:::0.00 USD,AU:::0.00 USD,NZ:::0.00 USD,JP:::0.00 USD,KR:::0.00 USD,SG:::0.00 USD,MY:::0.00 USD,TH:::0.00 USD,VN:::0.00 USD,PH:::0.00 USD,ID:::0.00 USD,IN:::0.00 USD,HK:::0.00 USD,TW:::0.00 USD,AE:::0.00 USD,SA:::0.00 USD,QA:::0.00 USD,KW:::0.00 USD,BH:::0.00 USD,OM:::0.00 USD,IL:::0.00 USD,ZA:::0.00 USD,NG:::0.00 USD,KE:::0.00 USD,EG:::0.00 USD,MA:::0.00 USD,BR:::0.00 USD,AR:::0.00 USD,CL:::0.00 USD,CO:::0.00 USD,MX:::0.00 USD,PE:::0.00 USD,UY:::0.00 USD,RU:::0.00 USD,UA:::0.00 USD,KZ:::0.00 USD,GE:::0.00 USD,PK:::0.00 USD,BD:::0.00 USD,LK:::0.00 USD,NP:::0.00 USD,CN:::0.00 USD	15 kg	new	Ethash	1500-4000	Bitmain	Air cooling
bitmain-antminer-ks5-20-th-s	Bitmain Antminer KS5 20 Th/s KAS Miner	20 Th/s kHeavyHash miner at 150 J/Th and 3000W. New Bitmain stock, bench-tested, warranty, worldwide shipping from Hong Kong. Brand: Bitmain. Model: Bitmain Antminer KS5. Cooling: Air cooling. Network: Ethernet RJ45. Voltage: 200-240V AC. Hashrate: 20 Th/s. Warranty: Manufacturer warranty + Bitcoin Mining Depot repair support. Algorithm: kHeavyHash - genuine Bitmain hardware in stock at Bitcoin Mining Depot and shipped worldwide from our Causeway Bay, Hong Kong warehouse. Every unit is bench-powered, hashrate-verified against factory specification and thermally checked before it is packed, so the machine that arrives is exactly the machine you paid for. Performance and specifications: the Bitmain Antminer KS5 runs the kHeavyHash algorithm at 20 Th/s while drawing approximately 3000W at the wall, giving a rated efficiency of 150 J/Th. It is an air-cooled machine and mines Kaspa. Efficiency - joules per unit of hashrate - is the number that decides whether a miner survives a difficulty increase, so compare 150 J/Th against your electricity price before you commit capital. Profitability and ROI: model it the honest way. Take daily revenue at current network difficulty, subtract (3000 / 1,000 x 24 x your kWh rate), then divide the… Buy the Bitmain Antminer KS5 20 Th/s KAS Miner from Bitcoin Mining Depot: verified new stock, crypto checkout, worldwide express delivery and hosting or repair support on request.	https://bitcoinminingdepot.net/products/bitmain-antminer-ks5-20-th-s	https://assets-www.bitmain.com.cn/shop-image-storage-s3/product/2024/02/25/17/61df2718-38bc-47bc-8e42-ad1f30691558.jpg	https://assets-www.bitmain.com.cn/shop-image-storage-s3/product/2024/02/25/17/f8ff2c3d-10e8-4b8f-b161-508ad553fc18.jpg,https://assets-www.bitmain.com.cn/shop-image-storage-s3/product/2023/11/08/10/6b23716f-d65b-4e61-b4c2-3c68cf90b455.jpg	in_stock	2829.00 USD		new	Bitmain	BITMAIN-ANTMINER-KS5-20-TH-S	yes	5710	Bitcoin Mining Hardware > ASIC Miners	bitmain-new	20 Th/s hashrate on kHeavyHash,3000W power draw,150 J/Th energy efficiency,New unit, bench-tested before dispatch,Ships worldwide from Hong Kong by DHL / FedEx express,30-day functional warranty and in-house repair support,Cooling: Air cooling,Voltage: 200-240V AC	US:::0.00 USD,CA:::0.00 USD,GB:::0.00 USD,IE:::0.00 USD,DE:::0.00 USD,FR:::0.00 USD,NL:::0.00 USD,BE:::0.00 USD,LU:::0.00 USD,AT:::0.00 USD,CH:::0.00 USD,IT:::0.00 USD,ES:::0.00 USD,PT:::0.00 USD,SE:::0.00 USD,NO:::0.00 USD,DK:::0.00 USD,FI:::0.00 USD,PL:::0.00 USD,CZ:::0.00 USD,SK:::0.00 USD,HU:::0.00 USD,RO:::0.00 USD,GR:::0.00 USD,TR:::0.00 USD,AU:::0.00 USD,NZ:::0.00 USD,JP:::0.00 USD,KR:::0.00 USD,SG:::0.00 USD,MY:::0.00 USD,TH:::0.00 USD,VN:::0.00 USD,PH:::0.00 USD,ID:::0.00 USD,IN:::0.00 USD,HK:::0.00 USD,TW:::0.00 USD,AE:::0.00 USD,SA:::0.00 USD,QA:::0.00 USD,KW:::0.00 USD,BH:::0.00 USD,OM:::0.00 USD,IL:::0.00 USD,ZA:::0.00 USD,NG:::0.00 USD,KE:::0.00 USD,EG:::0.00 USD,MA:::0.00 USD,BR:::0.00 USD,AR:::0.00 USD,CL:::0.00 USD,CO:::0.00 USD,MX:::0.00 USD,PE:::0.00 USD,UY:::0.00 USD,RU:::0.00 USD,UA:::0.00 USD,KZ:::0.00 USD,GE:::0.00 USD,PK:::0.00 USD,BD:::0.00 USD,LK:::0.00 USD,NP:::0.00 USD,CN:::0.00 USD	15 kg	new	kHeavyHash	1500-4000	Bitmain	Air cooling
bitmain-antminer-al1-16-6-th-s	Bitmain Antminer AL1 16.6 Th/s ALPH Miner	16.6 Th/s Blake3 miner at 225 J/Th and 3730W. New Bitmain stock, bench-tested, warranty, worldwide shipping from Hong Kong. Brand: Bitmain. Model: Bitmain Antminer AL1. Cooling: Air cooling. Network: Ethernet RJ45. Voltage: 200-240V AC. Hashrate: 16.6 Th/s. Warranty: Manufacturer warranty + Bitcoin Mining Depot repair support. Algorithm: Blake3 - genuine Bitmain hardware in stock at Bitcoin Mining Depot and shipped worldwide from our Causeway Bay, Hong Kong warehouse. Every unit is bench-powered, hashrate-verified against factory specification and thermally checked before it is packed, so the machine that arrives is exactly the machine you paid for. Performance and specifications: the Bitmain Antminer AL1 runs the Blake3 algorithm at 16.6 Th/s while drawing approximately 3730W at the wall, giving a rated efficiency of 225 J/Th. It is an air-cooled machine and mines Alephium. Efficiency - joules per unit of hashrate - is the number that decides whether a miner survives a difficulty increase, so compare 225 J/Th against your electricity price before you commit capital. Profitability and ROI: model it the honest way. Take daily revenue at current network difficulty, subtract (3730 / 1,000 x 24 x your kWh rate), then divide the… Buy the Bitmain Antminer AL1 16.6 Th/s ALPH Miner from Bitcoin Mining Depot: verified new stock, crypto checkout, worldwide express delivery and hosting or repair support on request.	https://bitcoinminingdepot.net/products/bitmain-antminer-al1-16-6-th-s	https://assets-www.bitmain.com.cn/shop-image-storage-s3/product/2024/07/20/13/3a5f6233-64a5-409d-b6c6-f87dc3333162.jpg	https://assets-www.bitmain.com.cn/shop-image-storage-s3/product/2024/07/20/13/c3d5d16b-df58-4468-8082-3cdbbf1a8a17.jpg,https://assets-www.bitmain.com.cn/shop-image-storage-s3/product/2024/07/23/10/9e6d69bc-de38-4dc3-bc91-a00e4dff628d.jpg	in_stock	14284.00 USD		new	Bitmain	BITMAIN-ANTMINER-AL1-16-6-TH-S	yes	5710	Bitcoin Mining Hardware > ASIC Miners	bitmain-new	16.6 Th/s hashrate on Blake3,3730W power draw,225 J/Th energy efficiency,New unit, bench-tested before dispatch,Ships worldwide from Hong Kong by DHL / FedEx express,30-day functional warranty and in-house repair support,Cooling: Air cooling,Voltage: 200-240V AC	US:::0.00 USD,CA:::0.00 USD,GB:::0.00 USD,IE:::0.00 USD,DE:::0.00 USD,FR:::0.00 USD,NL:::0.00 USD,BE:::0.00 USD,LU:::0.00 USD,AT:::0.00 USD,CH:::0.00 USD,IT:::0.00 USD,ES:::0.00 USD,PT:::0.00 USD,SE:::0.00 USD,NO:::0.00 USD,DK:::0.00 USD,FI:::0.00 USD,PL:::0.00 USD,CZ:::0.00 USD,SK:::0.00 USD,HU:::0.00 USD,RO:::0.00 USD,GR:::0.00 USD,TR:::0.00 USD,AU:::0.00 USD,NZ:::0.00 USD,JP:::0.00 USD,KR:::0.00 USD,SG:::0.00 USD,MY:::0.00 USD,TH:::0.00 USD,VN:::0.00 USD,PH:::0.00 USD,ID:::0.00 USD,IN:::0.00 USD,HK:::0.00 USD,TW:::0.00 USD,AE:::0.00 USD,SA:::0.00 USD,QA:::0.00 USD,KW:::0.00 USD,BH:::0.00 USD,OM:::0.00 USD,IL:::0.00 USD,ZA:::0.00 USD,NG:::0.00 USD,KE:::0.00 USD,EG:::0.00 USD,MA:::0.00 USD,BR:::0.00 USD,AR:::0.00 USD,CL:::0.00 USD,CO:::0.00 USD,MX:::0.00 USD,PE:::0.00 USD,UY:::0.00 USD,RU:::0.00 USD,UA:::0.00 USD,KZ:::0.00 USD,GE:::0.00 USD,PK:::0.00 USD,BD:::0.00 USD,LK:::0.00 USD,NP:::0.00 USD,CN:::0.00 USD	15 kg	new	Blake3	10000-plus	Bitmain	Air cooling
bitmain-antminer-t21-190-th-s	Bitmain Antminer T21 190 Th/s Bitcoin Miner	190 Th/s SHA-256 (Bitcoin) miner at 19 J/Th and 3610W. New Bitmain stock, bench-tested, warranty, worldwide shipping from Hong Kong. Brand: Bitmain. Model: Bitmain Antminer T21. Cooling: Air cooling. Network: Ethernet RJ45. Voltage: 200-240V AC. Hashrate: 190 Th/s. Warranty: Manufacturer warranty + Bitcoin Mining Depot repair support. Algorithm: SHA-256 (Bitcoin) - genuine Bitmain hardware in stock at Bitcoin Mining Depot and shipped worldwide from our Causeway Bay, Hong Kong warehouse. Every unit is bench-powered, hashrate-verified against factory specification and thermally checked before it is packed, so the machine that arrives is exactly the machine you paid for. Performance and specifications: the Bitmain Antminer T21 runs the SHA-256 (Bitcoin) algorithm at 190 Th/s while drawing approximately 3610W at the wall, giving a rated efficiency of 19 J/Th. It is an air-cooled machine and mines Bitcoin (BTC), Bitcoin Cash (BCH) and Bitcoin SV (BSV). Efficiency - joules per unit of hashrate - is the number that decides whether a miner survives a difficulty increase, so compare 19 J/Th against your electricity price before you commit capital. Profitability and ROI: model it the honest way. Take daily revenue at current network difficulty, subtract… Buy the Bitmain Antminer T21 190 Th/s Bitcoin Miner from Bitcoin Mining Depot: verified new stock, crypto checkout, worldwide express delivery and hosting or repair support on request.	https://bitcoinminingdepot.net/products/bitmain-antminer-t21-190-th-s	https://assets-www.bitmain.com.cn/shop-image-storage-s3/product/2024/01/04/10/5620b2c2-0b4b-41f1-9d65-58c3aa5b7e16.jpg	https://assets-www.bitmain.com.cn/shop-image-storage-s3/product/2024/01/04/10/f4e6ef1b-dba5-4808-92f9-5eb9e7d9dfd3.jpg,https://assets-www.bitmain.com.cn/shop-image-storage-s3/product/2024/01/04/10/df7c1b73-4ee5-4038-a6e4-29c40a4e3cca.jpg	in_stock	2356.00 USD		new	Bitmain	BITMAIN-ANTMINER-T21-190-TH-S	yes	5710	Bitcoin Mining Hardware > Bitcoin Mining Machines	bitmain-new	190 Th/s hashrate on SHA-256 (Bitcoin),3610W power draw,19 J/Th energy efficiency,New unit, bench-tested before dispatch,Ships worldwide from Hong Kong by DHL / FedEx express,30-day functional warranty and in-house repair support,Cooling: Air cooling,Voltage: 200-240V AC	US:::0.00 USD,CA:::0.00 USD,GB:::0.00 USD,IE:::0.00 USD,DE:::0.00 USD,FR:::0.00 USD,NL:::0.00 USD,BE:::0.00 USD,LU:::0.00 USD,AT:::0.00 USD,CH:::0.00 USD,IT:::0.00 USD,ES:::0.00 USD,PT:::0.00 USD,SE:::0.00 USD,NO:::0.00 USD,DK:::0.00 USD,FI:::0.00 USD,PL:::0.00 USD,CZ:::0.00 USD,SK:::0.00 USD,HU:::0.00 USD,RO:::0.00 USD,GR:::0.00 USD,TR:::0.00 USD,AU:::0.00 USD,NZ:::0.00 USD,JP:::0.00 USD,KR:::0.00 USD,SG:::0.00 USD,MY:::0.00 USD,TH:::0.00 USD,VN:::0.00 USD,PH:::0.00 USD,ID:::0.00 USD,IN:::0.00 USD,HK:::0.00 USD,TW:::0.00 USD,AE:::0.00 USD,SA:::0.00 USD,QA:::0.00 USD,KW:::0.00 USD,BH:::0.00 USD,OM:::0.00 USD,IL:::0.00 USD,ZA:::0.00 USD,NG:::0.00 USD,KE:::0.00 USD,EG:::0.00 USD,MA:::0.00 USD,BR:::0.00 USD,AR:::0.00 USD,CL:::0.00 USD,CO:::0.00 USD,MX:::0.00 USD,PE:::0.00 USD,UY:::0.00 USD,RU:::0.00 USD,UA:::0.00 USD,KZ:::0.00 USD,GE:::0.00 USD,PK:::0.00 USD,BD:::0.00 USD,LK:::0.00 USD,NP:::0.00 USD,CN:::0.00 USD	15 kg	new	SHA-256 (Bitcoin)	1500-4000	Bitmain	Air cooling
bitmain-antminer-k7-63-5-th-s	Bitmain Antminer K7 63.5 Th/s CKB Miner	63.5 Th/s Eaglesong miner at 48.5 J/Th and 3080W. New Bitmain stock, bench-tested, warranty, worldwide shipping from Hong Kong. Brand: Bitmain. Model: Bitmain Antminer K7. Cooling: Air cooling. Network: Ethernet RJ45. Voltage: 200-240V AC. Hashrate: 63.5 Th/s. Warranty: Manufacturer warranty + Bitcoin Mining Depot repair support. Algorithm: Eaglesong - genuine Bitmain hardware in stock at Bitcoin Mining Depot and shipped worldwide from our Causeway Bay, Hong Kong warehouse. Every unit is bench-powered, hashrate-verified against factory specification and thermally checked before it is packed, so the machine that arrives is exactly the machine you paid for. Performance and specifications: the Bitmain Antminer K7 runs the Eaglesong algorithm at 63.5 Th/s while drawing approximately 3080W at the wall, giving a rated efficiency of 48.5 J/Th. It is an air-cooled machine and mines Nervos CKB. Efficiency - joules per unit of hashrate - is the number that decides whether a miner survives a difficulty increase, so compare 48.5 J/Th against your electricity price before you commit capital. Profitability and ROI: model it the honest way. Take daily revenue at current network difficulty, subtract (3080 / 1,000 x 24 x your kWh rate), then divide… Buy the Bitmain Antminer K7 63.5 Th/s CKB Miner from Bitcoin Mining Depot: verified new stock, crypto checkout, worldwide express delivery and hosting or repair support on request.	https://bitcoinminingdepot.net/products/bitmain-antminer-k7-63-5-th-s	https://assets-www.bitmain.com.cn/shop-image-storage-s3/product/2022/04/03/20/e27fa015-cb0b-475b-944d-cd0fe007d26f.png	https://assets-www.bitmain.com.cn/shop-image-storage-s3/product/2020/03/24/23/aaa53bee-79ae-4cb8-a54a-bff7b37e2e67.png,https://assets-www.bitmain.com.cn/shop-image-storage-s3/product/2020/03/24/23/f172b93c-c371-4cdd-ad04-7911e5d6a763.png	in_stock	3856.00 USD		new	Bitmain	BITMAIN-ANTMINER-K7-63-5-TH-S	yes	5710	Bitcoin Mining Hardware > ASIC Miners	bitmain-new	63.5 Th/s hashrate on Eaglesong,3080W power draw,48.5 J/Th energy efficiency,New unit, bench-tested before dispatch,Ships worldwide from Hong Kong by DHL / FedEx express,30-day functional warranty and in-house repair support,Cooling: Air cooling,Voltage: 200-240V AC	US:::0.00 USD,CA:::0.00 USD,GB:::0.00 USD,IE:::0.00 USD,DE:::0.00 USD,FR:::0.00 USD,NL:::0.00 USD,BE:::0.00 USD,LU:::0.00 USD,AT:::0.00 USD,CH:::0.00 USD,IT:::0.00 USD,ES:::0.00 USD,PT:::0.00 USD,SE:::0.00 USD,NO:::0.00 USD,DK:::0.00 USD,FI:::0.00 USD,PL:::0.00 USD,CZ:::0.00 USD,SK:::0.00 USD,HU:::0.00 USD,RO:::0.00 USD,GR:::0.00 USD,TR:::0.00 USD,AU:::0.00 USD,NZ:::0.00 USD,JP:::0.00 USD,KR:::0.00 USD,SG:::0.00 USD,MY:::0.00 USD,TH:::0.00 USD,VN:::0.00 USD,PH:::0.00 USD,ID:::0.00 USD,IN:::0.00 USD,HK:::0.00 USD,TW:::0.00 USD,AE:::0.00 USD,SA:::0.00 USD,QA:::0.00 USD,KW:::0.00 USD,BH:::0.00 USD,OM:::0.00 USD,IL:::0.00 USD,ZA:::0.00 USD,NG:::0.00 USD,KE:::0.00 USD,EG:::0.00 USD,MA:::0.00 USD,BR:::0.00 USD,AR:::0.00 USD,CL:::0.00 USD,CO:::0.00 USD,MX:::0.00 USD,PE:::0.00 USD,UY:::0.00 USD,RU:::0.00 USD,UA:::0.00 USD,KZ:::0.00 USD,GE:::0.00 USD,PK:::0.00 USD,BD:::0.00 USD,LK:::0.00 USD,NP:::0.00 USD,CN:::0.00 USD	15 kg	new	Eaglesong	1500-4000	Bitmain	Air cooling
bitmain-antminer-ka3-166-th-s	Bitmain Antminer KA3 166 Th/s KDA Miner	166 Th/s Blake2S miner at 19 J/Th and 3154W. New Bitmain stock, bench-tested, warranty, worldwide shipping from Hong Kong. Brand: Bitmain. Model: Bitmain Antminer KA3. Cooling: Air cooling. Network: Ethernet RJ45. Voltage: 200-240V AC. Hashrate: 166 Th/s. Warranty: Manufacturer warranty + Bitcoin Mining Depot repair support. Algorithm: Blake2S - genuine Bitmain hardware in stock at Bitcoin Mining Depot and shipped worldwide from our Causeway Bay, Hong Kong warehouse. Every unit is bench-powered, hashrate-verified against factory specification and thermally checked before it is packed, so the machine that arrives is exactly the machine you paid for. Performance and specifications: the Bitmain Antminer KA3 runs the Blake2S algorithm at 166 Th/s while drawing approximately 3154W at the wall, giving a rated efficiency of 19 J/Th. It is an air-cooled machine and mines Kadena. Efficiency - joules per unit of hashrate - is the number that decides whether a miner survives a difficulty increase, so compare 19 J/Th against your electricity price before you commit capital. Profitability and ROI: model it the honest way. Take daily revenue at current network difficulty, subtract (3154 / 1,000 x 24 x your kWh rate), then divide the… Buy the Bitmain Antminer KA3 166 Th/s KDA Miner from Bitcoin Mining Depot: verified new stock, crypto checkout, worldwide express delivery and hosting or repair support on request.	https://bitcoinminingdepot.net/products/bitmain-antminer-ka3-166-th-s	https://assets-www.bitmain.com.cn/shop-image-storage-s3/product/2022/04/03/20/e27fa015-cb0b-475b-944d-cd0fe007d26f.png	https://assets-www.bitmain.com.cn/shop-image-storage-s3/product/2020/03/24/23/aaa53bee-79ae-4cb8-a54a-bff7b37e2e67.png,https://assets-www.bitmain.com.cn/shop-image-storage-s3/product/2020/03/24/23/f172b93c-c371-4cdd-ad04-7911e5d6a763.png	in_stock	3599.00 USD		new	Bitmain	BITMAIN-ANTMINER-KA3-166-TH-S	yes	5710	Bitcoin Mining Hardware > ASIC Miners	bitmain-new	166 Th/s hashrate on Blake2S,3154W power draw,19 J/Th energy efficiency,New unit, bench-tested before dispatch,Ships worldwide from Hong Kong by DHL / FedEx express,30-day functional warranty and in-house repair support,Cooling: Air cooling,Voltage: 200-240V AC	US:::0.00 USD,CA:::0.00 USD,GB:::0.00 USD,IE:::0.00 USD,DE:::0.00 USD,FR:::0.00 USD,NL:::0.00 USD,BE:::0.00 USD,LU:::0.00 USD,AT:::0.00 USD,CH:::0.00 USD,IT:::0.00 USD,ES:::0.00 USD,PT:::0.00 USD,SE:::0.00 USD,NO:::0.00 USD,DK:::0.00 USD,FI:::0.00 USD,PL:::0.00 USD,CZ:::0.00 USD,SK:::0.00 USD,HU:::0.00 USD,RO:::0.00 USD,GR:::0.00 USD,TR:::0.00 USD,AU:::0.00 USD,NZ:::0.00 USD,JP:::0.00 USD,KR:::0.00 USD,SG:::0.00 USD,MY:::0.00 USD,TH:::0.00 USD,VN:::0.00 USD,PH:::0.00 USD,ID:::0.00 USD,IN:::0.00 USD,HK:::0.00 USD,TW:::0.00 USD,AE:::0.00 USD,SA:::0.00 USD,QA:::0.00 USD,KW:::0.00 USD,BH:::0.00 USD,OM:::0.00 USD,IL:::0.00 USD,ZA:::0.00 USD,NG:::0.00 USD,KE:::0.00 USD,EG:::0.00 USD,MA:::0.00 USD,BR:::0.00 USD,AR:::0.00 USD,CL:::0.00 USD,CO:::0.00 USD,MX:::0.00 USD,PE:::0.00 USD,UY:::0.00 USD,RU:::0.00 USD,UA:::0.00 USD,KZ:::0.00 USD,GE:::0.00 USD,PK:::0.00 USD,BD:::0.00 USD,LK:::0.00 USD,NP:::0.00 USD,CN:::0.00 USD	15 kg	new	Blake2S	1500-4000	Bitmain	Air cooling
bitmain-antminer-on-rack-filecoin-miner-4300t	Bitmain Antminer On-Rack Filecoin Miner 4300T FIL Miner	4300T PoST miner at - and -. New Bitmain stock, bench-tested, warranty, worldwide shipping from Hong Kong. Brand: Bitmain. Model: Bitmain Antminer On-Rack Filecoin Miner. Cooling: Air cooling. Network: Ethernet RJ45. Voltage: 200-240V AC. Hashrate: 4300T. Warranty: Manufacturer warranty + Bitcoin Mining Depot repair support. Algorithm: PoST - genuine Bitmain hardware in stock at Bitcoin Mining Depot and shipped worldwide from our Causeway Bay, Hong Kong warehouse. Every unit is bench-powered, hashrate-verified against factory specification and thermally checked before it is packed, so the machine that arrives is exactly the machine you paid for. Performance and specifications: the Bitmain Antminer On-Rack Filecoin Miner runs the PoST algorithm at 4300T while drawing approximately - at the wall, giving a rated efficiency of -. It is an air-cooled machine and mines Filecoin. Efficiency - joules per unit of hashrate - is the number that decides whether a miner survives a difficulty increase, so compare - against your electricity price before you commit capital. Profitability and ROI: model it the honest way. Take daily revenue at current network difficulty, subtract (- / 1,000 x 24 x your kWh rate), then divide the delivered… Buy the Bitmain Antminer On-Rack Filecoin Miner 4300T FIL Miner from Bitcoin Mining Depot: verified new stock, crypto checkout, worldwide express delivery and hosting or repair support on request.	https://bitcoinminingdepot.net/products/bitmain-antminer-on-rack-filecoin-miner-4300t	https://assets-www.bitmain.com.cn/shop-image-storage-s3/product/2023/07/14/15/f1cb2256-2ca0-4738-a00c-5748ece1879b.jpg	https://assets-www.bitmain.com.cn/shop-image-storage-s3/product/2023/07/14/15/0d890943-b939-4e07-8862-cb516cdd0605.jpg	in_stock	8888.00 USD		new	Bitmain	BITMAIN-ANTMINER-ON-RACK-FILECOIN-MINER-4300T	yes	5710	Bitcoin Mining Hardware > ASIC Miners	bitmain-new	4300T hashrate on PoST,- power draw,- energy efficiency,New unit, bench-tested before dispatch,Ships worldwide from Hong Kong by DHL / FedEx express,30-day functional warranty and in-house repair support,Cooling: Air cooling,Voltage: 200-240V AC	US:::0.00 USD,CA:::0.00 USD,GB:::0.00 USD,IE:::0.00 USD,DE:::0.00 USD,FR:::0.00 USD,NL:::0.00 USD,BE:::0.00 USD,LU:::0.00 USD,AT:::0.00 USD,CH:::0.00 USD,IT:::0.00 USD,ES:::0.00 USD,PT:::0.00 USD,SE:::0.00 USD,NO:::0.00 USD,DK:::0.00 USD,FI:::0.00 USD,PL:::0.00 USD,CZ:::0.00 USD,SK:::0.00 USD,HU:::0.00 USD,RO:::0.00 USD,GR:::0.00 USD,TR:::0.00 USD,AU:::0.00 USD,NZ:::0.00 USD,JP:::0.00 USD,KR:::0.00 USD,SG:::0.00 USD,MY:::0.00 USD,TH:::0.00 USD,VN:::0.00 USD,PH:::0.00 USD,ID:::0.00 USD,IN:::0.00 USD,HK:::0.00 USD,TW:::0.00 USD,AE:::0.00 USD,SA:::0.00 USD,QA:::0.00 USD,KW:::0.00 USD,BH:::0.00 USD,OM:::0.00 USD,IL:::0.00 USD,ZA:::0.00 USD,NG:::0.00 USD,KE:::0.00 USD,EG:::0.00 USD,MA:::0.00 USD,BR:::0.00 USD,AR:::0.00 USD,CL:::0.00 USD,CO:::0.00 USD,MX:::0.00 USD,PE:::0.00 USD,UY:::0.00 USD,RU:::0.00 USD,UA:::0.00 USD,KZ:::0.00 USD,GE:::0.00 USD,PK:::0.00 USD,BD:::0.00 USD,LK:::0.00 USD,NP:::0.00 USD,CN:::0.00 USD	15 kg	new	PoST	4000-10000	Bitmain	Air cooling
antspace-hw5	Bitmain ANTSPACE HW5 1Set1200kW210 Rack Space	Factory-new ANTSPACE HW5 Bitmain mining infrastructure. 1Set1200kW210 Rack Space. Shipped worldwide from Hong Kong with full customs paperwork, warranty and crypto or bank payment. Brand: Bitmain. Model: ANTSPACE HW5. Network: Ethernet RJ45. Voltage: 200-240V AC. Warranty: Manufacturer warranty + Bitcoin Mining Depot repair support. Condition: New - factory sealed. Ships From: Causeway Bay, Hong Kong. Configuration: 1Set1200kW210 Rack Space - factory-new Bitmain mining infrastructure in stock at Bitcoin Mining Depot, shipped worldwide from our Causeway Bay, Hong Kong facility. Configuration: 1Set1200kW210 Rack Space. This unit belongs to Bitmain's industrial deployment line and is designed to sit behind a large ASIC fleet rather than beside a single miner. Buying it from Hong Kong puts you next to the factory and to the freight capacity that moves heavy electrical equipment, which is why landed cost and lead time are usually better than ordering the same equipment through a domestic reseller. We supply the full commercial invoice pack, HS classification and packing list with every shipment, so your customs broker in the USA, Canada, Europe, Australia or anywhere else we deliver can clear it without delay. Duty, VAT and freight are itemised in your quote before you pay, so there is no surprise shipping charge after the… Buy the ANTSPACE HW5 from Bitcoin Mining Depot: verified new stock, crypto checkout, worldwide express delivery and hosting or repair support on request.	https://bitcoinminingdepot.net/products/antspace-hw5	https://assets-www.bitmain.com.cn/shop-image-storage-s3/product/2026/08/04/15/08ea160e-f374-4d15-89de-fa5b5b86c917.png	https://assets-www.bitmain.com.cn/shop-image-storage-s3/product/2026/08/04/15/2f4f8bca-8a7e-484e-ac51-458f0c7eb5bd.png,https://assets-www.bitmain.com.cn/shop-image-storage-s3/product/2026/08/04/15/8a7ce040-d33d-4ea0-9f50-0cc408c77d11.png	in_stock	84000.00 USD		new	Bitmain	ANTSPACE-HW5	yes	5710	Bitcoin Mining Hardware > Hosting Solutions	bitmain-new	1Set1200kW210 Rack Space hashrate on -,- power draw,- energy efficiency,New unit, bench-tested before dispatch,Ships worldwide from Hong Kong by DHL / FedEx express,30-day functional warranty and in-house repair support,Voltage: 200-240V AC	US:::0.00 USD,CA:::0.00 USD,GB:::0.00 USD,IE:::0.00 USD,DE:::0.00 USD,FR:::0.00 USD,NL:::0.00 USD,BE:::0.00 USD,LU:::0.00 USD,AT:::0.00 USD,CH:::0.00 USD,IT:::0.00 USD,ES:::0.00 USD,PT:::0.00 USD,SE:::0.00 USD,NO:::0.00 USD,DK:::0.00 USD,FI:::0.00 USD,PL:::0.00 USD,CZ:::0.00 USD,SK:::0.00 USD,HU:::0.00 USD,RO:::0.00 USD,GR:::0.00 USD,TR:::0.00 USD,AU:::0.00 USD,NZ:::0.00 USD,JP:::0.00 USD,KR:::0.00 USD,SG:::0.00 USD,MY:::0.00 USD,TH:::0.00 USD,VN:::0.00 USD,PH:::0.00 USD,ID:::0.00 USD,IN:::0.00 USD,HK:::0.00 USD,TW:::0.00 USD,AE:::0.00 USD,SA:::0.00 USD,QA:::0.00 USD,KW:::0.00 USD,BH:::0.00 USD,OM:::0.00 USD,IL:::0.00 USD,ZA:::0.00 USD,NG:::0.00 USD,KE:::0.00 USD,EG:::0.00 USD,MA:::0.00 USD,BR:::0.00 USD,AR:::0.00 USD,CL:::0.00 USD,CO:::0.00 USD,MX:::0.00 USD,PE:::0.00 USD,UY:::0.00 USD,RU:::0.00 USD,UA:::0.00 USD,KZ:::0.00 USD,GE:::0.00 USD,PK:::0.00 USD,BD:::0.00 USD,LK:::0.00 USD,NP:::0.00 USD,CN:::0.00 USD	15 kg	new	-	10000-plus	Bitmain	air-cooled
bitmain-antminer-x5-212-kh-s	Bitmain Antminer X5 212 kH/s XMR Miner	212 kH/s RandomX miner at 6.37 J/kH and 1350W. New Bitmain stock, bench-tested, warranty, worldwide shipping from Hong Kong. Brand: Bitmain. Model: Bitmain Antminer X5. Cooling: Air cooling. Network: Ethernet RJ45. Voltage: 200-240V AC. Hashrate: 212 kH/s. Warranty: Manufacturer warranty + Bitcoin Mining Depot repair support. Algorithm: RandomX - genuine Bitmain hardware in stock at Bitcoin Mining Depot and shipped worldwide from our Causeway Bay, Hong Kong warehouse. Every unit is bench-powered, hashrate-verified against factory specification and thermally checked before it is packed, so the machine that arrives is exactly the machine you paid for. Performance and specifications: the Bitmain Antminer X5 runs the RandomX algorithm at 212 kH/s while drawing approximately 1350W at the wall, giving a rated efficiency of 6.37 J/kH. It is an air-cooled machine and mines Monero. Efficiency - joules per unit of hashrate - is the number that decides whether a miner survives a difficulty increase, so compare 6.37 J/kH against your electricity price before you commit capital. Profitability and ROI: model it the honest way. Take daily revenue at current network difficulty, subtract (1350 / 1,000 x 24 x your kWh rate), then divide the… Buy the Bitmain Antminer X5 212 kH/s XMR Miner from Bitcoin Mining Depot: verified new stock, crypto checkout, worldwide express delivery and hosting or repair support on request.	https://bitcoinminingdepot.net/products/bitmain-antminer-x5-212-kh-s	https://assets-www.bitmain.com.cn/shop-image-storage-s3/product/2023/08/28/14/2a70f112-d3a1-4ffa-b724-98ba57139420.jpg	https://assets-www.bitmain.com.cn/shop-image-storage-s3/product/2023/08/28/14/dab19fb0-8e2b-48ce-aeed-24e0ebf80985.jpg,https://assets-www.bitmain.com.cn/shop-image-storage-s3/product/2023/08/28/14/fd447f5c-97f3-4e9e-ae1f-dbba05b06bc6.jpg	in_stock	2999.00 USD		new	Bitmain	BITMAIN-ANTMINER-X5-212-KH-S	yes	5710	Bitcoin Mining Hardware > ASIC Miners	bitmain-new	212 kH/s hashrate on RandomX,1350W power draw,6.37 J/kH energy efficiency,New unit, bench-tested before dispatch,Ships worldwide from Hong Kong by DHL / FedEx express,30-day functional warranty and in-house repair support,Cooling: Air cooling,Voltage: 200-240V AC	US:::0.00 USD,CA:::0.00 USD,GB:::0.00 USD,IE:::0.00 USD,DE:::0.00 USD,FR:::0.00 USD,NL:::0.00 USD,BE:::0.00 USD,LU:::0.00 USD,AT:::0.00 USD,CH:::0.00 USD,IT:::0.00 USD,ES:::0.00 USD,PT:::0.00 USD,SE:::0.00 USD,NO:::0.00 USD,DK:::0.00 USD,FI:::0.00 USD,PL:::0.00 USD,CZ:::0.00 USD,SK:::0.00 USD,HU:::0.00 USD,RO:::0.00 USD,GR:::0.00 USD,TR:::0.00 USD,AU:::0.00 USD,NZ:::0.00 USD,JP:::0.00 USD,KR:::0.00 USD,SG:::0.00 USD,MY:::0.00 USD,TH:::0.00 USD,VN:::0.00 USD,PH:::0.00 USD,ID:::0.00 USD,IN:::0.00 USD,HK:::0.00 USD,TW:::0.00 USD,AE:::0.00 USD,SA:::0.00 USD,QA:::0.00 USD,KW:::0.00 USD,BH:::0.00 USD,OM:::0.00 USD,IL:::0.00 USD,ZA:::0.00 USD,NG:::0.00 USD,KE:::0.00 USD,EG:::0.00 USD,MA:::0.00 USD,BR:::0.00 USD,AR:::0.00 USD,CL:::0.00 USD,CO:::0.00 USD,MX:::0.00 USD,PE:::0.00 USD,UY:::0.00 USD,RU:::0.00 USD,UA:::0.00 USD,KZ:::0.00 USD,GE:::0.00 USD,PK:::0.00 USD,BD:::0.00 USD,LK:::0.00 USD,NP:::0.00 USD,CN:::0.00 USD	15 kg	new	RandomX	1500-4000	Bitmain	Air cooling
bitmain-antminer-hs3-9-th-s	Bitmain Antminer HS3 9 Th/s HNS Miner	9 Th/s Blake2B+SHA3 miner at 231 J/Th and 2079W. New Bitmain stock, bench-tested, warranty, worldwide shipping from Hong Kong. Brand: Bitmain. Model: Bitmain Antminer HS3. Cooling: Air cooling. Network: Ethernet RJ45. Voltage: 200-240V AC. Hashrate: 9 Th/s. Warranty: Manufacturer warranty + Bitcoin Mining Depot repair support. Algorithm: Blake2B+SHA3 - genuine Bitmain hardware in stock at Bitcoin Mining Depot and shipped worldwide from our Causeway Bay, Hong Kong warehouse. Every unit is bench-powered, hashrate-verified against factory specification and thermally checked before it is packed, so the machine that arrives is exactly the machine you paid for. Performance and specifications: the Bitmain Antminer HS3 runs the Blake2B+SHA3 algorithm at 9 Th/s while drawing approximately 2079W at the wall, giving a rated efficiency of 231 J/Th. It is an air-cooled machine and mines Handshake. Efficiency - joules per unit of hashrate - is the number that decides whether a miner survives a difficulty increase, so compare 231 J/Th against your electricity price before you commit capital. Profitability and ROI: model it the honest way. Take daily revenue at current network difficulty, subtract (2079 / 1,000 x 24 x your kWh rate), then divide… Buy the Bitmain Antminer HS3 9 Th/s HNS Miner from Bitcoin Mining Depot: verified new stock, crypto checkout, worldwide express delivery and hosting or repair support on request.	https://bitcoinminingdepot.net/products/bitmain-antminer-hs3-9-th-s	https://assets-www.bitmain.com.cn/shop-image-storage-s3/product/2022/04/03/20/e27fa015-cb0b-475b-944d-cd0fe007d26f.png	https://assets-www.bitmain.com.cn/shop-image-storage-s3/product/2020/03/24/23/aaa53bee-79ae-4cb8-a54a-bff7b37e2e67.png,https://assets-www.bitmain.com.cn/shop-image-storage-s3/product/2020/03/24/23/f172b93c-c371-4cdd-ad04-7911e5d6a763.png	in_stock	2500.00 USD		new	Bitmain	BITMAIN-ANTMINER-HS3-9-TH-S	yes	5710	Bitcoin Mining Hardware > ASIC Miners	bitmain-new	9 Th/s hashrate on Blake2B+SHA3,2079W power draw,231 J/Th energy efficiency,New unit, bench-tested before dispatch,Ships worldwide from Hong Kong by DHL / FedEx express,30-day functional warranty and in-house repair support,Cooling: Air cooling,Voltage: 200-240V AC	US:::0.00 USD,CA:::0.00 USD,GB:::0.00 USD,IE:::0.00 USD,DE:::0.00 USD,FR:::0.00 USD,NL:::0.00 USD,BE:::0.00 USD,LU:::0.00 USD,AT:::0.00 USD,CH:::0.00 USD,IT:::0.00 USD,ES:::0.00 USD,PT:::0.00 USD,SE:::0.00 USD,NO:::0.00 USD,DK:::0.00 USD,FI:::0.00 USD,PL:::0.00 USD,CZ:::0.00 USD,SK:::0.00 USD,HU:::0.00 USD,RO:::0.00 USD,GR:::0.00 USD,TR:::0.00 USD,AU:::0.00 USD,NZ:::0.00 USD,JP:::0.00 USD,KR:::0.00 USD,SG:::0.00 USD,MY:::0.00 USD,TH:::0.00 USD,VN:::0.00 USD,PH:::0.00 USD,ID:::0.00 USD,IN:::0.00 USD,HK:::0.00 USD,TW:::0.00 USD,AE:::0.00 USD,SA:::0.00 USD,QA:::0.00 USD,KW:::0.00 USD,BH:::0.00 USD,OM:::0.00 USD,IL:::0.00 USD,ZA:::0.00 USD,NG:::0.00 USD,KE:::0.00 USD,EG:::0.00 USD,MA:::0.00 USD,BR:::0.00 USD,AR:::0.00 USD,CL:::0.00 USD,CO:::0.00 USD,MX:::0.00 USD,PE:::0.00 USD,UY:::0.00 USD,RU:::0.00 USD,UA:::0.00 USD,KZ:::0.00 USD,GE:::0.00 USD,PK:::0.00 USD,BD:::0.00 USD,LK:::0.00 USD,NP:::0.00 USD,CN:::0.00 USD	15 kg	new	Blake2B+SHA3	1500-4000	Bitmain	Air cooling
afc03-ptc-10	Bitmain AFC03-PTC（10）	Factory-new AFC03-PTC（10） Bitmain mining infrastructure. -. Shipped worldwide from Hong Kong with full customs paperwork, warranty and crypto or bank payment. Brand: Bitmain. Model: AFC03-PTC（10）. Network: Ethernet RJ45. Voltage: 200-240V AC. Warranty: Manufacturer warranty + Bitcoin Mining Depot repair support. Condition: New - factory sealed. Ships From: Causeway Bay, Hong Kong. Configuration: - - factory-new Bitmain mining infrastructure in stock at Bitcoin Mining Depot, shipped worldwide from our Causeway Bay, Hong Kong facility. Configuration: -. This unit belongs to Bitmain's industrial deployment line and is designed to sit behind a large ASIC fleet rather than beside a single miner. Buying it from Hong Kong puts you next to the factory and to the freight capacity that moves heavy electrical equipment, which is why landed cost and lead time are usually better than ordering the same equipment through a domestic reseller. We supply the full commercial invoice pack, HS classification and packing list with every shipment, so your customs broker in the USA, Canada, Europe, Australia or anywhere else we deliver can clear it without delay. Duty, VAT and freight are itemised in your quote before you pay, so there is no surprise shipping charge after the fact. Our engineering desk… Buy the AFC03-PTC（10） from Bitcoin Mining Depot: verified new stock, crypto checkout, worldwide express delivery and hosting or repair support on request.	https://bitcoinminingdepot.net/products/afc03-ptc-10	https://assets-www.bitmain.com.cn/shop-image-storage-s3/product/2024/02/05/13/80cff44e-5a99-42ec-9892-3d2a95cd8544.png		in_stock	1000.00 USD		new	Bitmain	AFC03-PTC-10	yes	5710	Bitcoin Mining Hardware > Mining Accessories	bitmain-new	- hashrate on -,- power draw,- energy efficiency,New unit, bench-tested before dispatch,Ships worldwide from Hong Kong by DHL / FedEx express,30-day functional warranty and in-house repair support,Voltage: 200-240V AC	US:::0.00 USD,CA:::0.00 USD,GB:::0.00 USD,IE:::0.00 USD,DE:::0.00 USD,FR:::0.00 USD,NL:::0.00 USD,BE:::0.00 USD,LU:::0.00 USD,AT:::0.00 USD,CH:::0.00 USD,IT:::0.00 USD,ES:::0.00 USD,PT:::0.00 USD,SE:::0.00 USD,NO:::0.00 USD,DK:::0.00 USD,FI:::0.00 USD,PL:::0.00 USD,CZ:::0.00 USD,SK:::0.00 USD,HU:::0.00 USD,RO:::0.00 USD,GR:::0.00 USD,TR:::0.00 USD,AU:::0.00 USD,NZ:::0.00 USD,JP:::0.00 USD,KR:::0.00 USD,SG:::0.00 USD,MY:::0.00 USD,TH:::0.00 USD,VN:::0.00 USD,PH:::0.00 USD,ID:::0.00 USD,IN:::0.00 USD,HK:::0.00 USD,TW:::0.00 USD,AE:::0.00 USD,SA:::0.00 USD,QA:::0.00 USD,KW:::0.00 USD,BH:::0.00 USD,OM:::0.00 USD,IL:::0.00 USD,ZA:::0.00 USD,NG:::0.00 USD,KE:::0.00 USD,EG:::0.00 USD,MA:::0.00 USD,BR:::0.00 USD,AR:::0.00 USD,CL:::0.00 USD,CO:::0.00 USD,MX:::0.00 USD,PE:::0.00 USD,UY:::0.00 USD,RU:::0.00 USD,UA:::0.00 USD,KZ:::0.00 USD,GE:::0.00 USD,PK:::0.00 USD,BD:::0.00 USD,LK:::0.00 USD,NP:::0.00 USD,CN:::0.00 USD	15 kg	new	-	500-1500	Bitmain	air-cooled
bitmain-antminer-s23-hyd-580-th-s	Bitmain Antminer S23 Hyd. 580 Th/s Bitcoin Miner	580 Th/s SHA-256 (Bitcoin) miner at 9.5 J/Th and 5510W. New Bitmain stock, bench-tested, warranty, worldwide shipping from Hong Kong. Brand: Bitmain. Model: Bitmain Antminer S23 Hyd.. Cooling: Hydro / water cooling. Network: Ethernet RJ45. Voltage: 200-240V AC. Hashrate: 580 Th/s. Warranty: Manufacturer warranty + Bitcoin Mining Depot repair support. Algorithm: SHA-256 (Bitcoin) - genuine Bitmain hardware in stock at Bitcoin Mining Depot and shipped worldwide from our Causeway Bay, Hong Kong warehouse. Every unit is bench-powered, hashrate-verified against factory specification and thermally checked before it is packed, so the machine that arrives is exactly the machine you paid for. Performance and specifications: the Bitmain Antminer S23 Hyd. runs the SHA-256 (Bitcoin) algorithm at 580 Th/s while drawing approximately 5510W at the wall, giving a rated efficiency of 9.5 J/Th. It is a hydro (water-cooled) machine and mines Bitcoin (BTC), Bitcoin Cash (BCH) and Bitcoin SV (BSV). Efficiency - joules per unit of hashrate - is the number that decides whether a miner survives a difficulty increase, so compare 9.5 J/Th against your electricity price before you commit capital. Profitability and ROI: model it the honest way. Take daily revenue at current network… Buy the Bitmain Antminer S23 Hyd. 580 Th/s Bitcoin Miner from Bitcoin Mining Depot: verified new stock, crypto checkout, worldwide express delivery and hosting or repair support on request.	https://bitcoinminingdepot.net/products/bitmain-antminer-s23-hyd-580-th-s	https://assets-www.bitmain.com.cn/shop-image-storage-s3/product/2026/04/16/18/d437f47a-d369-4d36-8871-dee6065c1bfb.png	https://assets-www.bitmain.com.cn/shop-image-storage-s3/product/2026/04/16/18/9f4fc616-1d1e-40bd-bc74-57bba2957fae.png,https://assets-www.bitmain.com.cn/shop-image-storage-s3/product/2026/04/16/18/fcfa1893-7cf3-4a9b-b33e-90bf5a86f828.png	in_stock	17400.00 USD		new	Bitmain	BITMAIN-ANTMINER-S23-HYD-580-TH-S	yes	5710	Bitcoin Mining Hardware > Bitcoin Mining Machines	bitmain-new	580 Th/s hashrate on SHA-256 (Bitcoin),5510W power draw,9.5 J/Th energy efficiency,New unit, bench-tested before dispatch,Ships worldwide from Hong Kong by DHL / FedEx express,30-day functional warranty and in-house repair support,Cooling: Hydro / water cooling,Voltage: 200-240V AC	US:::0.00 USD,CA:::0.00 USD,GB:::0.00 USD,IE:::0.00 USD,DE:::0.00 USD,FR:::0.00 USD,NL:::0.00 USD,BE:::0.00 USD,LU:::0.00 USD,AT:::0.00 USD,CH:::0.00 USD,IT:::0.00 USD,ES:::0.00 USD,PT:::0.00 USD,SE:::0.00 USD,NO:::0.00 USD,DK:::0.00 USD,FI:::0.00 USD,PL:::0.00 USD,CZ:::0.00 USD,SK:::0.00 USD,HU:::0.00 USD,RO:::0.00 USD,GR:::0.00 USD,TR:::0.00 USD,AU:::0.00 USD,NZ:::0.00 USD,JP:::0.00 USD,KR:::0.00 USD,SG:::0.00 USD,MY:::0.00 USD,TH:::0.00 USD,VN:::0.00 USD,PH:::0.00 USD,ID:::0.00 USD,IN:::0.00 USD,HK:::0.00 USD,TW:::0.00 USD,AE:::0.00 USD,SA:::0.00 USD,QA:::0.00 USD,KW:::0.00 USD,BH:::0.00 USD,OM:::0.00 USD,IL:::0.00 USD,ZA:::0.00 USD,NG:::0.00 USD,KE:::0.00 USD,EG:::0.00 USD,MA:::0.00 USD,BR:::0.00 USD,AR:::0.00 USD,CL:::0.00 USD,CO:::0.00 USD,MX:::0.00 USD,PE:::0.00 USD,UY:::0.00 USD,RU:::0.00 USD,UA:::0.00 USD,KZ:::0.00 USD,GE:::0.00 USD,PK:::0.00 USD,BD:::0.00 USD,LK:::0.00 USD,NP:::0.00 USD,CN:::0.00 USD	15 kg	new	SHA-256 (Bitcoin)	10000-plus	Bitmain	Hydro / water cooling
bitmain-antminer-s21-216-th-s	Bitmain Antminer S21+ 216 Th/s Bitcoin Miner	216 Th/s SHA-256 (Bitcoin) miner at 16.5 J/Th and 3564W. New Bitmain stock, bench-tested, warranty, worldwide shipping from Hong Kong. Brand: Bitmain. Model: Bitmain Antminer S21+. Cooling: Air cooling. Network: Ethernet RJ45. Voltage: 200-240V AC. Hashrate: 216 Th/s. Warranty: Manufacturer warranty + Bitcoin Mining Depot repair support. Algorithm: SHA-256 (Bitcoin) - genuine Bitmain hardware in stock at Bitcoin Mining Depot and shipped worldwide from our Causeway Bay, Hong Kong warehouse. Every unit is bench-powered, hashrate-verified against factory specification and thermally checked before it is packed, so the machine that arrives is exactly the machine you paid for. Performance and specifications: the Bitmain Antminer S21+ runs the SHA-256 (Bitcoin) algorithm at 216 Th/s while drawing approximately 3564W at the wall, giving a rated efficiency of 16.5 J/Th. It is an air-cooled machine and mines Bitcoin (BTC), Bitcoin Cash (BCH) and Bitcoin SV (BSV). Efficiency - joules per unit of hashrate - is the number that decides whether a miner survives a difficulty increase, so compare 16.5 J/Th against your electricity price before you commit capital. Profitability and ROI: model it the honest way. Take daily revenue at current network difficulty… Buy the Bitmain Antminer S21+ 216 Th/s Bitcoin Miner from Bitcoin Mining Depot: verified new stock, crypto checkout, worldwide express delivery and hosting or repair support on request.	https://bitcoinminingdepot.net/products/bitmain-antminer-s21-216-th-s	https://assets-www.bitmain.com.cn/shop-image-storage-s3/product/2024/06/28/13/4c2af89a-8fec-42b1-9ff1-905375e027ee.jpg	https://assets-www.bitmain.com.cn/shop-image-storage-s3/product/2024/06/28/13/e172aa52-fe08-4efb-8399-277e5160ffa5.jpg	in_stock	3240.00 USD		new	Bitmain	BITMAIN-ANTMINER-S21-216-TH-S	yes	5710	Bitcoin Mining Hardware > Bitcoin Mining Machines	bitmain-new	216 Th/s hashrate on SHA-256 (Bitcoin),3564W power draw,16.5 J/Th energy efficiency,New unit, bench-tested before dispatch,Ships worldwide from Hong Kong by DHL / FedEx express,30-day functional warranty and in-house repair support,Cooling: Air cooling,Voltage: 200-240V AC	US:::0.00 USD,CA:::0.00 USD,GB:::0.00 USD,IE:::0.00 USD,DE:::0.00 USD,FR:::0.00 USD,NL:::0.00 USD,BE:::0.00 USD,LU:::0.00 USD,AT:::0.00 USD,CH:::0.00 USD,IT:::0.00 USD,ES:::0.00 USD,PT:::0.00 USD,SE:::0.00 USD,NO:::0.00 USD,DK:::0.00 USD,FI:::0.00 USD,PL:::0.00 USD,CZ:::0.00 USD,SK:::0.00 USD,HU:::0.00 USD,RO:::0.00 USD,GR:::0.00 USD,TR:::0.00 USD,AU:::0.00 USD,NZ:::0.00 USD,JP:::0.00 USD,KR:::0.00 USD,SG:::0.00 USD,MY:::0.00 USD,TH:::0.00 USD,VN:::0.00 USD,PH:::0.00 USD,ID:::0.00 USD,IN:::0.00 USD,HK:::0.00 USD,TW:::0.00 USD,AE:::0.00 USD,SA:::0.00 USD,QA:::0.00 USD,KW:::0.00 USD,BH:::0.00 USD,OM:::0.00 USD,IL:::0.00 USD,ZA:::0.00 USD,NG:::0.00 USD,KE:::0.00 USD,EG:::0.00 USD,MA:::0.00 USD,BR:::0.00 USD,AR:::0.00 USD,CL:::0.00 USD,CO:::0.00 USD,MX:::0.00 USD,PE:::0.00 USD,UY:::0.00 USD,RU:::0.00 USD,UA:::0.00 USD,KZ:::0.00 USD,GE:::0.00 USD,PK:::0.00 USD,BD:::0.00 USD,LK:::0.00 USD,NP:::0.00 USD,CN:::0.00 USD	15 kg	new	SHA-256 (Bitcoin)	1500-4000	Bitmain	Air cooling
bitmain-antminer-u3s23h-1160-th-s	Bitmain Antminer U3S23H 1160 Th/s Bitcoin Miner	1160 Th/s SHA-256 (Bitcoin) miner at 9.5 J/Th and 11020W. New Bitmain stock, bench-tested, warranty, worldwide shipping from Hong Kong. Brand: Bitmain. Model: Bitmain Antminer U3S23H. Cooling: Hydro / water cooling. Network: Ethernet RJ45. Voltage: 200-240V AC. Hashrate: 1160 Th/s. Warranty: Manufacturer warranty + Bitcoin Mining Depot repair support. Algorithm: SHA-256 (Bitcoin) - genuine Bitmain hardware in stock at Bitcoin Mining Depot and shipped worldwide from our Causeway Bay, Hong Kong warehouse. Every unit is bench-powered, hashrate-verified against factory specification and thermally checked before it is packed, so the machine that arrives is exactly the machine you paid for. Performance and specifications: the Bitmain Antminer U3S23H runs the SHA-256 (Bitcoin) algorithm at 1160 Th/s while drawing approximately 11020W at the wall, giving a rated efficiency of 9.5 J/Th. It is a hydro (water-cooled) machine and mines Bitcoin (BTC), Bitcoin Cash (BCH) and Bitcoin SV (BSV). Efficiency - joules per unit of hashrate - is the number that decides whether a miner survives a difficulty increase, so compare 9.5 J/Th against your electricity price before you commit capital. Profitability and ROI: model it the honest way. Take daily revenue at current network… Buy the Bitmain Antminer U3S23H 1160 Th/s Bitcoin Miner from Bitcoin Mining Depot: verified new stock, crypto checkout, worldwide express delivery and hosting or repair support on request.	https://bitcoinminingdepot.net/products/bitmain-antminer-u3s23h-1160-th-s	https://assets-www.bitmain.com.cn/shop-image-storage-s3/product/2025/07/07/20/0ea7937c-e662-49bc-8791-18c190729baf.png	https://assets-www.bitmain.com.cn/shop-image-storage-s3/product/2025/07/07/20/c768ec7a-b9cc-4549-af76-da379bf47522.png,https://assets-www.bitmain.com.cn/shop-image-storage-s3/product/2025/07/07/20/19c2bf20-f379-48a0-b915-f4d517e14ca8.png	in_stock	34800.00 USD		new	Bitmain	BITMAIN-ANTMINER-U3S23H-1160-TH-S	yes	5710	Bitcoin Mining Hardware > Bitcoin Mining Machines	bitmain-new	1160 Th/s hashrate on SHA-256 (Bitcoin),11020W power draw,9.5 J/Th energy efficiency,New unit, bench-tested before dispatch,Ships worldwide from Hong Kong by DHL / FedEx express,30-day functional warranty and in-house repair support,Cooling: Hydro / water cooling,Voltage: 200-240V AC	US:::0.00 USD,CA:::0.00 USD,GB:::0.00 USD,IE:::0.00 USD,DE:::0.00 USD,FR:::0.00 USD,NL:::0.00 USD,BE:::0.00 USD,LU:::0.00 USD,AT:::0.00 USD,CH:::0.00 USD,IT:::0.00 USD,ES:::0.00 USD,PT:::0.00 USD,SE:::0.00 USD,NO:::0.00 USD,DK:::0.00 USD,FI:::0.00 USD,PL:::0.00 USD,CZ:::0.00 USD,SK:::0.00 USD,HU:::0.00 USD,RO:::0.00 USD,GR:::0.00 USD,TR:::0.00 USD,AU:::0.00 USD,NZ:::0.00 USD,JP:::0.00 USD,KR:::0.00 USD,SG:::0.00 USD,MY:::0.00 USD,TH:::0.00 USD,VN:::0.00 USD,PH:::0.00 USD,ID:::0.00 USD,IN:::0.00 USD,HK:::0.00 USD,TW:::0.00 USD,AE:::0.00 USD,SA:::0.00 USD,QA:::0.00 USD,KW:::0.00 USD,BH:::0.00 USD,OM:::0.00 USD,IL:::0.00 USD,ZA:::0.00 USD,NG:::0.00 USD,KE:::0.00 USD,EG:::0.00 USD,MA:::0.00 USD,BR:::0.00 USD,AR:::0.00 USD,CL:::0.00 USD,CO:::0.00 USD,MX:::0.00 USD,PE:::0.00 USD,UY:::0.00 USD,RU:::0.00 USD,UA:::0.00 USD,KZ:::0.00 USD,GE:::0.00 USD,PK:::0.00 USD,BD:::0.00 USD,LK:::0.00 USD,NP:::0.00 USD,CN:::0.00 USD	15 kg	new	SHA-256 (Bitcoin)	10000-plus	Bitmain	Hydro / water cooling
antspace-hd5	Bitmain ANTSPACE HD5 1Set1500kW308 Rack Space	Factory-new ANTSPACE HD5 Bitmain mining infrastructure. 1Set1500kW308 Rack Space. Shipped worldwide from Hong Kong with full customs paperwork, warranty and crypto or bank payment. Brand: Bitmain. Model: ANTSPACE HD5. Network: Ethernet RJ45. Voltage: 200-240V AC. Warranty: Manufacturer warranty + Bitcoin Mining Depot repair support. Condition: New - factory sealed. Ships From: Causeway Bay, Hong Kong. Configuration: 1Set1500kW308 Rack Space - factory-new Bitmain mining infrastructure in stock at Bitcoin Mining Depot, shipped worldwide from our Causeway Bay, Hong Kong facility. Configuration: 1Set1500kW308 Rack Space. This unit belongs to Bitmain's industrial deployment line and is designed to sit behind a large ASIC fleet rather than beside a single miner. Buying it from Hong Kong puts you next to the factory and to the freight capacity that moves heavy electrical equipment, which is why landed cost and lead time are usually better than ordering the same equipment through a domestic reseller. We supply the full commercial invoice pack, HS classification and packing list with every shipment, so your customs broker in the USA, Canada, Europe, Australia or anywhere else we deliver can clear it without delay. Duty, VAT and freight are itemised in your quote before you pay, so there is no surprise shipping charge after the… Buy the ANTSPACE HD5 from Bitcoin Mining Depot: verified new stock, crypto checkout, worldwide express delivery and hosting or repair support on request.	https://bitcoinminingdepot.net/products/antspace-hd5	https://assets-www.bitmain.com.cn/shop-image-storage-s3/product/2026/08/04/15/735355be-df57-4659-a583-d46d4a5c2097.png	https://assets-www.bitmain.com.cn/shop-image-storage-s3/product/2026/08/04/15/598cbad3-a619-4152-b4f8-910f70ced67a.png,https://assets-www.bitmain.com.cn/shop-image-storage-s3/product/2026/08/04/15/8743a70f-7302-4606-bd46-a544cf774647.png	in_stock	128000.00 USD		new	Bitmain	ANTSPACE-HD5	yes	5710	Bitcoin Mining Hardware > Hosting Solutions	bitmain-new	1Set1500kW308 Rack Space hashrate on -,- power draw,- energy efficiency,New unit, bench-tested before dispatch,Ships worldwide from Hong Kong by DHL / FedEx express,30-day functional warranty and in-house repair support,Voltage: 200-240V AC	US:::0.00 USD,CA:::0.00 USD,GB:::0.00 USD,IE:::0.00 USD,DE:::0.00 USD,FR:::0.00 USD,NL:::0.00 USD,BE:::0.00 USD,LU:::0.00 USD,AT:::0.00 USD,CH:::0.00 USD,IT:::0.00 USD,ES:::0.00 USD,PT:::0.00 USD,SE:::0.00 USD,NO:::0.00 USD,DK:::0.00 USD,FI:::0.00 USD,PL:::0.00 USD,CZ:::0.00 USD,SK:::0.00 USD,HU:::0.00 USD,RO:::0.00 USD,GR:::0.00 USD,TR:::0.00 USD,AU:::0.00 USD,NZ:::0.00 USD,JP:::0.00 USD,KR:::0.00 USD,SG:::0.00 USD,MY:::0.00 USD,TH:::0.00 USD,VN:::0.00 USD,PH:::0.00 USD,ID:::0.00 USD,IN:::0.00 USD,HK:::0.00 USD,TW:::0.00 USD,AE:::0.00 USD,SA:::0.00 USD,QA:::0.00 USD,KW:::0.00 USD,BH:::0.00 USD,OM:::0.00 USD,IL:::0.00 USD,ZA:::0.00 USD,NG:::0.00 USD,KE:::0.00 USD,EG:::0.00 USD,MA:::0.00 USD,BR:::0.00 USD,AR:::0.00 USD,CL:::0.00 USD,CO:::0.00 USD,MX:::0.00 USD,PE:::0.00 USD,UY:::0.00 USD,RU:::0.00 USD,UA:::0.00 USD,KZ:::0.00 USD,GE:::0.00 USD,PK:::0.00 USD,BD:::0.00 USD,LK:::0.00 USD,NP:::0.00 USD,CN:::0.00 USD	15 kg	new	-	10000-plus	Bitmain	air-cooled
bitmain-antminer-s21-hyd-358-th-s	Bitmain Antminer S21+ Hyd. 358 Th/s Bitcoin Miner	358 Th/s SHA-256 (Bitcoin) miner at 15 J/Th and 5370W. New Bitmain stock, bench-tested, warranty, worldwide shipping from Hong Kong. Brand: Bitmain. Model: Bitmain Antminer S21+ Hyd.. Cooling: Hydro / water cooling. Network: Ethernet RJ45. Voltage: 200-240V AC. Hashrate: 358 Th/s. Warranty: Manufacturer warranty + Bitcoin Mining Depot repair support. Algorithm: SHA-256 (Bitcoin) - genuine Bitmain hardware in stock at Bitcoin Mining Depot and shipped worldwide from our Causeway Bay, Hong Kong warehouse. Every unit is bench-powered, hashrate-verified against factory specification and thermally checked before it is packed, so the machine that arrives is exactly the machine you paid for. Performance and specifications: the Bitmain Antminer S21+ Hyd. runs the SHA-256 (Bitcoin) algorithm at 358 Th/s while drawing approximately 5370W at the wall, giving a rated efficiency of 15 J/Th. It is a hydro (water-cooled) machine and mines Bitcoin (BTC), Bitcoin Cash (BCH) and Bitcoin SV (BSV). Efficiency - joules per unit of hashrate - is the number that decides whether a miner survives a difficulty increase, so compare 15 J/Th against your electricity price before you commit capital. Profitability and ROI: model it the honest way. Take daily revenue at current network… Buy the Bitmain Antminer S21+ Hyd. 358 Th/s Bitcoin Miner from Bitcoin Mining Depot: verified new stock, crypto checkout, worldwide express delivery and hosting or repair support on request.	https://bitcoinminingdepot.net/products/bitmain-antminer-s21-hyd-358-th-s	https://assets-www.bitmain.com.cn/shop-image-storage-s3/product/2023/09/27/13/933f5e4b-1e3c-4d8d-ae28-34e59f3504be.jpg	https://assets-www.bitmain.com.cn/shop-image-storage-s3/product/2023/09/27/13/ea0d4036-e502-4b80-88a6-f16270d9b028.jpg,https://assets-www.bitmain.com.cn/shop-image-storage-s3/product/2023/09/27/13/0a499ee7-84e0-4d26-b1b6-47123571ab4d.jpg	in_stock	2864.00 USD		new	Bitmain	BITMAIN-ANTMINER-S21-HYD-358-TH-S	yes	5710	Bitcoin Mining Hardware > Bitcoin Mining Machines	bitmain-new	358 Th/s hashrate on SHA-256 (Bitcoin),5370W power draw,15 J/Th energy efficiency,New unit, bench-tested before dispatch,Ships worldwide from Hong Kong by DHL / FedEx express,30-day functional warranty and in-house repair support,Cooling: Hydro / water cooling,Voltage: 200-240V AC	US:::0.00 USD,CA:::0.00 USD,GB:::0.00 USD,IE:::0.00 USD,DE:::0.00 USD,FR:::0.00 USD,NL:::0.00 USD,BE:::0.00 USD,LU:::0.00 USD,AT:::0.00 USD,CH:::0.00 USD,IT:::0.00 USD,ES:::0.00 USD,PT:::0.00 USD,SE:::0.00 USD,NO:::0.00 USD,DK:::0.00 USD,FI:::0.00 USD,PL:::0.00 USD,CZ:::0.00 USD,SK:::0.00 USD,HU:::0.00 USD,RO:::0.00 USD,GR:::0.00 USD,TR:::0.00 USD,AU:::0.00 USD,NZ:::0.00 USD,JP:::0.00 USD,KR:::0.00 USD,SG:::0.00 USD,MY:::0.00 USD,TH:::0.00 USD,VN:::0.00 USD,PH:::0.00 USD,ID:::0.00 USD,IN:::0.00 USD,HK:::0.00 USD,TW:::0.00 USD,AE:::0.00 USD,SA:::0.00 USD,QA:::0.00 USD,KW:::0.00 USD,BH:::0.00 USD,OM:::0.00 USD,IL:::0.00 USD,ZA:::0.00 USD,NG:::0.00 USD,KE:::0.00 USD,EG:::0.00 USD,MA:::0.00 USD,BR:::0.00 USD,AR:::0.00 USD,CL:::0.00 USD,CO:::0.00 USD,MX:::0.00 USD,PE:::0.00 USD,UY:::0.00 USD,RU:::0.00 USD,UA:::0.00 USD,KZ:::0.00 USD,GE:::0.00 USD,PK:::0.00 USD,BD:::0.00 USD,LK:::0.00 USD,NP:::0.00 USD,CN:::0.00 USD	15 kg	new	SHA-256 (Bitcoin)	1500-4000	Bitmain	Hydro / water cooling
bitmain-antminer-s21-pro-234-th-s	Bitmain Antminer S21 Pro 234 Th/s Bitcoin Miner	234 Th/s SHA-256 (Bitcoin) miner at 15 J/Th and 3510W. New Bitmain stock, bench-tested, warranty, worldwide shipping from Hong Kong. Brand: Bitmain. Model: Bitmain Antminer S21 Pro. Cooling: Air cooling. Network: Ethernet RJ45. Voltage: 200-240V AC. Hashrate: 234 Th/s. Warranty: Manufacturer warranty + Bitcoin Mining Depot repair support. Algorithm: SHA-256 (Bitcoin) - genuine Bitmain hardware in stock at Bitcoin Mining Depot and shipped worldwide from our Causeway Bay, Hong Kong warehouse. Every unit is bench-powered, hashrate-verified against factory specification and thermally checked before it is packed, so the machine that arrives is exactly the machine you paid for. Performance and specifications: the Bitmain Antminer S21 Pro runs the SHA-256 (Bitcoin) algorithm at 234 Th/s while drawing approximately 3510W at the wall, giving a rated efficiency of 15 J/Th. It is an air-cooled machine and mines Bitcoin (BTC), Bitcoin Cash (BCH) and Bitcoin SV (BSV). Efficiency - joules per unit of hashrate - is the number that decides whether a miner survives a difficulty increase, so compare 15 J/Th against your electricity price before you commit capital. Profitability and ROI: model it the honest way. Take daily revenue at current network difficulty… Buy the Bitmain Antminer S21 Pro 234 Th/s Bitcoin Miner from Bitcoin Mining Depot: verified new stock, crypto checkout, worldwide express delivery and hosting or repair support on request.	https://bitcoinminingdepot.net/products/bitmain-antminer-s21-pro-234-th-s	https://assets-www.bitmain.com.cn/shop-image-storage-s3/product/2024/06/26/16/f5e9564a-3815-4345-be61-219e5f78cfcc.jpg	https://assets-www.bitmain.com.cn/shop-image-storage-s3/product/2024/06/26/16/4cbb90f0-e972-4f43-92c9-7ac3a66d3bce.jpg,https://assets-www.bitmain.com.cn/shop-image-storage-s3/product/2024/04/10/15/fd990be2-9fb4-4482-8771-f684c2611dff.png	in_stock	3744.00 USD		new	Bitmain	BITMAIN-ANTMINER-S21-PRO-234-TH-S	yes	5710	Bitcoin Mining Hardware > Bitcoin Mining Machines	bitmain-new	234 Th/s hashrate on SHA-256 (Bitcoin),3510W power draw,15 J/Th energy efficiency,New unit, bench-tested before dispatch,Ships worldwide from Hong Kong by DHL / FedEx express,30-day functional warranty and in-house repair support,Cooling: Air cooling,Voltage: 200-240V AC	US:::0.00 USD,CA:::0.00 USD,GB:::0.00 USD,IE:::0.00 USD,DE:::0.00 USD,FR:::0.00 USD,NL:::0.00 USD,BE:::0.00 USD,LU:::0.00 USD,AT:::0.00 USD,CH:::0.00 USD,IT:::0.00 USD,ES:::0.00 USD,PT:::0.00 USD,SE:::0.00 USD,NO:::0.00 USD,DK:::0.00 USD,FI:::0.00 USD,PL:::0.00 USD,CZ:::0.00 USD,SK:::0.00 USD,HU:::0.00 USD,RO:::0.00 USD,GR:::0.00 USD,TR:::0.00 USD,AU:::0.00 USD,NZ:::0.00 USD,JP:::0.00 USD,KR:::0.00 USD,SG:::0.00 USD,MY:::0.00 USD,TH:::0.00 USD,VN:::0.00 USD,PH:::0.00 USD,ID:::0.00 USD,IN:::0.00 USD,HK:::0.00 USD,TW:::0.00 USD,AE:::0.00 USD,SA:::0.00 USD,QA:::0.00 USD,KW:::0.00 USD,BH:::0.00 USD,OM:::0.00 USD,IL:::0.00 USD,ZA:::0.00 USD,NG:::0.00 USD,KE:::0.00 USD,EG:::0.00 USD,MA:::0.00 USD,BR:::0.00 USD,AR:::0.00 USD,CL:::0.00 USD,CO:::0.00 USD,MX:::0.00 USD,PE:::0.00 USD,UY:::0.00 USD,RU:::0.00 USD,UA:::0.00 USD,KZ:::0.00 USD,GE:::0.00 USD,PK:::0.00 USD,BD:::0.00 USD,LK:::0.00 USD,NP:::0.00 USD,CN:::0.00 USD	15 kg	new	SHA-256 (Bitcoin)	1500-4000	Bitmain	Air cooling
bitmain-antminer-s21-xp-imm-300-th-s	Bitmain Antminer S21 XP Imm. 300 Th/s Bitcoin Miner	300 Th/s SHA-256 (Bitcoin) miner at 13.5 J/Th and 4050W. New Bitmain stock, bench-tested, warranty, worldwide shipping from Hong Kong. Brand: Bitmain. Model: Bitmain Antminer S21 XP Imm.. Cooling: Immersion cooling. Network: Ethernet RJ45. Voltage: 200-240V AC. Hashrate: 300 Th/s. Warranty: Manufacturer warranty + Bitcoin Mining Depot repair support. Algorithm: SHA-256 (Bitcoin) - genuine Bitmain hardware in stock at Bitcoin Mining Depot and shipped worldwide from our Causeway Bay, Hong Kong warehouse. Every unit is bench-powered, hashrate-verified against factory specification and thermally checked before it is packed, so the machine that arrives is exactly the machine you paid for. Performance and specifications: the Bitmain Antminer S21 XP Imm. runs the SHA-256 (Bitcoin) algorithm at 300 Th/s while drawing approximately 4050W at the wall, giving a rated efficiency of 13.5 J/Th. It is an immersion-cooled machine and mines Bitcoin (BTC), Bitcoin Cash (BCH) and Bitcoin SV (BSV). Efficiency - joules per unit of hashrate - is the number that decides whether a miner survives a difficulty increase, so compare 13.5 J/Th against your electricity price before you commit capital. Profitability and ROI: model it the honest way. Take daily revenue at current network… Buy the Bitmain Antminer S21 XP Imm. 300 Th/s Bitcoin Miner from Bitcoin Mining Depot: verified new stock, crypto checkout, worldwide express delivery and hosting or repair support on request.	https://bitcoinminingdepot.net/products/bitmain-antminer-s21-xp-imm-300-th-s	https://assets-www.bitmain.com.cn/shop-image-storage-s3/product/2024/07/24/11/12d291d8-15b6-42e8-901a-6a2e5bc58203.jpg	https://assets-www.bitmain.com.cn/shop-image-storage-s3/product/2024/07/24/11/adf46285-6585-4ccb-bdb9-14f9a18bf9ad.jpg,https://assets-www.bitmain.com.cn/shop-image-storage-s3/product/2024/07/24/11/848cc6c2-eb36-4a4b-8ba2-c37aa283a784.jpg	in_stock	5400.00 USD		new	Bitmain	BITMAIN-ANTMINER-S21-XP-IMM-300-TH-S	yes	5710	Bitcoin Mining Hardware > Immersion Cooling	bitmain-new	300 Th/s hashrate on SHA-256 (Bitcoin),4050W power draw,13.5 J/Th energy efficiency,New unit, bench-tested before dispatch,Ships worldwide from Hong Kong by DHL / FedEx express,30-day functional warranty and in-house repair support,Cooling: Immersion cooling,Voltage: 200-240V AC	US:::0.00 USD,CA:::0.00 USD,GB:::0.00 USD,IE:::0.00 USD,DE:::0.00 USD,FR:::0.00 USD,NL:::0.00 USD,BE:::0.00 USD,LU:::0.00 USD,AT:::0.00 USD,CH:::0.00 USD,IT:::0.00 USD,ES:::0.00 USD,PT:::0.00 USD,SE:::0.00 USD,NO:::0.00 USD,DK:::0.00 USD,FI:::0.00 USD,PL:::0.00 USD,CZ:::0.00 USD,SK:::0.00 USD,HU:::0.00 USD,RO:::0.00 USD,GR:::0.00 USD,TR:::0.00 USD,AU:::0.00 USD,NZ:::0.00 USD,JP:::0.00 USD,KR:::0.00 USD,SG:::0.00 USD,MY:::0.00 USD,TH:::0.00 USD,VN:::0.00 USD,PH:::0.00 USD,ID:::0.00 USD,IN:::0.00 USD,HK:::0.00 USD,TW:::0.00 USD,AE:::0.00 USD,SA:::0.00 USD,QA:::0.00 USD,KW:::0.00 USD,BH:::0.00 USD,OM:::0.00 USD,IL:::0.00 USD,ZA:::0.00 USD,NG:::0.00 USD,KE:::0.00 USD,EG:::0.00 USD,MA:::0.00 USD,BR:::0.00 USD,AR:::0.00 USD,CL:::0.00 USD,CO:::0.00 USD,MX:::0.00 USD,PE:::0.00 USD,UY:::0.00 USD,RU:::0.00 USD,UA:::0.00 USD,KZ:::0.00 USD,GE:::0.00 USD,PK:::0.00 USD,BD:::0.00 USD,LK:::0.00 USD,NP:::0.00 USD,CN:::0.00 USD	15 kg	new	SHA-256 (Bitcoin)	4000-10000	Bitmain	Immersion cooling
bitmain-antminer-l11-hu2-35-gh-s	Bitmain Antminer L11 HU2 35 Gh/s LTC Miner	35 Gh/s Scrypt miner at 165 J/Gh and 5775W. New Bitmain stock, bench-tested, warranty, worldwide shipping from Hong Kong. Brand: Bitmain. Model: Bitmain Antminer L11 HU2. Cooling: Hydro / water cooling. Network: Ethernet RJ45. Voltage: 200-240V AC. Hashrate: 35 Gh/s. Warranty: Manufacturer warranty + Bitcoin Mining Depot repair support. Algorithm: Scrypt - genuine Bitmain hardware in stock at Bitcoin Mining Depot and shipped worldwide from our Causeway Bay, Hong Kong warehouse. Every unit is bench-powered, hashrate-verified against factory specification and thermally checked before it is packed, so the machine that arrives is exactly the machine you paid for. Performance and specifications: the Bitmain Antminer L11 HU2 runs the Scrypt algorithm at 35 Gh/s while drawing approximately 5775W at the wall, giving a rated efficiency of 165 J/Gh. It is a hydro (water-cooled) machine and mines Litecoin, Dogecoin, Bellscoin, Junkcoin, LuckyCoin and Pepecoin. Efficiency - joules per unit of hashrate - is the number that decides whether a miner survives a difficulty increase, so compare 165 J/Gh against your electricity price before you commit capital. Profitability and ROI: model it the honest way. Take daily revenue at current network… Buy the Bitmain Antminer L11 HU2 35 Gh/s LTC Miner from Bitcoin Mining Depot: verified new stock, crypto checkout, worldwide express delivery and hosting or repair support on request.	https://bitcoinminingdepot.net/products/bitmain-antminer-l11-hu2-35-gh-s	https://assets-www.bitmain.com.cn/shop-image-storage-s3/product/2025/09/16/10/6f6d05bf-bbd0-41a1-b950-7b08b92debff.jpg	https://assets-www.bitmain.com.cn/shop-image-storage-s3/product/2025/09/16/10/2c7118a7-db80-4d52-82f7-c5187eb05af1.jpg,https://assets-www.bitmain.com.cn/shop-image-storage-s3/product/2025/09/16/10/51efceb6-519d-43cd-98c6-5519c631131e.jpg	in_stock	16415.00 USD		new	Bitmain	BITMAIN-ANTMINER-L11-HU2-35-GH-S	yes	5710	Bitcoin Mining Hardware > ASIC Miners	bitmain-new	35 Gh/s hashrate on Scrypt,5775W power draw,165 J/Gh energy efficiency,New unit, bench-tested before dispatch,Ships worldwide from Hong Kong by DHL / FedEx express,30-day functional warranty and in-house repair support,Cooling: Hydro / water cooling,Voltage: 200-240V AC	US:::0.00 USD,CA:::0.00 USD,GB:::0.00 USD,IE:::0.00 USD,DE:::0.00 USD,FR:::0.00 USD,NL:::0.00 USD,BE:::0.00 USD,LU:::0.00 USD,AT:::0.00 USD,CH:::0.00 USD,IT:::0.00 USD,ES:::0.00 USD,PT:::0.00 USD,SE:::0.00 USD,NO:::0.00 USD,DK:::0.00 USD,FI:::0.00 USD,PL:::0.00 USD,CZ:::0.00 USD,SK:::0.00 USD,HU:::0.00 USD,RO:::0.00 USD,GR:::0.00 USD,TR:::0.00 USD,AU:::0.00 USD,NZ:::0.00 USD,JP:::0.00 USD,KR:::0.00 USD,SG:::0.00 USD,MY:::0.00 USD,TH:::0.00 USD,VN:::0.00 USD,PH:::0.00 USD,ID:::0.00 USD,IN:::0.00 USD,HK:::0.00 USD,TW:::0.00 USD,AE:::0.00 USD,SA:::0.00 USD,QA:::0.00 USD,KW:::0.00 USD,BH:::0.00 USD,OM:::0.00 USD,IL:::0.00 USD,ZA:::0.00 USD,NG:::0.00 USD,KE:::0.00 USD,EG:::0.00 USD,MA:::0.00 USD,BR:::0.00 USD,AR:::0.00 USD,CL:::0.00 USD,CO:::0.00 USD,MX:::0.00 USD,PE:::0.00 USD,UY:::0.00 USD,RU:::0.00 USD,UA:::0.00 USD,KZ:::0.00 USD,GE:::0.00 USD,PK:::0.00 USD,BD:::0.00 USD,LK:::0.00 USD,NP:::0.00 USD,CN:::0.00 USD	15 kg	new	Scrypt	10000-plus	Bitmain	Hydro / water cooling
bitmain-antminer-s21-xp-hyd-480-th-s	Bitmain Antminer S21 XP+ Hyd. 480 Th/s Bitcoin Miner	480 Th/s SHA-256 (Bitcoin) miner at 11 J/Th and 5280W. New Bitmain stock, bench-tested, warranty, worldwide shipping from Hong Kong. Brand: Bitmain. Model: Bitmain Antminer S21 XP+ Hyd.. Cooling: Hydro / water cooling. Network: Ethernet RJ45. Voltage: 200-240V AC. Hashrate: 480 Th/s. Warranty: Manufacturer warranty + Bitcoin Mining Depot repair support. Algorithm: SHA-256 (Bitcoin) - genuine Bitmain hardware in stock at Bitcoin Mining Depot and shipped worldwide from our Causeway Bay, Hong Kong warehouse. Every unit is bench-powered, hashrate-verified against factory specification and thermally checked before it is packed, so the machine that arrives is exactly the machine you paid for. Performance and specifications: the Bitmain Antminer S21 XP+ Hyd. runs the SHA-256 (Bitcoin) algorithm at 480 Th/s while drawing approximately 5280W at the wall, giving a rated efficiency of 11 J/Th. It is a hydro (water-cooled) machine and mines Bitcoin (BTC), Bitcoin Cash (BCH) and Bitcoin SV (BSV). Efficiency - joules per unit of hashrate - is the number that decides whether a miner survives a difficulty increase, so compare 11 J/Th against your electricity price before you commit capital. Profitability and ROI: model it the honest way. Take daily revenue at current network… Buy the Bitmain Antminer S21 XP+ Hyd. 480 Th/s Bitcoin Miner from Bitcoin Mining Depot: verified new stock, crypto checkout, worldwide express delivery and hosting or repair support on request.	https://bitcoinminingdepot.net/products/bitmain-antminer-s21-xp-hyd-480-th-s	https://assets-www.bitmain.com.cn/shop-image-storage-s3/product/2026/02/12/10/2339e899-8650-4b4b-8c8c-978c29b38928.png	https://assets-www.bitmain.com.cn/shop-image-storage-s3/product/2026/02/12/10/c3eb08cc-729b-4b90-a4e1-f805bb5e55f8.png,https://assets-www.bitmain.com.cn/shop-image-storage-s3/product/2026/02/12/10/9d532e55-ef2e-4fdb-821b-9ee776490af5.png	in_stock	9120.00 USD		new	Bitmain	BITMAIN-ANTMINER-S21-XP-HYD-480-TH-S	yes	5710	Bitcoin Mining Hardware > Bitcoin Mining Machines	bitmain-new	480 Th/s hashrate on SHA-256 (Bitcoin),5280W power draw,11 J/Th energy efficiency,New unit, bench-tested before dispatch,Ships worldwide from Hong Kong by DHL / FedEx express,30-day functional warranty and in-house repair support,Cooling: Hydro / water cooling,Voltage: 200-240V AC	US:::0.00 USD,CA:::0.00 USD,GB:::0.00 USD,IE:::0.00 USD,DE:::0.00 USD,FR:::0.00 USD,NL:::0.00 USD,BE:::0.00 USD,LU:::0.00 USD,AT:::0.00 USD,CH:::0.00 USD,IT:::0.00 USD,ES:::0.00 USD,PT:::0.00 USD,SE:::0.00 USD,NO:::0.00 USD,DK:::0.00 USD,FI:::0.00 USD,PL:::0.00 USD,CZ:::0.00 USD,SK:::0.00 USD,HU:::0.00 USD,RO:::0.00 USD,GR:::0.00 USD,TR:::0.00 USD,AU:::0.00 USD,NZ:::0.00 USD,JP:::0.00 USD,KR:::0.00 USD,SG:::0.00 USD,MY:::0.00 USD,TH:::0.00 USD,VN:::0.00 USD,PH:::0.00 USD,ID:::0.00 USD,IN:::0.00 USD,HK:::0.00 USD,TW:::0.00 USD,AE:::0.00 USD,SA:::0.00 USD,QA:::0.00 USD,KW:::0.00 USD,BH:::0.00 USD,OM:::0.00 USD,IL:::0.00 USD,ZA:::0.00 USD,NG:::0.00 USD,KE:::0.00 USD,EG:::0.00 USD,MA:::0.00 USD,BR:::0.00 USD,AR:::0.00 USD,CL:::0.00 USD,CO:::0.00 USD,MX:::0.00 USD,PE:::0.00 USD,UY:::0.00 USD,RU:::0.00 USD,UA:::0.00 USD,KZ:::0.00 USD,GE:::0.00 USD,PK:::0.00 USD,BD:::0.00 USD,LK:::0.00 USD,NP:::0.00 USD,CN:::0.00 USD	15 kg	new	SHA-256 (Bitcoin)	4000-10000	Bitmain	Hydro / water cooling
bitmain-antminer-l11-20-gh-s	Bitmain Antminer L11 20 Gh/s LTC Miner	20 Gh/s Scrypt miner at 184 J/Gh and 3680W. New Bitmain stock, bench-tested, warranty, worldwide shipping from Hong Kong. Brand: Bitmain. Model: Bitmain Antminer L11. Cooling: Air cooling. Network: Ethernet RJ45. Voltage: 200-240V AC. Hashrate: 20 Gh/s. Warranty: Manufacturer warranty + Bitcoin Mining Depot repair support. Algorithm: Scrypt - genuine Bitmain hardware in stock at Bitcoin Mining Depot and shipped worldwide from our Causeway Bay, Hong Kong warehouse. Every unit is bench-powered, hashrate-verified against factory specification and thermally checked before it is packed, so the machine that arrives is exactly the machine you paid for. Performance and specifications: the Bitmain Antminer L11 runs the Scrypt algorithm at 20 Gh/s while drawing approximately 3680W at the wall, giving a rated efficiency of 184 J/Gh. It is an air-cooled machine and mines Litecoin, Dogecoin, Bellscoin, Junkcoin, LuckyCoin and Pepecoin. Efficiency - joules per unit of hashrate - is the number that decides whether a miner survives a difficulty increase, so compare 184 J/Gh against your electricity price before you commit capital. Profitability and ROI: model it the honest way. Take daily revenue at current network difficulty, subtract… Buy the Bitmain Antminer L11 20 Gh/s LTC Miner from Bitcoin Mining Depot: verified new stock, crypto checkout, worldwide express delivery and hosting or repair support on request.	https://bitcoinminingdepot.net/products/bitmain-antminer-l11-20-gh-s	https://assets-www.bitmain.com.cn/shop-image-storage-s3/product/2025/10/01/15/34a89bc2-feb6-4b27-92b7-395cf5791e17.png	https://assets-www.bitmain.com.cn/shop-image-storage-s3/product/2025/10/01/15/c856dd20-6f26-4243-a4ea-55a599ea4984.png,https://assets-www.bitmain.com.cn/shop-image-storage-s3/product/2025/10/01/15/cacaf8a8-94c8-4ecd-bd20-735bbbaf10f3.png	in_stock	9380.00 USD		new	Bitmain	BITMAIN-ANTMINER-L11-20-GH-S	yes	5710	Bitcoin Mining Hardware > ASIC Miners	bitmain-new	20 Gh/s hashrate on Scrypt,3680W power draw,184 J/Gh energy efficiency,New unit, bench-tested before dispatch,Ships worldwide from Hong Kong by DHL / FedEx express,30-day functional warranty and in-house repair support,Cooling: Air cooling,Voltage: 200-240V AC	US:::0.00 USD,CA:::0.00 USD,GB:::0.00 USD,IE:::0.00 USD,DE:::0.00 USD,FR:::0.00 USD,NL:::0.00 USD,BE:::0.00 USD,LU:::0.00 USD,AT:::0.00 USD,CH:::0.00 USD,IT:::0.00 USD,ES:::0.00 USD,PT:::0.00 USD,SE:::0.00 USD,NO:::0.00 USD,DK:::0.00 USD,FI:::0.00 USD,PL:::0.00 USD,CZ:::0.00 USD,SK:::0.00 USD,HU:::0.00 USD,RO:::0.00 USD,GR:::0.00 USD,TR:::0.00 USD,AU:::0.00 USD,NZ:::0.00 USD,JP:::0.00 USD,KR:::0.00 USD,SG:::0.00 USD,MY:::0.00 USD,TH:::0.00 USD,VN:::0.00 USD,PH:::0.00 USD,ID:::0.00 USD,IN:::0.00 USD,HK:::0.00 USD,TW:::0.00 USD,AE:::0.00 USD,SA:::0.00 USD,QA:::0.00 USD,KW:::0.00 USD,BH:::0.00 USD,OM:::0.00 USD,IL:::0.00 USD,ZA:::0.00 USD,NG:::0.00 USD,KE:::0.00 USD,EG:::0.00 USD,MA:::0.00 USD,BR:::0.00 USD,AR:::0.00 USD,CL:::0.00 USD,CO:::0.00 USD,MX:::0.00 USD,PE:::0.00 USD,UY:::0.00 USD,RU:::0.00 USD,UA:::0.00 USD,KZ:::0.00 USD,GE:::0.00 USD,PK:::0.00 USD,BD:::0.00 USD,LK:::0.00 USD,NP:::0.00 USD,CN:::0.00 USD	15 kg	new	Scrypt	4000-10000	Bitmain	Air cooling
afc03-ptc-20	Bitmain AFC03-PTC（20）	Factory-new AFC03-PTC（20） Bitmain mining infrastructure. -. Shipped worldwide from Hong Kong with full customs paperwork, warranty and crypto or bank payment. Brand: Bitmain. Model: AFC03-PTC（20）. Network: Ethernet RJ45. Voltage: 200-240V AC. Warranty: Manufacturer warranty + Bitcoin Mining Depot repair support. Condition: New - factory sealed. Ships From: Causeway Bay, Hong Kong. Configuration: - - factory-new Bitmain mining infrastructure in stock at Bitcoin Mining Depot, shipped worldwide from our Causeway Bay, Hong Kong facility. Configuration: -. This unit belongs to Bitmain's industrial deployment line and is designed to sit behind a large ASIC fleet rather than beside a single miner. Buying it from Hong Kong puts you next to the factory and to the freight capacity that moves heavy electrical equipment, which is why landed cost and lead time are usually better than ordering the same equipment through a domestic reseller. We supply the full commercial invoice pack, HS classification and packing list with every shipment, so your customs broker in the USA, Canada, Europe, Australia or anywhere else we deliver can clear it without delay. Duty, VAT and freight are itemised in your quote before you pay, so there is no surprise shipping charge after the fact. Our engineering desk… Buy the AFC03-PTC（20） from Bitcoin Mining Depot: verified new stock, crypto checkout, worldwide express delivery and hosting or repair support on request.	https://bitcoinminingdepot.net/products/afc03-ptc-20	https://assets-www.bitmain.com.cn/shop-image-storage-s3/product/2025/10/17/13/1827cc68-7c87-44f4-824a-ae9c80446fb9.png	https://assets-www.bitmain.com.cn/shop-image-storage-s3/product/2025/10/17/13/452ff36a-7c6e-49d4-a510-44ae93cd9855.png,https://assets-www.bitmain.com.cn/shop-image-storage-s3/product/2025/10/17/13/4a68b787-7c88-48ed-821e-0f8d4452703e.png	in_stock	1000.00 USD		new	Bitmain	AFC03-PTC-20	yes	5710	Bitcoin Mining Hardware > Mining Accessories	bitmain-new	- hashrate on -,- power draw,- energy efficiency,New unit, bench-tested before dispatch,Ships worldwide from Hong Kong by DHL / FedEx express,30-day functional warranty and in-house repair support,Voltage: 200-240V AC	US:::0.00 USD,CA:::0.00 USD,GB:::0.00 USD,IE:::0.00 USD,DE:::0.00 USD,FR:::0.00 USD,NL:::0.00 USD,BE:::0.00 USD,LU:::0.00 USD,AT:::0.00 USD,CH:::0.00 USD,IT:::0.00 USD,ES:::0.00 USD,PT:::0.00 USD,SE:::0.00 USD,NO:::0.00 USD,DK:::0.00 USD,FI:::0.00 USD,PL:::0.00 USD,CZ:::0.00 USD,SK:::0.00 USD,HU:::0.00 USD,RO:::0.00 USD,GR:::0.00 USD,TR:::0.00 USD,AU:::0.00 USD,NZ:::0.00 USD,JP:::0.00 USD,KR:::0.00 USD,SG:::0.00 USD,MY:::0.00 USD,TH:::0.00 USD,VN:::0.00 USD,PH:::0.00 USD,ID:::0.00 USD,IN:::0.00 USD,HK:::0.00 USD,TW:::0.00 USD,AE:::0.00 USD,SA:::0.00 USD,QA:::0.00 USD,KW:::0.00 USD,BH:::0.00 USD,OM:::0.00 USD,IL:::0.00 USD,ZA:::0.00 USD,NG:::0.00 USD,KE:::0.00 USD,EG:::0.00 USD,MA:::0.00 USD,BR:::0.00 USD,AR:::0.00 USD,CL:::0.00 USD,CO:::0.00 USD,MX:::0.00 USD,PE:::0.00 USD,UY:::0.00 USD,RU:::0.00 USD,UA:::0.00 USD,KZ:::0.00 USD,GE:::0.00 USD,PK:::0.00 USD,BD:::0.00 USD,LK:::0.00 USD,NP:::0.00 USD,CN:::0.00 USD	15 kg	new	-	500-1500	Bitmain	air-cooled
bitmain-antminer-e11-9500-mh-s	Bitmain Antminer E11 9500 Mh/s ETC Miner	9500 Mh/s Ethash miner at 0.26 J/Mh and 2470W. New Bitmain stock, bench-tested, warranty, worldwide shipping from Hong Kong. Brand: Bitmain. Model: Bitmain Antminer E11. Cooling: Air cooling. Network: Ethernet RJ45. Voltage: 200-240V AC. Hashrate: 9500 Mh/s. Warranty: Manufacturer warranty + Bitcoin Mining Depot repair support. Algorithm: Ethash - genuine Bitmain hardware in stock at Bitcoin Mining Depot and shipped worldwide from our Causeway Bay, Hong Kong warehouse. Every unit is bench-powered, hashrate-verified against factory specification and thermally checked before it is packed, so the machine that arrives is exactly the machine you paid for. Performance and specifications: the Bitmain Antminer E11 runs the Ethash algorithm at 9500 Mh/s while drawing approximately 2470W at the wall, giving a rated efficiency of 0.26 J/Mh. It is an air-cooled machine and mines Ethereum Classic. Efficiency - joules per unit of hashrate - is the number that decides whether a miner survives a difficulty increase, so compare 0.26 J/Mh against your electricity price before you commit capital. Profitability and ROI: model it the honest way. Take daily revenue at current network difficulty, subtract (2470 / 1,000 x 24 x your kWh rate), then… Buy the Bitmain Antminer E11 9500 Mh/s ETC Miner from Bitcoin Mining Depot: verified new stock, crypto checkout, worldwide express delivery and hosting or repair support on request.	https://bitcoinminingdepot.net/products/bitmain-antminer-e11-9500-mh-s	https://assets-www.bitmain.com.cn/shop-image-storage-s3/product/2025/01/20/19/47b5d0b3-d3d2-473e-8382-f2129314b96e.jpg	https://assets-www.bitmain.com.cn/shop-image-storage-s3/product/2025/01/20/19/e33383ca-ff73-4f13-a036-aeeedea358d1.jpg,https://assets-www.bitmain.com.cn/shop-image-storage-s3/product/2025/01/20/19/82203f2b-ca35-4982-8d8b-a41beaddc502.jpg	in_stock	1888.00 USD		new	Bitmain	BITMAIN-ANTMINER-E11-9500-MH-S	yes	5710	Bitcoin Mining Hardware > ASIC Miners	bitmain-new	9500 Mh/s hashrate on Ethash,2470W power draw,0.26 J/Mh energy efficiency,New unit, bench-tested before dispatch,Ships worldwide from Hong Kong by DHL / FedEx express,30-day functional warranty and in-house repair support,Cooling: Air cooling,Voltage: 200-240V AC	US:::0.00 USD,CA:::0.00 USD,GB:::0.00 USD,IE:::0.00 USD,DE:::0.00 USD,FR:::0.00 USD,NL:::0.00 USD,BE:::0.00 USD,LU:::0.00 USD,AT:::0.00 USD,CH:::0.00 USD,IT:::0.00 USD,ES:::0.00 USD,PT:::0.00 USD,SE:::0.00 USD,NO:::0.00 USD,DK:::0.00 USD,FI:::0.00 USD,PL:::0.00 USD,CZ:::0.00 USD,SK:::0.00 USD,HU:::0.00 USD,RO:::0.00 USD,GR:::0.00 USD,TR:::0.00 USD,AU:::0.00 USD,NZ:::0.00 USD,JP:::0.00 USD,KR:::0.00 USD,SG:::0.00 USD,MY:::0.00 USD,TH:::0.00 USD,VN:::0.00 USD,PH:::0.00 USD,ID:::0.00 USD,IN:::0.00 USD,HK:::0.00 USD,TW:::0.00 USD,AE:::0.00 USD,SA:::0.00 USD,QA:::0.00 USD,KW:::0.00 USD,BH:::0.00 USD,OM:::0.00 USD,IL:::0.00 USD,ZA:::0.00 USD,NG:::0.00 USD,KE:::0.00 USD,EG:::0.00 USD,MA:::0.00 USD,BR:::0.00 USD,AR:::0.00 USD,CL:::0.00 USD,CO:::0.00 USD,MX:::0.00 USD,PE:::0.00 USD,UY:::0.00 USD,RU:::0.00 USD,UA:::0.00 USD,KZ:::0.00 USD,GE:::0.00 USD,PK:::0.00 USD,BD:::0.00 USD,LK:::0.00 USD,NP:::0.00 USD,CN:::0.00 USD	15 kg	new	Ethash	1500-4000	Bitmain	Air cooling
bitmain-antminer-s21j-xp-hyd-495-th-s	Bitmain Antminer S21j XP Hyd. 495 Th/s Bitcoin Miner	495 Th/s SHA-256 (Bitcoin) miner at 12 J/Th and 5940W. New Bitmain stock, bench-tested, warranty, worldwide shipping from Hong Kong. Brand: Bitmain. Model: Bitmain Antminer S21j XP Hyd.. Cooling: Hydro / water cooling. Network: Ethernet RJ45. Voltage: 200-240V AC. Hashrate: 495 Th/s. Warranty: Manufacturer warranty + Bitcoin Mining Depot repair support. Algorithm: SHA-256 (Bitcoin) - genuine Bitmain hardware in stock at Bitcoin Mining Depot and shipped worldwide from our Causeway Bay, Hong Kong warehouse. Every unit is bench-powered, hashrate-verified against factory specification and thermally checked before it is packed, so the machine that arrives is exactly the machine you paid for. Performance and specifications: the Bitmain Antminer S21j XP Hyd. runs the SHA-256 (Bitcoin) algorithm at 495 Th/s while drawing approximately 5940W at the wall, giving a rated efficiency of 12 J/Th. It is a hydro (water-cooled) machine and mines Bitcoin (BTC), Bitcoin Cash (BCH) and Bitcoin SV (BSV). Efficiency - joules per unit of hashrate - is the number that decides whether a miner survives a difficulty increase, so compare 12 J/Th against your electricity price before you commit capital. Profitability and ROI: model it the honest way. Take daily revenue at current network… Buy the Bitmain Antminer S21j XP Hyd. 495 Th/s Bitcoin Miner from Bitcoin Mining Depot: verified new stock, crypto checkout, worldwide express delivery and hosting or repair support on request.	https://bitcoinminingdepot.net/products/bitmain-antminer-s21j-xp-hyd-495-th-s	https://assets-www.bitmain.com.cn/shop-image-storage-s3/product/2026/02/11/18/2ba9727a-cd98-47eb-8dd1-9b4381ffd778.png	https://assets-www.bitmain.com.cn/shop-image-storage-s3/product/2026/02/11/18/e9e52d03-1bdd-4d4b-915b-9590e6ddcef6.png,https://assets-www.bitmain.com.cn/shop-image-storage-s3/product/2026/02/11/18/7d10765a-e0e3-478f-b44c-5779edfe9ad4.png	in_stock	8415.00 USD		new	Bitmain	BITMAIN-ANTMINER-S21J-XP-HYD-495-TH-S	yes	5710	Bitcoin Mining Hardware > Bitcoin Mining Machines	bitmain-new	495 Th/s hashrate on SHA-256 (Bitcoin),5940W power draw,12 J/Th energy efficiency,New unit, bench-tested before dispatch,Ships worldwide from Hong Kong by DHL / FedEx express,30-day functional warranty and in-house repair support,Cooling: Hydro / water cooling,Voltage: 200-240V AC	US:::0.00 USD,CA:::0.00 USD,GB:::0.00 USD,IE:::0.00 USD,DE:::0.00 USD,FR:::0.00 USD,NL:::0.00 USD,BE:::0.00 USD,LU:::0.00 USD,AT:::0.00 USD,CH:::0.00 USD,IT:::0.00 USD,ES:::0.00 USD,PT:::0.00 USD,SE:::0.00 USD,NO:::0.00 USD,DK:::0.00 USD,FI:::0.00 USD,PL:::0.00 USD,CZ:::0.00 USD,SK:::0.00 USD,HU:::0.00 USD,RO:::0.00 USD,GR:::0.00 USD,TR:::0.00 USD,AU:::0.00 USD,NZ:::0.00 USD,JP:::0.00 USD,KR:::0.00 USD,SG:::0.00 USD,MY:::0.00 USD,TH:::0.00 USD,VN:::0.00 USD,PH:::0.00 USD,ID:::0.00 USD,IN:::0.00 USD,HK:::0.00 USD,TW:::0.00 USD,AE:::0.00 USD,SA:::0.00 USD,QA:::0.00 USD,KW:::0.00 USD,BH:::0.00 USD,OM:::0.00 USD,IL:::0.00 USD,ZA:::0.00 USD,NG:::0.00 USD,KE:::0.00 USD,EG:::0.00 USD,MA:::0.00 USD,BR:::0.00 USD,AR:::0.00 USD,CL:::0.00 USD,CO:::0.00 USD,MX:::0.00 USD,PE:::0.00 USD,UY:::0.00 USD,RU:::0.00 USD,UA:::0.00 USD,KZ:::0.00 USD,GE:::0.00 USD,PK:::0.00 USD,BD:::0.00 USD,LK:::0.00 USD,NP:::0.00 USD,CN:::0.00 USD	15 kg	new	SHA-256 (Bitcoin)	4000-10000	Bitmain	Hydro / water cooling
bitmain-antminer-x9-1000-kh-s	Bitmain Antminer X9 1000 kH/s XMR Miner	1000 kH/s RandomX miner at 2.47 J/kH and 2472W. New Bitmain stock, bench-tested, warranty, worldwide shipping from Hong Kong. Brand: Bitmain. Model: Bitmain Antminer X9. Cooling: Air cooling. Network: Ethernet RJ45. Voltage: 200-240V AC. Hashrate: 1000 kH/s. Warranty: Manufacturer warranty + Bitcoin Mining Depot repair support. Algorithm: RandomX - genuine Bitmain hardware in stock at Bitcoin Mining Depot and shipped worldwide from our Causeway Bay, Hong Kong warehouse. Every unit is bench-powered, hashrate-verified against factory specification and thermally checked before it is packed, so the machine that arrives is exactly the machine you paid for. Performance and specifications: the Bitmain Antminer X9 runs the RandomX algorithm at 1000 kH/s while drawing approximately 2472W at the wall, giving a rated efficiency of 2.47 J/kH. It is an air-cooled machine and mines Monero. Efficiency - joules per unit of hashrate - is the number that decides whether a miner survives a difficulty increase, so compare 2.47 J/kH against your electricity price before you commit capital. Profitability and ROI: model it the honest way. Take daily revenue at current network difficulty, subtract (2472 / 1,000 x 24 x your kWh rate), then divide the… Buy the Bitmain Antminer X9 1000 kH/s XMR Miner from Bitcoin Mining Depot: verified new stock, crypto checkout, worldwide express delivery and hosting or repair support on request.	https://bitcoinminingdepot.net/products/bitmain-antminer-x9-1000-kh-s	https://assets-www.bitmain.com.cn/shop-image-storage-s3/product/2025/10/01/15/34a89bc2-feb6-4b27-92b7-395cf5791e17.png	https://assets-www.bitmain.com.cn/shop-image-storage-s3/product/2025/10/01/15/c856dd20-6f26-4243-a4ea-55a599ea4984.png,https://assets-www.bitmain.com.cn/shop-image-storage-s3/product/2025/10/01/15/cacaf8a8-94c8-4ecd-bd20-735bbbaf10f3.png	in_stock	5600.00 USD		new	Bitmain	BITMAIN-ANTMINER-X9-1000-KH-S	yes	5710	Bitcoin Mining Hardware > ASIC Miners	bitmain-new	1000 kH/s hashrate on RandomX,2472W power draw,2.47 J/kH energy efficiency,New unit, bench-tested before dispatch,Ships worldwide from Hong Kong by DHL / FedEx express,30-day functional warranty and in-house repair support,Cooling: Air cooling,Voltage: 200-240V AC	US:::0.00 USD,CA:::0.00 USD,GB:::0.00 USD,IE:::0.00 USD,DE:::0.00 USD,FR:::0.00 USD,NL:::0.00 USD,BE:::0.00 USD,LU:::0.00 USD,AT:::0.00 USD,CH:::0.00 USD,IT:::0.00 USD,ES:::0.00 USD,PT:::0.00 USD,SE:::0.00 USD,NO:::0.00 USD,DK:::0.00 USD,FI:::0.00 USD,PL:::0.00 USD,CZ:::0.00 USD,SK:::0.00 USD,HU:::0.00 USD,RO:::0.00 USD,GR:::0.00 USD,TR:::0.00 USD,AU:::0.00 USD,NZ:::0.00 USD,JP:::0.00 USD,KR:::0.00 USD,SG:::0.00 USD,MY:::0.00 USD,TH:::0.00 USD,VN:::0.00 USD,PH:::0.00 USD,ID:::0.00 USD,IN:::0.00 USD,HK:::0.00 USD,TW:::0.00 USD,AE:::0.00 USD,SA:::0.00 USD,QA:::0.00 USD,KW:::0.00 USD,BH:::0.00 USD,OM:::0.00 USD,IL:::0.00 USD,ZA:::0.00 USD,NG:::0.00 USD,KE:::0.00 USD,EG:::0.00 USD,MA:::0.00 USD,BR:::0.00 USD,AR:::0.00 USD,CL:::0.00 USD,CO:::0.00 USD,MX:::0.00 USD,PE:::0.00 USD,UY:::0.00 USD,RU:::0.00 USD,UA:::0.00 USD,KZ:::0.00 USD,GE:::0.00 USD,PK:::0.00 USD,BD:::0.00 USD,LK:::0.00 USD,NP:::0.00 USD,CN:::0.00 USD	15 kg	new	RandomX	4000-10000	Bitmain	Air cooling
bitmain-antminer-ks7-40-th-s	Bitmain Antminer KS7 40 Th/s KAS Miner	40 Th/s kHeavyHash miner at 77 J/Th and 3080W. New Bitmain stock, bench-tested, warranty, worldwide shipping from Hong Kong. Brand: Bitmain. Model: Bitmain Antminer KS7. Cooling: Air cooling. Network: Ethernet RJ45. Voltage: 200-240V AC. Hashrate: 40 Th/s. Warranty: Manufacturer warranty + Bitcoin Mining Depot repair support. Algorithm: kHeavyHash - genuine Bitmain hardware in stock at Bitcoin Mining Depot and shipped worldwide from our Causeway Bay, Hong Kong warehouse. Every unit is bench-powered, hashrate-verified against factory specification and thermally checked before it is packed, so the machine that arrives is exactly the machine you paid for. Performance and specifications: the Bitmain Antminer KS7 runs the kHeavyHash algorithm at 40 Th/s while drawing approximately 3080W at the wall, giving a rated efficiency of 77 J/Th. It is an air-cooled machine and mines Kaspa. Efficiency - joules per unit of hashrate - is the number that decides whether a miner survives a difficulty increase, so compare 77 J/Th against your electricity price before you commit capital. Profitability and ROI: model it the honest way. Take daily revenue at current network difficulty, subtract (3080 / 1,000 x 24 x your kWh rate), then divide the… Buy the Bitmain Antminer KS7 40 Th/s KAS Miner from Bitcoin Mining Depot: verified new stock, crypto checkout, worldwide express delivery and hosting or repair support on request.	https://bitcoinminingdepot.net/products/bitmain-antminer-ks7-40-th-s	https://assets-www.bitmain.com.cn/shop-image-storage-s3/product/2024/02/25/17/61df2718-38bc-47bc-8e42-ad1f30691558.jpg	https://assets-www.bitmain.com.cn/shop-image-storage-s3/product/2024/02/25/17/f8ff2c3d-10e8-4b8f-b161-508ad553fc18.jpg,https://assets-www.bitmain.com.cn/shop-image-storage-s3/product/2023/11/08/10/6b23716f-d65b-4e61-b4c2-3c68cf90b455.jpg	in_stock	1540.00 USD		new	Bitmain	BITMAIN-ANTMINER-KS7-40-TH-S	yes	5710	Bitcoin Mining Hardware > ASIC Miners	bitmain-new	40 Th/s hashrate on kHeavyHash,3080W power draw,77 J/Th energy efficiency,New unit, bench-tested before dispatch,Ships worldwide from Hong Kong by DHL / FedEx express,30-day functional warranty and in-house repair support,Cooling: Air cooling,Voltage: 200-240V AC	US:::0.00 USD,CA:::0.00 USD,GB:::0.00 USD,IE:::0.00 USD,DE:::0.00 USD,FR:::0.00 USD,NL:::0.00 USD,BE:::0.00 USD,LU:::0.00 USD,AT:::0.00 USD,CH:::0.00 USD,IT:::0.00 USD,ES:::0.00 USD,PT:::0.00 USD,SE:::0.00 USD,NO:::0.00 USD,DK:::0.00 USD,FI:::0.00 USD,PL:::0.00 USD,CZ:::0.00 USD,SK:::0.00 USD,HU:::0.00 USD,RO:::0.00 USD,GR:::0.00 USD,TR:::0.00 USD,AU:::0.00 USD,NZ:::0.00 USD,JP:::0.00 USD,KR:::0.00 USD,SG:::0.00 USD,MY:::0.00 USD,TH:::0.00 USD,VN:::0.00 USD,PH:::0.00 USD,ID:::0.00 USD,IN:::0.00 USD,HK:::0.00 USD,TW:::0.00 USD,AE:::0.00 USD,SA:::0.00 USD,QA:::0.00 USD,KW:::0.00 USD,BH:::0.00 USD,OM:::0.00 USD,IL:::0.00 USD,ZA:::0.00 USD,NG:::0.00 USD,KE:::0.00 USD,EG:::0.00 USD,MA:::0.00 USD,BR:::0.00 USD,AR:::0.00 USD,CL:::0.00 USD,CO:::0.00 USD,MX:::0.00 USD,PE:::0.00 USD,UY:::0.00 USD,RU:::0.00 USD,UA:::0.00 USD,KZ:::0.00 USD,GE:::0.00 USD,PK:::0.00 USD,BD:::0.00 USD,LK:::0.00 USD,NP:::0.00 USD,CN:::0.00 USD	15 kg	new	kHeavyHash	1500-4000	Bitmain	Air cooling
bitmain-antminer-l7-9050-mh-s	Bitmain Antminer L7 9050 Mh/s LTC Miner	9050 Mh/s Scrypt miner at 0.36 J/Mh and 3258W. New Bitmain stock, bench-tested, warranty, worldwide shipping from Hong Kong. Brand: Bitmain. Model: Bitmain Antminer L7. Cooling: Air cooling. Network: Ethernet RJ45. Voltage: 200-240V AC. Hashrate: 9050 Mh/s. Warranty: Manufacturer warranty + Bitcoin Mining Depot repair support. Algorithm: Scrypt - genuine Bitmain hardware in stock at Bitcoin Mining Depot and shipped worldwide from our Causeway Bay, Hong Kong warehouse. Every unit is bench-powered, hashrate-verified against factory specification and thermally checked before it is packed, so the machine that arrives is exactly the machine you paid for. Performance and specifications: the Bitmain Antminer L7 runs the Scrypt algorithm at 9050 Mh/s while drawing approximately 3258W at the wall, giving a rated efficiency of 0.36 J/Mh. It is an air-cooled machine and mines Litecoin, Dogecoin, Bellscoin, Junkcoin, LuckyCoin and Pepecoin. Efficiency - joules per unit of hashrate - is the number that decides whether a miner survives a difficulty increase, so compare 0.36 J/Mh against your electricity price before you commit capital. Profitability and ROI: model it the honest way. Take daily revenue at current network difficulty, subtract… Buy the Bitmain Antminer L7 9050 Mh/s LTC Miner from Bitcoin Mining Depot: verified new stock, crypto checkout, worldwide express delivery and hosting or repair support on request.	https://bitcoinminingdepot.net/products/bitmain-antminer-l7-9050-mh-s	https://assets-www.bitmain.com.cn/shop-image-storage-s3/product/2022/08/18/11/86312f5f-bf46-43e2-8867-ee68fe210671.jpg	https://assets-www.bitmain.com.cn/shop-image-storage-s3/product/2022/08/18/11/36ad1ada-3a52-45ef-8b71-e68c347e72cc.jpg,https://assets-www.bitmain.com.cn/shop-image-storage-s3/product/2022/08/18/11/4eec82a9-f324-422f-94aa-36c9d23f1c31.jpg	in_stock	724.00 USD		new	Bitmain	BITMAIN-ANTMINER-L7-9050-MH-S	yes	5710	Bitcoin Mining Hardware > ASIC Miners	bitmain-new	9050 Mh/s hashrate on Scrypt,3258W power draw,0.36 J/Mh energy efficiency,New unit, bench-tested before dispatch,Ships worldwide from Hong Kong by DHL / FedEx express,30-day functional warranty and in-house repair support,Cooling: Air cooling,Voltage: 200-240V AC	US:::0.00 USD,CA:::0.00 USD,GB:::0.00 USD,IE:::0.00 USD,DE:::0.00 USD,FR:::0.00 USD,NL:::0.00 USD,BE:::0.00 USD,LU:::0.00 USD,AT:::0.00 USD,CH:::0.00 USD,IT:::0.00 USD,ES:::0.00 USD,PT:::0.00 USD,SE:::0.00 USD,NO:::0.00 USD,DK:::0.00 USD,FI:::0.00 USD,PL:::0.00 USD,CZ:::0.00 USD,SK:::0.00 USD,HU:::0.00 USD,RO:::0.00 USD,GR:::0.00 USD,TR:::0.00 USD,AU:::0.00 USD,NZ:::0.00 USD,JP:::0.00 USD,KR:::0.00 USD,SG:::0.00 USD,MY:::0.00 USD,TH:::0.00 USD,VN:::0.00 USD,PH:::0.00 USD,ID:::0.00 USD,IN:::0.00 USD,HK:::0.00 USD,TW:::0.00 USD,AE:::0.00 USD,SA:::0.00 USD,QA:::0.00 USD,KW:::0.00 USD,BH:::0.00 USD,OM:::0.00 USD,IL:::0.00 USD,ZA:::0.00 USD,NG:::0.00 USD,KE:::0.00 USD,EG:::0.00 USD,MA:::0.00 USD,BR:::0.00 USD,AR:::0.00 USD,CL:::0.00 USD,CO:::0.00 USD,MX:::0.00 USD,PE:::0.00 USD,UY:::0.00 USD,RU:::0.00 USD,UA:::0.00 USD,KZ:::0.00 USD,GE:::0.00 USD,PK:::0.00 USD,BD:::0.00 USD,LK:::0.00 USD,NP:::0.00 USD,CN:::0.00 USD	15 kg	new	Scrypt	500-1500	Bitmain	Air cooling
bitmain-antminer-d9-1770-gh-s	Bitmain Antminer D9 1770 Gh/s DASH Miner	1770 Gh/s X11 miner at 1.6 J/Gh and 2839W. New Bitmain stock, bench-tested, warranty, worldwide shipping from Hong Kong. Brand: Bitmain. Model: Bitmain Antminer D9. Cooling: Air cooling. Network: Ethernet RJ45. Voltage: 200-240V AC. Hashrate: 1770 Gh/s. Warranty: Manufacturer warranty + Bitcoin Mining Depot repair support. Algorithm: X11 - genuine Bitmain hardware in stock at Bitcoin Mining Depot and shipped worldwide from our Causeway Bay, Hong Kong warehouse. Every unit is bench-powered, hashrate-verified against factory specification and thermally checked before it is packed, so the machine that arrives is exactly the machine you paid for. Performance and specifications: the Bitmain Antminer D9 runs the X11 algorithm at 1770 Gh/s while drawing approximately 2839W at the wall, giving a rated efficiency of 1.6 J/Gh. It is an air-cooled machine and mines Dash. Efficiency - joules per unit of hashrate - is the number that decides whether a miner survives a difficulty increase, so compare 1.6 J/Gh against your electricity price before you commit capital. Profitability and ROI: model it the honest way. Take daily revenue at current network difficulty, subtract (2839 / 1,000 x 24 x your kWh rate), then divide the delivered… Buy the Bitmain Antminer D9 1770 Gh/s DASH Miner from Bitcoin Mining Depot: verified new stock, crypto checkout, worldwide express delivery and hosting or repair support on request.	https://bitcoinminingdepot.net/products/bitmain-antminer-d9-1770-gh-s	https://assets-www.bitmain.com.cn/shop-image-storage-s3/product/2023/02/08/16/e1d559f3-7346-4730-a72f-fc836325a74b.jpg	https://assets-www.bitmain.com.cn/shop-image-storage-s3/product/2023/02/08/16/ec837325-a37e-4d08-ab2e-65d7eb60c1b4.jpg,https://assets-www.bitmain.com.cn/shop-image-storage-s3/product/2023/02/08/16/cd5468d3-9b76-4f63-abd9-d3f7b5b1ba04.jpg	in_stock	1168.20 USD		new	Bitmain	BITMAIN-ANTMINER-D9-1770-GH-S	yes	5710	Bitcoin Mining Hardware > ASIC Miners	bitmain-new	1770 Gh/s hashrate on X11,2839W power draw,1.6 J/Gh energy efficiency,New unit, bench-tested before dispatch,Ships worldwide from Hong Kong by DHL / FedEx express,30-day functional warranty and in-house repair support,Cooling: Air cooling,Voltage: 200-240V AC	US:::0.00 USD,CA:::0.00 USD,GB:::0.00 USD,IE:::0.00 USD,DE:::0.00 USD,FR:::0.00 USD,NL:::0.00 USD,BE:::0.00 USD,LU:::0.00 USD,AT:::0.00 USD,CH:::0.00 USD,IT:::0.00 USD,ES:::0.00 USD,PT:::0.00 USD,SE:::0.00 USD,NO:::0.00 USD,DK:::0.00 USD,FI:::0.00 USD,PL:::0.00 USD,CZ:::0.00 USD,SK:::0.00 USD,HU:::0.00 USD,RO:::0.00 USD,GR:::0.00 USD,TR:::0.00 USD,AU:::0.00 USD,NZ:::0.00 USD,JP:::0.00 USD,KR:::0.00 USD,SG:::0.00 USD,MY:::0.00 USD,TH:::0.00 USD,VN:::0.00 USD,PH:::0.00 USD,ID:::0.00 USD,IN:::0.00 USD,HK:::0.00 USD,TW:::0.00 USD,AE:::0.00 USD,SA:::0.00 USD,QA:::0.00 USD,KW:::0.00 USD,BH:::0.00 USD,OM:::0.00 USD,IL:::0.00 USD,ZA:::0.00 USD,NG:::0.00 USD,KE:::0.00 USD,EG:::0.00 USD,MA:::0.00 USD,BR:::0.00 USD,AR:::0.00 USD,CL:::0.00 USD,CO:::0.00 USD,MX:::0.00 USD,PE:::0.00 USD,UY:::0.00 USD,RU:::0.00 USD,UA:::0.00 USD,KZ:::0.00 USD,GE:::0.00 USD,PK:::0.00 USD,BD:::0.00 USD,LK:::0.00 USD,NP:::0.00 USD,CN:::0.00 USD	15 kg	new	X11	500-1500	Bitmain	Air cooling
bitmain-antminer-l9-16-gh-s	Bitmain Antminer L9 16 Gh/s LTC Miner	16 Gh/s Scrypt miner at 210 J/Gh and 3360W. New Bitmain stock, bench-tested, warranty, worldwide shipping from Hong Kong. Brand: Bitmain. Model: Bitmain Antminer L9. Cooling: Air cooling. Network: Ethernet RJ45. Voltage: 200-240V AC. Hashrate: 16 Gh/s. Warranty: Manufacturer warranty + Bitcoin Mining Depot repair support. Algorithm: Scrypt - genuine Bitmain hardware in stock at Bitcoin Mining Depot and shipped worldwide from our Causeway Bay, Hong Kong warehouse. Every unit is bench-powered, hashrate-verified against factory specification and thermally checked before it is packed, so the machine that arrives is exactly the machine you paid for. Performance and specifications: the Bitmain Antminer L9 runs the Scrypt algorithm at 16 Gh/s while drawing approximately 3360W at the wall, giving a rated efficiency of 210 J/Gh. It is an air-cooled machine and mines Litecoin, Dogecoin, Bellscoin, Junkcoin, LuckyCoin and Pepecoin. Efficiency - joules per unit of hashrate - is the number that decides whether a miner survives a difficulty increase, so compare 210 J/Gh against your electricity price before you commit capital. Profitability and ROI: model it the honest way. Take daily revenue at current network difficulty, subtract… Buy the Bitmain Antminer L9 16 Gh/s LTC Miner from Bitcoin Mining Depot: verified new stock, crypto checkout, worldwide express delivery and hosting or repair support on request.	https://bitcoinminingdepot.net/products/bitmain-antminer-l9-16-gh-s	https://assets-www.bitmain.com.cn/shop-image-storage-s3/product/2024/06/04/14/970be6c0-953e-461d-8dc3-6d9f635c0855.jpg	https://assets-www.bitmain.com.cn/shop-image-storage-s3/product/2024/06/04/14/e7ea4e82-36a7-4924-af81-6b5451fba478.jpg,https://assets-www.bitmain.com.cn/shop-image-storage-s3/product/2024/06/04/14/5f597e74-9be6-4d79-963e-5886680463eb.jpg	in_stock	3360.00 USD		new	Bitmain	BITMAIN-ANTMINER-L9-16-GH-S	yes	5710	Bitcoin Mining Hardware > ASIC Miners	bitmain-new	16 Gh/s hashrate on Scrypt,3360W power draw,210 J/Gh energy efficiency,New unit, bench-tested before dispatch,Ships worldwide from Hong Kong by DHL / FedEx express,30-day functional warranty and in-house repair support,Cooling: Air cooling,Voltage: 200-240V AC	US:::0.00 USD,CA:::0.00 USD,GB:::0.00 USD,IE:::0.00 USD,DE:::0.00 USD,FR:::0.00 USD,NL:::0.00 USD,BE:::0.00 USD,LU:::0.00 USD,AT:::0.00 USD,CH:::0.00 USD,IT:::0.00 USD,ES:::0.00 USD,PT:::0.00 USD,SE:::0.00 USD,NO:::0.00 USD,DK:::0.00 USD,FI:::0.00 USD,PL:::0.00 USD,CZ:::0.00 USD,SK:::0.00 USD,HU:::0.00 USD,RO:::0.00 USD,GR:::0.00 USD,TR:::0.00 USD,AU:::0.00 USD,NZ:::0.00 USD,JP:::0.00 USD,KR:::0.00 USD,SG:::0.00 USD,MY:::0.00 USD,TH:::0.00 USD,VN:::0.00 USD,PH:::0.00 USD,ID:::0.00 USD,IN:::0.00 USD,HK:::0.00 USD,TW:::0.00 USD,AE:::0.00 USD,SA:::0.00 USD,QA:::0.00 USD,KW:::0.00 USD,BH:::0.00 USD,OM:::0.00 USD,IL:::0.00 USD,ZA:::0.00 USD,NG:::0.00 USD,KE:::0.00 USD,EG:::0.00 USD,MA:::0.00 USD,BR:::0.00 USD,AR:::0.00 USD,CL:::0.00 USD,CO:::0.00 USD,MX:::0.00 USD,PE:::0.00 USD,UY:::0.00 USD,RU:::0.00 USD,UA:::0.00 USD,KZ:::0.00 USD,GE:::0.00 USD,PK:::0.00 USD,BD:::0.00 USD,LK:::0.00 USD,NP:::0.00 USD,CN:::0.00 USD	15 kg	new	Scrypt	1500-4000	Bitmain	Air cooling
bitmain-antminer-s21-imm-215-th-s	Bitmain Antminer S21 Imm. 215 Th/s Bitcoin Miner	215 Th/s SHA-256 (Bitcoin) miner at 16 J/Th and 3440W. New Bitmain stock, bench-tested, warranty, worldwide shipping from Hong Kong. Brand: Bitmain. Model: Bitmain Antminer S21 Imm.. Cooling: Immersion cooling. Network: Ethernet RJ45. Voltage: 200-240V AC. Hashrate: 215 Th/s. Warranty: Manufacturer warranty + Bitcoin Mining Depot repair support. Algorithm: SHA-256 (Bitcoin) - genuine Bitmain hardware in stock at Bitcoin Mining Depot and shipped worldwide from our Causeway Bay, Hong Kong warehouse. Every unit is bench-powered, hashrate-verified against factory specification and thermally checked before it is packed, so the machine that arrives is exactly the machine you paid for. Performance and specifications: the Bitmain Antminer S21 Imm. runs the SHA-256 (Bitcoin) algorithm at 215 Th/s while drawing approximately 3440W at the wall, giving a rated efficiency of 16 J/Th. It is an immersion-cooled machine and mines Bitcoin (BTC), Bitcoin Cash (BCH) and Bitcoin SV (BSV). Efficiency - joules per unit of hashrate - is the number that decides whether a miner survives a difficulty increase, so compare 16 J/Th against your electricity price before you commit capital. Profitability and ROI: model it the honest way. Take daily revenue at current network difficulty… Buy the Bitmain Antminer S21 Imm. 215 Th/s Bitcoin Miner from Bitcoin Mining Depot: verified new stock, crypto checkout, worldwide express delivery and hosting or repair support on request.	https://bitcoinminingdepot.net/products/bitmain-antminer-s21-imm-215-th-s	https://assets-www.bitmain.com.cn/shop-image-storage-s3/product/2024/07/24/11/12d291d8-15b6-42e8-901a-6a2e5bc58203.jpg	https://assets-www.bitmain.com.cn/shop-image-storage-s3/product/2024/07/24/11/adf46285-6585-4ccb-bdb9-14f9a18bf9ad.jpg,https://assets-www.bitmain.com.cn/shop-image-storage-s3/product/2024/07/24/11/848cc6c2-eb36-4a4b-8ba2-c37aa283a784.jpg	in_stock	1290.00 USD		new	Bitmain	BITMAIN-ANTMINER-S21-IMM-215-TH-S	yes	5710	Bitcoin Mining Hardware > Immersion Cooling	bitmain-new	215 Th/s hashrate on SHA-256 (Bitcoin),3440W power draw,16 J/Th energy efficiency,New unit, bench-tested before dispatch,Ships worldwide from Hong Kong by DHL / FedEx express,30-day functional warranty and in-house repair support,Cooling: Immersion cooling,Voltage: 200-240V AC	US:::0.00 USD,CA:::0.00 USD,GB:::0.00 USD,IE:::0.00 USD,DE:::0.00 USD,FR:::0.00 USD,NL:::0.00 USD,BE:::0.00 USD,LU:::0.00 USD,AT:::0.00 USD,CH:::0.00 USD,IT:::0.00 USD,ES:::0.00 USD,PT:::0.00 USD,SE:::0.00 USD,NO:::0.00 USD,DK:::0.00 USD,FI:::0.00 USD,PL:::0.00 USD,CZ:::0.00 USD,SK:::0.00 USD,HU:::0.00 USD,RO:::0.00 USD,GR:::0.00 USD,TR:::0.00 USD,AU:::0.00 USD,NZ:::0.00 USD,JP:::0.00 USD,KR:::0.00 USD,SG:::0.00 USD,MY:::0.00 USD,TH:::0.00 USD,VN:::0.00 USD,PH:::0.00 USD,ID:::0.00 USD,IN:::0.00 USD,HK:::0.00 USD,TW:::0.00 USD,AE:::0.00 USD,SA:::0.00 USD,QA:::0.00 USD,KW:::0.00 USD,BH:::0.00 USD,OM:::0.00 USD,IL:::0.00 USD,ZA:::0.00 USD,NG:::0.00 USD,KE:::0.00 USD,EG:::0.00 USD,MA:::0.00 USD,BR:::0.00 USD,AR:::0.00 USD,CL:::0.00 USD,CO:::0.00 USD,MX:::0.00 USD,PE:::0.00 USD,UY:::0.00 USD,RU:::0.00 USD,UA:::0.00 USD,KZ:::0.00 USD,GE:::0.00 USD,PK:::0.00 USD,BD:::0.00 USD,LK:::0.00 USD,NP:::0.00 USD,CN:::0.00 USD	15 kg	new	SHA-256 (Bitcoin)	500-1500	Bitmain	Immersion cooling
bitmain-antminer-s21e-hyd-288-th-s	Bitmain Antminer S21e Hyd. 288 Th/s Bitcoin Miner	288 Th/s SHA-256 (Bitcoin) miner at 17 J/Th and 4896W. New Bitmain stock, bench-tested, warranty, worldwide shipping from Hong Kong. Brand: Bitmain. Model: Bitmain Antminer S21e Hyd.. Cooling: Hydro / water cooling. Network: Ethernet RJ45. Voltage: 200-240V AC. Hashrate: 288 Th/s. Warranty: Manufacturer warranty + Bitcoin Mining Depot repair support. Algorithm: SHA-256 (Bitcoin) - genuine Bitmain hardware in stock at Bitcoin Mining Depot and shipped worldwide from our Causeway Bay, Hong Kong warehouse. Every unit is bench-powered, hashrate-verified against factory specification and thermally checked before it is packed, so the machine that arrives is exactly the machine you paid for. Performance and specifications: the Bitmain Antminer S21e Hyd. runs the SHA-256 (Bitcoin) algorithm at 288 Th/s while drawing approximately 4896W at the wall, giving a rated efficiency of 17 J/Th. It is a hydro (water-cooled) machine and mines Bitcoin (BTC), Bitcoin Cash (BCH) and Bitcoin SV (BSV). Efficiency - joules per unit of hashrate - is the number that decides whether a miner survives a difficulty increase, so compare 17 J/Th against your electricity price before you commit capital. Profitability and ROI: model it the honest way. Take daily revenue at current network… Buy the Bitmain Antminer S21e Hyd. 288 Th/s Bitcoin Miner from Bitcoin Mining Depot: verified new stock, crypto checkout, worldwide express delivery and hosting or repair support on request.	https://bitcoinminingdepot.net/products/bitmain-antminer-s21e-hyd-288-th-s	https://assets-www.bitmain.com.cn/shop-image-storage-s3/product/2025/04/16/16/547a1d9e-4ed3-4e82-b175-e410ca3a6e03.png	https://assets-www.bitmain.com.cn/shop-image-storage-s3/product/2025/04/16/16/4f6388eb-b90e-42df-a210-f75294b153cc.png,https://assets-www.bitmain.com.cn/shop-image-storage-s3/product/2025/04/16/16/5b56bb27-9d67-4b82-be33-81278efd6c28.png	in_stock	1728.00 USD		new	Bitmain	BITMAIN-ANTMINER-S21E-HYD-288-TH-S	yes	5710	Bitcoin Mining Hardware > Bitcoin Mining Machines	bitmain-new	288 Th/s hashrate on SHA-256 (Bitcoin),4896W power draw,17 J/Th energy efficiency,New unit, bench-tested before dispatch,Ships worldwide from Hong Kong by DHL / FedEx express,30-day functional warranty and in-house repair support,Cooling: Hydro / water cooling,Voltage: 200-240V AC	US:::0.00 USD,CA:::0.00 USD,GB:::0.00 USD,IE:::0.00 USD,DE:::0.00 USD,FR:::0.00 USD,NL:::0.00 USD,BE:::0.00 USD,LU:::0.00 USD,AT:::0.00 USD,CH:::0.00 USD,IT:::0.00 USD,ES:::0.00 USD,PT:::0.00 USD,SE:::0.00 USD,NO:::0.00 USD,DK:::0.00 USD,FI:::0.00 USD,PL:::0.00 USD,CZ:::0.00 USD,SK:::0.00 USD,HU:::0.00 USD,RO:::0.00 USD,GR:::0.00 USD,TR:::0.00 USD,AU:::0.00 USD,NZ:::0.00 USD,JP:::0.00 USD,KR:::0.00 USD,SG:::0.00 USD,MY:::0.00 USD,TH:::0.00 USD,VN:::0.00 USD,PH:::0.00 USD,ID:::0.00 USD,IN:::0.00 USD,HK:::0.00 USD,TW:::0.00 USD,AE:::0.00 USD,SA:::0.00 USD,QA:::0.00 USD,KW:::0.00 USD,BH:::0.00 USD,OM:::0.00 USD,IL:::0.00 USD,ZA:::0.00 USD,NG:::0.00 USD,KE:::0.00 USD,EG:::0.00 USD,MA:::0.00 USD,BR:::0.00 USD,AR:::0.00 USD,CL:::0.00 USD,CO:::0.00 USD,MX:::0.00 USD,PE:::0.00 USD,UY:::0.00 USD,RU:::0.00 USD,UA:::0.00 USD,KZ:::0.00 USD,GE:::0.00 USD,PK:::0.00 USD,BD:::0.00 USD,LK:::0.00 USD,NP:::0.00 USD,CN:::0.00 USD	15 kg	new	SHA-256 (Bitcoin)	1500-4000	Bitmain	Hydro / water cooling
bitmain-antminer-s21-xp-270-th-s	Bitmain Antminer S21 XP 270 Th/s Bitcoin Miner	270 Th/s SHA-256 (Bitcoin) miner at 13.5 J/Th and 3645W. New Bitmain stock, bench-tested, warranty, worldwide shipping from Hong Kong. Brand: Bitmain. Model: Bitmain Antminer S21 XP. Cooling: Air cooling. Network: Ethernet RJ45. Voltage: 200-240V AC. Hashrate: 270 Th/s. Warranty: Manufacturer warranty + Bitcoin Mining Depot repair support. Algorithm: SHA-256 (Bitcoin) - genuine Bitmain hardware in stock at Bitcoin Mining Depot and shipped worldwide from our Causeway Bay, Hong Kong warehouse. Every unit is bench-powered, hashrate-verified against factory specification and thermally checked before it is packed, so the machine that arrives is exactly the machine you paid for. Performance and specifications: the Bitmain Antminer S21 XP runs the SHA-256 (Bitcoin) algorithm at 270 Th/s while drawing approximately 3645W at the wall, giving a rated efficiency of 13.5 J/Th. It is an air-cooled machine and mines Bitcoin (BTC), Bitcoin Cash (BCH) and Bitcoin SV (BSV). Efficiency - joules per unit of hashrate - is the number that decides whether a miner survives a difficulty increase, so compare 13.5 J/Th against your electricity price before you commit capital. Profitability and ROI: model it the honest way. Take daily revenue at current network difficulty… Buy the Bitmain Antminer S21 XP 270 Th/s Bitcoin Miner from Bitcoin Mining Depot: verified new stock, crypto checkout, worldwide express delivery and hosting or repair support on request.	https://bitcoinminingdepot.net/products/bitmain-antminer-s21-xp-270-th-s	https://assets-www.bitmain.com.cn/shop-image-storage-s3/product/2024/06/28/13/4c2af89a-8fec-42b1-9ff1-905375e027ee.jpg	https://assets-www.bitmain.com.cn/shop-image-storage-s3/product/2024/06/28/13/e172aa52-fe08-4efb-8399-277e5160ffa5.jpg	in_stock	4590.00 USD		new	Bitmain	BITMAIN-ANTMINER-S21-XP-270-TH-S	yes	5710	Bitcoin Mining Hardware > Bitcoin Mining Machines	bitmain-new	270 Th/s hashrate on SHA-256 (Bitcoin),3645W power draw,13.5 J/Th energy efficiency,New unit, bench-tested before dispatch,Ships worldwide from Hong Kong by DHL / FedEx express,30-day functional warranty and in-house repair support,Cooling: Air cooling,Voltage: 200-240V AC	US:::0.00 USD,CA:::0.00 USD,GB:::0.00 USD,IE:::0.00 USD,DE:::0.00 USD,FR:::0.00 USD,NL:::0.00 USD,BE:::0.00 USD,LU:::0.00 USD,AT:::0.00 USD,CH:::0.00 USD,IT:::0.00 USD,ES:::0.00 USD,PT:::0.00 USD,SE:::0.00 USD,NO:::0.00 USD,DK:::0.00 USD,FI:::0.00 USD,PL:::0.00 USD,CZ:::0.00 USD,SK:::0.00 USD,HU:::0.00 USD,RO:::0.00 USD,GR:::0.00 USD,TR:::0.00 USD,AU:::0.00 USD,NZ:::0.00 USD,JP:::0.00 USD,KR:::0.00 USD,SG:::0.00 USD,MY:::0.00 USD,TH:::0.00 USD,VN:::0.00 USD,PH:::0.00 USD,ID:::0.00 USD,IN:::0.00 USD,HK:::0.00 USD,TW:::0.00 USD,AE:::0.00 USD,SA:::0.00 USD,QA:::0.00 USD,KW:::0.00 USD,BH:::0.00 USD,OM:::0.00 USD,IL:::0.00 USD,ZA:::0.00 USD,NG:::0.00 USD,KE:::0.00 USD,EG:::0.00 USD,MA:::0.00 USD,BR:::0.00 USD,AR:::0.00 USD,CL:::0.00 USD,CO:::0.00 USD,MX:::0.00 USD,PE:::0.00 USD,UY:::0.00 USD,RU:::0.00 USD,UA:::0.00 USD,KZ:::0.00 USD,GE:::0.00 USD,PK:::0.00 USD,BD:::0.00 USD,LK:::0.00 USD,NP:::0.00 USD,CN:::0.00 USD	15 kg	new	SHA-256 (Bitcoin)	4000-10000	Bitmain	Air cooling
bitmain-antminer-s23-305-th-s	Bitmain Antminer S23 305 Th/s Bitcoin Miner	305 Th/s SHA-256 (Bitcoin) miner at 11 J/Th and 3355W. New Bitmain stock, bench-tested, warranty, worldwide shipping from Hong Kong. Brand: Bitmain. Model: Bitmain Antminer S23. Cooling: Air cooling. Network: Ethernet RJ45. Voltage: 200-240V AC. Hashrate: 305 Th/s. Warranty: Manufacturer warranty + Bitcoin Mining Depot repair support. Algorithm: SHA-256 (Bitcoin) - genuine Bitmain hardware in stock at Bitcoin Mining Depot and shipped worldwide from our Causeway Bay, Hong Kong warehouse. Every unit is bench-powered, hashrate-verified against factory specification and thermally checked before it is packed, so the machine that arrives is exactly the machine you paid for. Performance and specifications: the Bitmain Antminer S23 runs the SHA-256 (Bitcoin) algorithm at 305 Th/s while drawing approximately 3355W at the wall, giving a rated efficiency of 11 J/Th. It is an air-cooled machine and mines Bitcoin (BTC), Bitcoin Cash (BCH) and Bitcoin SV (BSV). Efficiency - joules per unit of hashrate - is the number that decides whether a miner survives a difficulty increase, so compare 11 J/Th against your electricity price before you commit capital. Profitability and ROI: model it the honest way. Take daily revenue at current network difficulty, subtract… Buy the Bitmain Antminer S23 305 Th/s Bitcoin Miner from Bitcoin Mining Depot: verified new stock, crypto checkout, worldwide express delivery and hosting or repair support on request.	https://bitcoinminingdepot.net/products/bitmain-antminer-s23-305-th-s	https://assets-www.bitmain.com.cn/shop-image-storage-s3/product/2026/04/24/11/b9357e9e-7e7f-4e7c-99ba-fe292c9603c2.png	https://assets-www.bitmain.com.cn/shop-image-storage-s3/product/2026/04/24/11/dfd9aa00-fc90-468a-a865-d7ceb1b15885.png,https://assets-www.bitmain.com.cn/shop-image-storage-s3/product/2026/04/24/11/bf0a6121-225a-486a-9585-6162917e19fb.png	in_stock	9150.00 USD		new	Bitmain	BITMAIN-ANTMINER-S23-305-TH-S	yes	5710	Bitcoin Mining Hardware > Bitcoin Mining Machines	bitmain-new	305 Th/s hashrate on SHA-256 (Bitcoin),3355W power draw,11 J/Th energy efficiency,New unit, bench-tested before dispatch,Ships worldwide from Hong Kong by DHL / FedEx express,30-day functional warranty and in-house repair support,Cooling: Air cooling,Voltage: 200-240V AC	US:::0.00 USD,CA:::0.00 USD,GB:::0.00 USD,IE:::0.00 USD,DE:::0.00 USD,FR:::0.00 USD,NL:::0.00 USD,BE:::0.00 USD,LU:::0.00 USD,AT:::0.00 USD,CH:::0.00 USD,IT:::0.00 USD,ES:::0.00 USD,PT:::0.00 USD,SE:::0.00 USD,NO:::0.00 USD,DK:::0.00 USD,FI:::0.00 USD,PL:::0.00 USD,CZ:::0.00 USD,SK:::0.00 USD,HU:::0.00 USD,RO:::0.00 USD,GR:::0.00 USD,TR:::0.00 USD,AU:::0.00 USD,NZ:::0.00 USD,JP:::0.00 USD,KR:::0.00 USD,SG:::0.00 USD,MY:::0.00 USD,TH:::0.00 USD,VN:::0.00 USD,PH:::0.00 USD,ID:::0.00 USD,IN:::0.00 USD,HK:::0.00 USD,TW:::0.00 USD,AE:::0.00 USD,SA:::0.00 USD,QA:::0.00 USD,KW:::0.00 USD,BH:::0.00 USD,OM:::0.00 USD,IL:::0.00 USD,ZA:::0.00 USD,NG:::0.00 USD,KE:::0.00 USD,EG:::0.00 USD,MA:::0.00 USD,BR:::0.00 USD,AR:::0.00 USD,CL:::0.00 USD,CO:::0.00 USD,MX:::0.00 USD,PE:::0.00 USD,UY:::0.00 USD,RU:::0.00 USD,UA:::0.00 USD,KZ:::0.00 USD,GE:::0.00 USD,PK:::0.00 USD,BD:::0.00 USD,LK:::0.00 USD,NP:::0.00 USD,CN:::0.00 USD	15 kg	new	SHA-256 (Bitcoin)	4000-10000	Bitmain	Air cooling
antrack-v2-ec2-dt	Bitmain ANTRACK V2-EC2-DT 1Set24kW4 Standard Hydro-cooling ANTMINER	Factory-new ANTRACK V2-EC2-DT Bitmain mining infrastructure. 1Set24kW4 Standard Hydro-cooling ANTMINER. Shipped worldwide from Hong Kong with full customs paperwork, warranty and crypto or bank paymen Brand: Bitmain. Model: ANTRACK V2-EC2-DT. Network: Ethernet RJ45. Voltage: 200-240V AC. Warranty: Manufacturer warranty + Bitcoin Mining Depot repair support. Condition: New - factory sealed. Ships From: Causeway Bay, Hong Kong. Configuration: 1Set24kW4 Standard Hydro-cooling ANTMINER - factory-new Bitmain mining infrastructure in stock at Bitcoin Mining Depot, shipped worldwide from our Causeway Bay, Hong Kong facility. Configuration: 1Set24kW4 Standard Hydro-cooling ANTMINER. This unit belongs to Bitmain's industrial deployment line and is designed to sit behind a large ASIC fleet rather than beside a single miner. Buying it from Hong Kong puts you next to the factory and to the freight capacity that moves heavy electrical equipment, which is why landed cost and lead time are usually better than ordering the same equipment through a domestic reseller. We supply the full commercial invoice pack, HS classification and packing list with every shipment, so your customs broker in the USA, Canada, Europe, Australia or anywhere else we deliver can clear it without delay. Duty, VAT and freight are itemised in your quote before you pay, so there is no surprise shipping… Buy the ANTRACK V2-EC2-DT from Bitcoin Mining Depot: verified new stock, crypto checkout, worldwide express delivery and hosting or repair support on request.	https://bitcoinminingdepot.net/products/antrack-v2-ec2-dt	https://assets-www.bitmain.com.cn/shop-image-storage-s3/product/2026/05/09/18/dcf8047f-7350-4a61-bc12-e6957fc8aa8b.png	https://assets-www.bitmain.com.cn/shop-image-storage-s3/product/2026/05/09/11/2f110c0a-378f-4d63-9a13-ff49ff055dff.png,https://assets-www.bitmain.com.cn/shop-image-storage-s3/product/2026/03/09/17/340295f1-db9b-4630-b002-18cc7baed787.jpg	in_stock	2888.00 USD		new	Bitmain	ANTRACK-V2-EC2-DT	yes	5710	Bitcoin Mining Hardware > Hosting Solutions	bitmain-new	1Set24kW4 Standard Hydro-cooling ANTMINER hashrate on -,- power draw,- energy efficiency,New unit, bench-tested before dispatch,Ships worldwide from Hong Kong by DHL / FedEx express,30-day functional warranty and in-house repair support,Voltage: 200-240V AC	US:::0.00 USD,CA:::0.00 USD,GB:::0.00 USD,IE:::0.00 USD,DE:::0.00 USD,FR:::0.00 USD,NL:::0.00 USD,BE:::0.00 USD,LU:::0.00 USD,AT:::0.00 USD,CH:::0.00 USD,IT:::0.00 USD,ES:::0.00 USD,PT:::0.00 USD,SE:::0.00 USD,NO:::0.00 USD,DK:::0.00 USD,FI:::0.00 USD,PL:::0.00 USD,CZ:::0.00 USD,SK:::0.00 USD,HU:::0.00 USD,RO:::0.00 USD,GR:::0.00 USD,TR:::0.00 USD,AU:::0.00 USD,NZ:::0.00 USD,JP:::0.00 USD,KR:::0.00 USD,SG:::0.00 USD,MY:::0.00 USD,TH:::0.00 USD,VN:::0.00 USD,PH:::0.00 USD,ID:::0.00 USD,IN:::0.00 USD,HK:::0.00 USD,TW:::0.00 USD,AE:::0.00 USD,SA:::0.00 USD,QA:::0.00 USD,KW:::0.00 USD,BH:::0.00 USD,OM:::0.00 USD,IL:::0.00 USD,ZA:::0.00 USD,NG:::0.00 USD,KE:::0.00 USD,EG:::0.00 USD,MA:::0.00 USD,BR:::0.00 USD,AR:::0.00 USD,CL:::0.00 USD,CO:::0.00 USD,MX:::0.00 USD,PE:::0.00 USD,UY:::0.00 USD,RU:::0.00 USD,UA:::0.00 USD,KZ:::0.00 USD,GE:::0.00 USD,PK:::0.00 USD,BD:::0.00 USD,LK:::0.00 USD,NP:::0.00 USD,CN:::0.00 USD	15 kg	new	-	1500-4000	Bitmain	air-cooled
bitmain-antminer-z15-pro-840-ksol-s	Bitmain Antminer Z15 Pro 840 kSol/s ZEC Miner	840 kSol/s Equihash miner at 3.31 J/kSol and 2780W. New Bitmain stock, bench-tested, warranty, worldwide shipping from Hong Kong. Brand: Bitmain. Model: Bitmain Antminer Z15 Pro. Cooling: Air cooling. Network: Ethernet RJ45. Voltage: 200-240V AC. Hashrate: 840 kSol/s. Warranty: Manufacturer warranty + Bitcoin Mining Depot repair support. Algorithm: Equihash - genuine Bitmain hardware in stock at Bitcoin Mining Depot and shipped worldwide from our Causeway Bay, Hong Kong warehouse. Every unit is bench-powered, hashrate-verified against factory specification and thermally checked before it is packed, so the machine that arrives is exactly the machine you paid for. Performance and specifications: the Bitmain Antminer Z15 Pro runs the Equihash algorithm at 840 kSol/s while drawing approximately 2780W at the wall, giving a rated efficiency of 3.31 J/kSol. It is an air-cooled machine and mines Zcash. Efficiency - joules per unit of hashrate - is the number that decides whether a miner survives a difficulty increase, so compare 3.31 J/kSol against your electricity price before you commit capital. Profitability and ROI: model it the honest way. Take daily revenue at current network difficulty, subtract (2780 / 1,000 x 24 x your kWh rate), then… Buy the Bitmain Antminer Z15 Pro 840 kSol/s ZEC Miner from Bitcoin Mining Depot: verified new stock, crypto checkout, worldwide express delivery and hosting or repair support on request.	https://bitcoinminingdepot.net/products/bitmain-antminer-z15-pro-840-ksol-s	https://assets-www.bitmain.com.cn/shop-image-storage-s3/product/2023/05/24/16/af0613af-c900-4dd5-8c94-eef9ea3795ae.jpg	https://assets-www.bitmain.com.cn/shop-image-storage-s3/product/2023/05/24/16/a3bebcb8-ea87-44ef-aabd-94c31c9b3ddd.jpg,https://assets-www.bitmain.com.cn/shop-image-storage-s3/product/2023/05/24/16/a4a854eb-9091-4e93-9c42-e680579a8a3b.jpg	in_stock	4999.00 USD		new	Bitmain	BITMAIN-ANTMINER-Z15-PRO-840-KSOL-S	yes	5710	Bitcoin Mining Hardware > ASIC Miners	bitmain-new	840 kSol/s hashrate on Equihash,2780W power draw,3.31 J/kSol energy efficiency,New unit, bench-tested before dispatch,Ships worldwide from Hong Kong by DHL / FedEx express,30-day functional warranty and in-house repair support,Cooling: Air cooling,Voltage: 200-240V AC	US:::0.00 USD,CA:::0.00 USD,GB:::0.00 USD,IE:::0.00 USD,DE:::0.00 USD,FR:::0.00 USD,NL:::0.00 USD,BE:::0.00 USD,LU:::0.00 USD,AT:::0.00 USD,CH:::0.00 USD,IT:::0.00 USD,ES:::0.00 USD,PT:::0.00 USD,SE:::0.00 USD,NO:::0.00 USD,DK:::0.00 USD,FI:::0.00 USD,PL:::0.00 USD,CZ:::0.00 USD,SK:::0.00 USD,HU:::0.00 USD,RO:::0.00 USD,GR:::0.00 USD,TR:::0.00 USD,AU:::0.00 USD,NZ:::0.00 USD,JP:::0.00 USD,KR:::0.00 USD,SG:::0.00 USD,MY:::0.00 USD,TH:::0.00 USD,VN:::0.00 USD,PH:::0.00 USD,ID:::0.00 USD,IN:::0.00 USD,HK:::0.00 USD,TW:::0.00 USD,AE:::0.00 USD,SA:::0.00 USD,QA:::0.00 USD,KW:::0.00 USD,BH:::0.00 USD,OM:::0.00 USD,IL:::0.00 USD,ZA:::0.00 USD,NG:::0.00 USD,KE:::0.00 USD,EG:::0.00 USD,MA:::0.00 USD,BR:::0.00 USD,AR:::0.00 USD,CL:::0.00 USD,CO:::0.00 USD,MX:::0.00 USD,PE:::0.00 USD,UY:::0.00 USD,RU:::0.00 USD,UA:::0.00 USD,KZ:::0.00 USD,GE:::0.00 USD,PK:::0.00 USD,BD:::0.00 USD,LK:::0.00 USD,NP:::0.00 USD,CN:::0.00 USD	15 kg	new	Equihash	4000-10000	Bitmain	Air cooling
bitmain-antminer-u3s21exph-860-th-s	Bitmain Antminer U3S21EXPH 860 Th/s Bitcoin Miner	860 Th/s SHA-256 (Bitcoin) miner at 13 J/Th and 11180W. New Bitmain stock, bench-tested, warranty, worldwide shipping from Hong Kong. Brand: Bitmain. Model: Bitmain Antminer U3S21EXPH. Cooling: Hydro / water cooling. Network: Ethernet RJ45. Voltage: 200-240V AC. Hashrate: 860 Th/s. Warranty: Manufacturer warranty + Bitcoin Mining Depot repair support. Algorithm: SHA-256 (Bitcoin) - genuine Bitmain hardware in stock at Bitcoin Mining Depot and shipped worldwide from our Causeway Bay, Hong Kong warehouse. Every unit is bench-powered, hashrate-verified against factory specification and thermally checked before it is packed, so the machine that arrives is exactly the machine you paid for. Performance and specifications: the Bitmain Antminer U3S21EXPH runs the SHA-256 (Bitcoin) algorithm at 860 Th/s while drawing approximately 11180W at the wall, giving a rated efficiency of 13 J/Th. It is a hydro (water-cooled) machine and mines Bitcoin (BTC), Bitcoin Cash (BCH) and Bitcoin SV (BSV). Efficiency - joules per unit of hashrate - is the number that decides whether a miner survives a difficulty increase, so compare 13 J/Th against your electricity price before you commit capital. Profitability and ROI: model it the honest way. Take daily revenue at current network… Buy the Bitmain Antminer U3S21EXPH 860 Th/s Bitcoin Miner from Bitcoin Mining Depot: verified new stock, crypto checkout, worldwide express delivery and hosting or repair support on request.	https://bitcoinminingdepot.net/products/bitmain-antminer-u3s21exph-860-th-s	https://assets-www.bitmain.com.cn/shop-image-storage-s3/product/2025/07/07/20/0ea7937c-e662-49bc-8791-18c190729baf.png	https://assets-www.bitmain.com.cn/shop-image-storage-s3/product/2025/07/07/20/c768ec7a-b9cc-4549-af76-da379bf47522.png,https://assets-www.bitmain.com.cn/shop-image-storage-s3/product/2025/07/07/20/19c2bf20-f379-48a0-b915-f4d517e14ca8.png	in_stock	7740.00 USD		new	Bitmain	BITMAIN-ANTMINER-U3S21EXPH-860-TH-S	yes	5710	Bitcoin Mining Hardware > Bitcoin Mining Machines	bitmain-new	860 Th/s hashrate on SHA-256 (Bitcoin),11180W power draw,13 J/Th energy efficiency,New unit, bench-tested before dispatch,Ships worldwide from Hong Kong by DHL / FedEx express,30-day functional warranty and in-house repair support,Cooling: Hydro / water cooling,Voltage: 200-240V AC	US:::0.00 USD,CA:::0.00 USD,GB:::0.00 USD,IE:::0.00 USD,DE:::0.00 USD,FR:::0.00 USD,NL:::0.00 USD,BE:::0.00 USD,LU:::0.00 USD,AT:::0.00 USD,CH:::0.00 USD,IT:::0.00 USD,ES:::0.00 USD,PT:::0.00 USD,SE:::0.00 USD,NO:::0.00 USD,DK:::0.00 USD,FI:::0.00 USD,PL:::0.00 USD,CZ:::0.00 USD,SK:::0.00 USD,HU:::0.00 USD,RO:::0.00 USD,GR:::0.00 USD,TR:::0.00 USD,AU:::0.00 USD,NZ:::0.00 USD,JP:::0.00 USD,KR:::0.00 USD,SG:::0.00 USD,MY:::0.00 USD,TH:::0.00 USD,VN:::0.00 USD,PH:::0.00 USD,ID:::0.00 USD,IN:::0.00 USD,HK:::0.00 USD,TW:::0.00 USD,AE:::0.00 USD,SA:::0.00 USD,QA:::0.00 USD,KW:::0.00 USD,BH:::0.00 USD,OM:::0.00 USD,IL:::0.00 USD,ZA:::0.00 USD,NG:::0.00 USD,KE:::0.00 USD,EG:::0.00 USD,MA:::0.00 USD,BR:::0.00 USD,AR:::0.00 USD,CL:::0.00 USD,CO:::0.00 USD,MX:::0.00 USD,PE:::0.00 USD,UY:::0.00 USD,RU:::0.00 USD,UA:::0.00 USD,KZ:::0.00 USD,GE:::0.00 USD,PK:::0.00 USD,BD:::0.00 USD,LK:::0.00 USD,NP:::0.00 USD,CN:::0.00 USD	15 kg	new	SHA-256 (Bitcoin)	4000-10000	Bitmain	Hydro / water cooling
bitmain-antminer-s21e-xp-hyd-430-th-s	Bitmain Antminer S21e XP Hyd. 430 Th/s Bitcoin Miner	430 Th/s SHA-256 (Bitcoin) miner at 13 J/Th and 5590W. New Bitmain stock, bench-tested, warranty, worldwide shipping from Hong Kong. Brand: Bitmain. Model: Bitmain Antminer S21e XP Hyd.. Cooling: Hydro / water cooling. Network: Ethernet RJ45. Voltage: 200-240V AC. Hashrate: 430 Th/s. Warranty: Manufacturer warranty + Bitcoin Mining Depot repair support. Algorithm: SHA-256 (Bitcoin) - genuine Bitmain hardware in stock at Bitcoin Mining Depot and shipped worldwide from our Causeway Bay, Hong Kong warehouse. Every unit is bench-powered, hashrate-verified against factory specification and thermally checked before it is packed, so the machine that arrives is exactly the machine you paid for. Performance and specifications: the Bitmain Antminer S21e XP Hyd. runs the SHA-256 (Bitcoin) algorithm at 430 Th/s while drawing approximately 5590W at the wall, giving a rated efficiency of 13 J/Th. It is a hydro (water-cooled) machine and mines Bitcoin (BTC), Bitcoin Cash (BCH) and Bitcoin SV (BSV). Efficiency - joules per unit of hashrate - is the number that decides whether a miner survives a difficulty increase, so compare 13 J/Th against your electricity price before you commit capital. Profitability and ROI: model it the honest way. Take daily revenue at current network… Buy the Bitmain Antminer S21e XP Hyd. 430 Th/s Bitcoin Miner from Bitcoin Mining Depot: verified new stock, crypto checkout, worldwide express delivery and hosting or repair support on request.	https://bitcoinminingdepot.net/products/bitmain-antminer-s21e-xp-hyd-430-th-s	https://assets-www.bitmain.com.cn/shop-image-storage-s3/product/2023/09/27/13/933f5e4b-1e3c-4d8d-ae28-34e59f3504be.jpg	https://assets-www.bitmain.com.cn/shop-image-storage-s3/product/2023/09/27/13/ea0d4036-e502-4b80-88a6-f16270d9b028.jpg,https://assets-www.bitmain.com.cn/shop-image-storage-s3/product/2023/09/27/13/0a499ee7-84e0-4d26-b1b6-47123571ab4d.jpg	in_stock	3870.00 USD		new	Bitmain	BITMAIN-ANTMINER-S21E-XP-HYD-430-TH-S	yes	5710	Bitcoin Mining Hardware > Bitcoin Mining Machines	bitmain-new	430 Th/s hashrate on SHA-256 (Bitcoin),5590W power draw,13 J/Th energy efficiency,New unit, bench-tested before dispatch,Ships worldwide from Hong Kong by DHL / FedEx express,30-day functional warranty and in-house repair support,Cooling: Hydro / water cooling,Voltage: 200-240V AC	US:::0.00 USD,CA:::0.00 USD,GB:::0.00 USD,IE:::0.00 USD,DE:::0.00 USD,FR:::0.00 USD,NL:::0.00 USD,BE:::0.00 USD,LU:::0.00 USD,AT:::0.00 USD,CH:::0.00 USD,IT:::0.00 USD,ES:::0.00 USD,PT:::0.00 USD,SE:::0.00 USD,NO:::0.00 USD,DK:::0.00 USD,FI:::0.00 USD,PL:::0.00 USD,CZ:::0.00 USD,SK:::0.00 USD,HU:::0.00 USD,RO:::0.00 USD,GR:::0.00 USD,TR:::0.00 USD,AU:::0.00 USD,NZ:::0.00 USD,JP:::0.00 USD,KR:::0.00 USD,SG:::0.00 USD,MY:::0.00 USD,TH:::0.00 USD,VN:::0.00 USD,PH:::0.00 USD,ID:::0.00 USD,IN:::0.00 USD,HK:::0.00 USD,TW:::0.00 USD,AE:::0.00 USD,SA:::0.00 USD,QA:::0.00 USD,KW:::0.00 USD,BH:::0.00 USD,OM:::0.00 USD,IL:::0.00 USD,ZA:::0.00 USD,NG:::0.00 USD,KE:::0.00 USD,EG:::0.00 USD,MA:::0.00 USD,BR:::0.00 USD,AR:::0.00 USD,CL:::0.00 USD,CO:::0.00 USD,MX:::0.00 USD,PE:::0.00 USD,UY:::0.00 USD,RU:::0.00 USD,UA:::0.00 USD,KZ:::0.00 USD,GE:::0.00 USD,PK:::0.00 USD,BD:::0.00 USD,LK:::0.00 USD,NP:::0.00 USD,CN:::0.00 USD	15 kg	new	SHA-256 (Bitcoin)	1500-4000	Bitmain	Hydro / water cooling
bitmain-antminer-s21-xp-hyd-473-th-s	Bitmain Antminer S21 XP Hyd. 473 Th/s Bitcoin Miner	473 Th/s SHA-256 (Bitcoin) miner at 12 J/Th and 5676W. New Bitmain stock, bench-tested, warranty, worldwide shipping from Hong Kong. Brand: Bitmain. Model: Bitmain Antminer S21 XP Hyd.. Cooling: Hydro / water cooling. Network: Ethernet RJ45. Voltage: 200-240V AC. Hashrate: 473 Th/s. Warranty: Manufacturer warranty + Bitcoin Mining Depot repair support. Algorithm: SHA-256 (Bitcoin) - genuine Bitmain hardware in stock at Bitcoin Mining Depot and shipped worldwide from our Causeway Bay, Hong Kong warehouse. Every unit is bench-powered, hashrate-verified against factory specification and thermally checked before it is packed, so the machine that arrives is exactly the machine you paid for. Performance and specifications: the Bitmain Antminer S21 XP Hyd. runs the SHA-256 (Bitcoin) algorithm at 473 Th/s while drawing approximately 5676W at the wall, giving a rated efficiency of 12 J/Th. It is a hydro (water-cooled) machine and mines Bitcoin (BTC), Bitcoin Cash (BCH) and Bitcoin SV (BSV). Efficiency - joules per unit of hashrate - is the number that decides whether a miner survives a difficulty increase, so compare 12 J/Th against your electricity price before you commit capital. Profitability and ROI: model it the honest way. Take daily revenue at current network… Buy the Bitmain Antminer S21 XP Hyd. 473 Th/s Bitcoin Miner from Bitcoin Mining Depot: verified new stock, crypto checkout, worldwide express delivery and hosting or repair support on request.	https://bitcoinminingdepot.net/products/bitmain-antminer-s21-xp-hyd-473-th-s	https://assets-www.bitmain.com.cn/shop-image-storage-s3/product/2023/09/27/13/933f5e4b-1e3c-4d8d-ae28-34e59f3504be.jpg	https://assets-www.bitmain.com.cn/shop-image-storage-s3/product/2023/09/27/13/ea0d4036-e502-4b80-88a6-f16270d9b028.jpg,https://assets-www.bitmain.com.cn/shop-image-storage-s3/product/2023/09/27/13/0a499ee7-84e0-4d26-b1b6-47123571ab4d.jpg	in_stock	8041.00 USD		new	Bitmain	BITMAIN-ANTMINER-S21-XP-HYD-473-TH-S	yes	5710	Bitcoin Mining Hardware > Bitcoin Mining Machines	bitmain-new	473 Th/s hashrate on SHA-256 (Bitcoin),5676W power draw,12 J/Th energy efficiency,New unit, bench-tested before dispatch,Ships worldwide from Hong Kong by DHL / FedEx express,30-day functional warranty and in-house repair support,Cooling: Hydro / water cooling,Voltage: 200-240V AC	US:::0.00 USD,CA:::0.00 USD,GB:::0.00 USD,IE:::0.00 USD,DE:::0.00 USD,FR:::0.00 USD,NL:::0.00 USD,BE:::0.00 USD,LU:::0.00 USD,AT:::0.00 USD,CH:::0.00 USD,IT:::0.00 USD,ES:::0.00 USD,PT:::0.00 USD,SE:::0.00 USD,NO:::0.00 USD,DK:::0.00 USD,FI:::0.00 USD,PL:::0.00 USD,CZ:::0.00 USD,SK:::0.00 USD,HU:::0.00 USD,RO:::0.00 USD,GR:::0.00 USD,TR:::0.00 USD,AU:::0.00 USD,NZ:::0.00 USD,JP:::0.00 USD,KR:::0.00 USD,SG:::0.00 USD,MY:::0.00 USD,TH:::0.00 USD,VN:::0.00 USD,PH:::0.00 USD,ID:::0.00 USD,IN:::0.00 USD,HK:::0.00 USD,TW:::0.00 USD,AE:::0.00 USD,SA:::0.00 USD,QA:::0.00 USD,KW:::0.00 USD,BH:::0.00 USD,OM:::0.00 USD,IL:::0.00 USD,ZA:::0.00 USD,NG:::0.00 USD,KE:::0.00 USD,EG:::0.00 USD,MA:::0.00 USD,BR:::0.00 USD,AR:::0.00 USD,CL:::0.00 USD,CO:::0.00 USD,MX:::0.00 USD,PE:::0.00 USD,UY:::0.00 USD,RU:::0.00 USD,UA:::0.00 USD,KZ:::0.00 USD,GE:::0.00 USD,PK:::0.00 USD,BD:::0.00 USD,LK:::0.00 USD,NP:::0.00 USD,CN:::0.00 USD	15 kg	new	SHA-256 (Bitcoin)	4000-10000	Bitmain	Hydro / water cooling
bitmain-antminer-s19-xp-hyd-279-th-s	Bitmain Antminer S19 XP+ Hyd. 279 Th/s Bitcoin Miner	279 Th/s SHA-256 (Bitcoin) miner at 19 J/Th and 5301W. New Bitmain stock, bench-tested, warranty, worldwide shipping from Hong Kong. Brand: Bitmain. Model: Bitmain Antminer S19 XP+ Hyd.. Cooling: Hydro / water cooling. Network: Ethernet RJ45. Voltage: 200-240V AC. Hashrate: 279 Th/s. Warranty: Manufacturer warranty + Bitcoin Mining Depot repair support. Algorithm: SHA-256 (Bitcoin) - genuine Bitmain hardware in stock at Bitcoin Mining Depot and shipped worldwide from our Causeway Bay, Hong Kong warehouse. Every unit is bench-powered, hashrate-verified against factory specification and thermally checked before it is packed, so the machine that arrives is exactly the machine you paid for. Performance and specifications: the Bitmain Antminer S19 XP+ Hyd. runs the SHA-256 (Bitcoin) algorithm at 279 Th/s while drawing approximately 5301W at the wall, giving a rated efficiency of 19 J/Th. It is a hydro (water-cooled) machine and mines Bitcoin (BTC), Bitcoin Cash (BCH) and Bitcoin SV (BSV). Efficiency - joules per unit of hashrate - is the number that decides whether a miner survives a difficulty increase, so compare 19 J/Th against your electricity price before you commit capital. Profitability and ROI: model it the honest way. Take daily revenue at current network… Buy the Bitmain Antminer S19 XP+ Hyd. 279 Th/s Bitcoin Miner from Bitcoin Mining Depot: verified new stock, crypto checkout, worldwide express delivery and hosting or repair support on request.	https://bitcoinminingdepot.net/products/bitmain-antminer-s19-xp-hyd-279-th-s	https://assets-www.bitmain.com.cn/shop-image-storage-s3/product/2024/10/23/13/6751c7e0-81d4-4129-a6c1-7f7fe48a5f0c.jpg	https://assets-www.bitmain.com.cn/shop-image-storage-s3/product/2024/10/23/13/15e2755c-1b9d-4174-90d9-3273e3eb1555.jpg,https://assets-www.bitmain.com.cn/shop-image-storage-s3/product/2024/10/23/13/33981adc-c09e-4dc7-b620-3b971ee1521c.jpg	in_stock	1116.00 USD		new	Bitmain	BITMAIN-ANTMINER-S19-XP-HYD-279-TH-S	yes	5710	Bitcoin Mining Hardware > Bitcoin Mining Machines	bitmain-new	279 Th/s hashrate on SHA-256 (Bitcoin),5301W power draw,19 J/Th energy efficiency,New unit, bench-tested before dispatch,Ships worldwide from Hong Kong by DHL / FedEx express,30-day functional warranty and in-house repair support,Cooling: Hydro / water cooling,Voltage: 200-240V AC	US:::0.00 USD,CA:::0.00 USD,GB:::0.00 USD,IE:::0.00 USD,DE:::0.00 USD,FR:::0.00 USD,NL:::0.00 USD,BE:::0.00 USD,LU:::0.00 USD,AT:::0.00 USD,CH:::0.00 USD,IT:::0.00 USD,ES:::0.00 USD,PT:::0.00 USD,SE:::0.00 USD,NO:::0.00 USD,DK:::0.00 USD,FI:::0.00 USD,PL:::0.00 USD,CZ:::0.00 USD,SK:::0.00 USD,HU:::0.00 USD,RO:::0.00 USD,GR:::0.00 USD,TR:::0.00 USD,AU:::0.00 USD,NZ:::0.00 USD,JP:::0.00 USD,KR:::0.00 USD,SG:::0.00 USD,MY:::0.00 USD,TH:::0.00 USD,VN:::0.00 USD,PH:::0.00 USD,ID:::0.00 USD,IN:::0.00 USD,HK:::0.00 USD,TW:::0.00 USD,AE:::0.00 USD,SA:::0.00 USD,QA:::0.00 USD,KW:::0.00 USD,BH:::0.00 USD,OM:::0.00 USD,IL:::0.00 USD,ZA:::0.00 USD,NG:::0.00 USD,KE:::0.00 USD,EG:::0.00 USD,MA:::0.00 USD,BR:::0.00 USD,AR:::0.00 USD,CL:::0.00 USD,CO:::0.00 USD,MX:::0.00 USD,PE:::0.00 USD,UY:::0.00 USD,RU:::0.00 USD,UA:::0.00 USD,KZ:::0.00 USD,GE:::0.00 USD,PK:::0.00 USD,BD:::0.00 USD,LK:::0.00 USD,NP:::0.00 USD,CN:::0.00 USD	15 kg	new	SHA-256 (Bitcoin)	500-1500	Bitmain	Hydro / water cooling
bitmain-antminer-s23-xp-hyd-600-th-s	Bitmain Antminer S23 XP Hyd. 600 Th/s Bitcoin Miner	600 Th/s SHA-256 (Bitcoin) miner at 8.9 J/Th and 5340W. New Bitmain stock, bench-tested, warranty, worldwide shipping from Hong Kong. Brand: Bitmain. Model: Bitmain Antminer S23 XP Hyd.. Cooling: Hydro / water cooling. Network: Ethernet RJ45. Voltage: 200-240V AC. Hashrate: 600 Th/s. Warranty: Manufacturer warranty + Bitcoin Mining Depot repair support. Algorithm: SHA-256 (Bitcoin) - genuine Bitmain hardware in stock at Bitcoin Mining Depot and shipped worldwide from our Causeway Bay, Hong Kong warehouse. Every unit is bench-powered, hashrate-verified against factory specification and thermally checked before it is packed, so the machine that arrives is exactly the machine you paid for. Performance and specifications: the Bitmain Antminer S23 XP Hyd. runs the SHA-256 (Bitcoin) algorithm at 600 Th/s while drawing approximately 5340W at the wall, giving a rated efficiency of 8.9 J/Th. It is a hydro (water-cooled) machine and mines Bitcoin (BTC), Bitcoin Cash (BCH) and Bitcoin SV (BSV). Efficiency - joules per unit of hashrate - is the number that decides whether a miner survives a difficulty increase, so compare 8.9 J/Th against your electricity price before you commit capital. Profitability and ROI: model it the honest way. Take daily revenue at current network… Buy the Bitmain Antminer S23 XP Hyd. 600 Th/s Bitcoin Miner from Bitcoin Mining Depot: verified new stock, crypto checkout, worldwide express delivery and hosting or repair support on request.	https://bitcoinminingdepot.net/products/bitmain-antminer-s23-xp-hyd-600-th-s	https://assets-www.bitmain.com.cn/shop-image-storage-s3/product/2026/08/28/16/8f94f48f-6c0a-4e3e-81a3-6289acdaa56d.png	https://assets-www.bitmain.com.cn/shop-image-storage-s3/product/2026/08/20/18/aeac5b89-adef-496b-b06d-1e1bb3015bae.png,https://assets-www.bitmain.com.cn/shop-image-storage-s3/product/2026/08/20/18/95dfa304-0771-44da-9051-90e6556cc783.png	in_stock	15300.00 USD		new	Bitmain	BITMAIN-ANTMINER-S23-XP-HYD-600-TH-S	yes	5710	Bitcoin Mining Hardware > Bitcoin Mining Machines	bitmain-new	600 Th/s hashrate on SHA-256 (Bitcoin),5340W power draw,8.9 J/Th energy efficiency,New unit, bench-tested before dispatch,Ships worldwide from Hong Kong by DHL / FedEx express,30-day functional warranty and in-house repair support,Cooling: Hydro / water cooling,Voltage: 200-240V AC	US:::0.00 USD,CA:::0.00 USD,GB:::0.00 USD,IE:::0.00 USD,DE:::0.00 USD,FR:::0.00 USD,NL:::0.00 USD,BE:::0.00 USD,LU:::0.00 USD,AT:::0.00 USD,CH:::0.00 USD,IT:::0.00 USD,ES:::0.00 USD,PT:::0.00 USD,SE:::0.00 USD,NO:::0.00 USD,DK:::0.00 USD,FI:::0.00 USD,PL:::0.00 USD,CZ:::0.00 USD,SK:::0.00 USD,HU:::0.00 USD,RO:::0.00 USD,GR:::0.00 USD,TR:::0.00 USD,AU:::0.00 USD,NZ:::0.00 USD,JP:::0.00 USD,KR:::0.00 USD,SG:::0.00 USD,MY:::0.00 USD,TH:::0.00 USD,VN:::0.00 USD,PH:::0.00 USD,ID:::0.00 USD,IN:::0.00 USD,HK:::0.00 USD,TW:::0.00 USD,AE:::0.00 USD,SA:::0.00 USD,QA:::0.00 USD,KW:::0.00 USD,BH:::0.00 USD,OM:::0.00 USD,IL:::0.00 USD,ZA:::0.00 USD,NG:::0.00 USD,KE:::0.00 USD,EG:::0.00 USD,MA:::0.00 USD,BR:::0.00 USD,AR:::0.00 USD,CL:::0.00 USD,CO:::0.00 USD,MX:::0.00 USD,PE:::0.00 USD,UY:::0.00 USD,RU:::0.00 USD,UA:::0.00 USD,KZ:::0.00 USD,GE:::0.00 USD,PK:::0.00 USD,BD:::0.00 USD,LK:::0.00 USD,NP:::0.00 USD,CN:::0.00 USD	15 kg	new	SHA-256 (Bitcoin)	10000-plus	Bitmain	Hydro / water cooling
bitmain-antminer-s23e-u2h-865-th-s	Bitmain Antminer S23e U2H 865 Th/s Bitcoin Miner	865 Th/s SHA-256 (Bitcoin) miner at 10 J/Th and 8650W. New Bitmain stock, bench-tested, warranty, worldwide shipping from Hong Kong. Brand: Bitmain. Model: Bitmain Antminer S23e U2H. Cooling: Hydro / water cooling. Network: Ethernet RJ45. Voltage: 200-240V AC. Hashrate: 865 Th/s. Warranty: Manufacturer warranty + Bitcoin Mining Depot repair support. Algorithm: SHA-256 (Bitcoin) - genuine Bitmain hardware in stock at Bitcoin Mining Depot and shipped worldwide from our Causeway Bay, Hong Kong warehouse. Every unit is bench-powered, hashrate-verified against factory specification and thermally checked before it is packed, so the machine that arrives is exactly the machine you paid for. Performance and specifications: the Bitmain Antminer S23e U2H runs the SHA-256 (Bitcoin) algorithm at 865 Th/s while drawing approximately 8650W at the wall, giving a rated efficiency of 10 J/Th. It is a hydro (water-cooled) machine and mines Bitcoin (BTC), Bitcoin Cash (BCH) and Bitcoin SV (BSV). Efficiency - joules per unit of hashrate - is the number that decides whether a miner survives a difficulty increase, so compare 10 J/Th against your electricity price before you commit capital. Profitability and ROI: model it the honest way. Take daily revenue at current network… Buy the Bitmain Antminer S23e U2H 865 Th/s Bitcoin Miner from Bitcoin Mining Depot: verified new stock, crypto checkout, worldwide express delivery and hosting or repair support on request.	https://bitcoinminingdepot.net/products/bitmain-antminer-s23e-u2h-865-th-s	https://assets-www.bitmain.com.cn/shop-image-storage-s3/product/2026/01/01/08/636d6dee-9adb-4048-b38b-5fa7b0c913e2.png	https://assets-www.bitmain.com.cn/shop-image-storage-s3/product/2026/01/01/08/527a2f45-e9af-49c5-b3a6-44d6d1cfe432.png,https://assets-www.bitmain.com.cn/shop-image-storage-s3/product/2026/01/01/08/cc651cd7-536c-4072-bd1c-a0133bbfba67.png	in_stock	9515.00 USD		new	Bitmain	BITMAIN-ANTMINER-S23E-U2H-865-TH-S	yes	5710	Bitcoin Mining Hardware > Bitcoin Mining Machines	bitmain-new	865 Th/s hashrate on SHA-256 (Bitcoin),8650W power draw,10 J/Th energy efficiency,New unit, bench-tested before dispatch,Ships worldwide from Hong Kong by DHL / FedEx express,30-day functional warranty and in-house repair support,Cooling: Hydro / water cooling,Voltage: 200-240V AC	US:::0.00 USD,CA:::0.00 USD,GB:::0.00 USD,IE:::0.00 USD,DE:::0.00 USD,FR:::0.00 USD,NL:::0.00 USD,BE:::0.00 USD,LU:::0.00 USD,AT:::0.00 USD,CH:::0.00 USD,IT:::0.00 USD,ES:::0.00 USD,PT:::0.00 USD,SE:::0.00 USD,NO:::0.00 USD,DK:::0.00 USD,FI:::0.00 USD,PL:::0.00 USD,CZ:::0.00 USD,SK:::0.00 USD,HU:::0.00 USD,RO:::0.00 USD,GR:::0.00 USD,TR:::0.00 USD,AU:::0.00 USD,NZ:::0.00 USD,JP:::0.00 USD,KR:::0.00 USD,SG:::0.00 USD,MY:::0.00 USD,TH:::0.00 USD,VN:::0.00 USD,PH:::0.00 USD,ID:::0.00 USD,IN:::0.00 USD,HK:::0.00 USD,TW:::0.00 USD,AE:::0.00 USD,SA:::0.00 USD,QA:::0.00 USD,KW:::0.00 USD,BH:::0.00 USD,OM:::0.00 USD,IL:::0.00 USD,ZA:::0.00 USD,NG:::0.00 USD,KE:::0.00 USD,EG:::0.00 USD,MA:::0.00 USD,BR:::0.00 USD,AR:::0.00 USD,CL:::0.00 USD,CO:::0.00 USD,MX:::0.00 USD,PE:::0.00 USD,UY:::0.00 USD,RU:::0.00 USD,UA:::0.00 USD,KZ:::0.00 USD,GE:::0.00 USD,PK:::0.00 USD,BD:::0.00 USD,LK:::0.00 USD,NP:::0.00 USD,CN:::0.00 USD	15 kg	new	SHA-256 (Bitcoin)	4000-10000	Bitmain	Hydro / water cooling
used-bitmain-antminer-s21-pro-234th-bitcoin-miner	Bitmain Used Bitmain Antminer S21 Pro 234 Th/s Bitcoin Miner	Used Antminer S21 Pro 234 Th/s at 3510W and 15 J/Th — batch-tested air-cooled SHA-256 flagship for hosted and home Bitcoin mining farms. Brand: Bitmain. Model: Bitmain Antminer S21 Pro 234 Th/s Bitcoin Miner. Cooling: Air cooling. Network: Ethernet RJ45. Voltage: 200-240V AC. Hashrate: 234 Th/s. Warranty: 180-365 day functional warranty. Algorithm: SHA-256 — supplied, tested and shipped worldwide by Bitcoin Mining Depot from our Edmonton, Alberta facility. The Bitmain Antminer S21 Pro 234 Th/s Bitcoin Miner is rated at 234 Th/s on the SHA-256 algorithm with a wall draw of 3510W, giving a working efficiency of roughly 15 J/Th. Every unit listed on this page is a genuine second-hand machine pulled from a working farm, not a repaired or rebuilt shell: hashboards are verified chip by chip under sustained load, the control board and cooling package are inspected, and the miner is only released once it holds its rated 234 Th/s at stable chip temperatures. That is why professional Bitcoin miners buy used Bitmain hardware — the cost per terahash is a fraction of new-unit pricing while the hashrate on the pool dashboard is identical. Performance and profitability At 15 J/Th this machine is best matched to electricity below roughly six cents per… Buy the Used Bitmain Antminer S21 Pro 234 Th/s Bitcoin Miner from Bitcoin Mining Depot: verified used stock, crypto checkout, worldwide express delivery and hosting or repair support on request.	https://bitcoinminingdepot.net/products/used-bitmain-antminer-s21-pro-234th-bitcoin-miner	https://qdhcyorsmkzxhepdjugo.supabase.co/storage/v1/object/sign/product-images/ig2-DPxh__1j7_B-1.jpg?token=eyJraWQiOiJzdG9yYWdlLXVybC1zaWduaW5nLWtleV82YzEzZTkyZS1iNGMzLTQ3OTgtODBhYS1hYzY2YjQxM2E1MzYiLCJhbGciOiJIUzI1NiJ9.eyJ1cmwiOiJwcm9kdWN0LWltYWdlcy9pZzItRFB4aF9fMWo3X0ItMS5qcGciLCJzY29wZSI6ImRvd25sb2FkIiwiaWF0IjoxNzg1NjMwNzI4LCJleHAiOjIxMDA5OTA3Mjh9.ndNx36oAo7Fxk-DpN1uE0vqbUleAqfmNT88vL_1gWIc	https://qdhcyorsmkzxhepdjugo.supabase.co/storage/v1/object/sign/product-images/ig2-DPxh__1j7_B-2.jpg?token=eyJraWQiOiJzdG9yYWdlLXVybC1zaWduaW5nLWtleV82YzEzZTkyZS1iNGMzLTQ3OTgtODBhYS1hYzY2YjQxM2E1MzYiLCJhbGciOiJIUzI1NiJ9.eyJ1cmwiOiJwcm9kdWN0LWltYWdlcy9pZzItRFB4aF9fMWo3X0ItMi5qcGciLCJzY29wZSI6ImRvd25sb2FkIiwiaWF0IjoxNzg1NjMwNzI5LCJleHAiOjIxMDA5OTA3Mjl9.lNhi5a2RfsGaitaRb-Y9kDwr2MB-CiBzLsP7E0_8POs,https://qdhcyorsmkzxhepdjugo.supabase.co/storage/v1/object/sign/product-images/ig2-DQX9XwziOSo-1.jpg?token=eyJraWQiOiJzdG9yYWdlLXVybC1zaWduaW5nLWtleV82YzEzZTkyZS1iNGMzLTQ3OTgtODBhYS1hYzY2YjQxM2E1MzYiLCJhbGciOiJIUzI1NiJ9.eyJ1cmwiOiJwcm9kdWN0LWltYWdlcy9pZzItRFFYOVh3emlPU28tMS5qcGciLCJzY29wZSI6ImRvd25sb2FkIiwiaWF0IjoxNzg1NjMwNzMwLCJleHAiOjIxMDA5OTA3MzB9.cmouo_vCsZD622SCoF-Xkkvt-MVRVNUZoRC_-BOj4F0,https://qdhcyorsmkzxhepdjugo.supabase.co/storage/v1/object/sign/product-images/ig2-DQX9XwziOSo-2.jpg?token=eyJraWQiOiJzdG9yYWdlLXVybC1zaWduaW5nLWtleV82YzEzZTkyZS1iNGMzLTQ3OTgtODBhYS1hYzY2YjQxM2E1MzYiLCJhbGciOiJIUzI1NiJ9.eyJ1cmwiOiJwcm9kdWN0LWltYWdlcy9pZzItRFFYOVh3emlPU28tMi5qcGciLCJzY29wZSI6ImRvd25sb2FkIiwiaWF0IjoxNzg1NjMwNzMwLCJleHAiOjIxMDA5OTA3MzB9.7H0Newnfc8vkvTCE9WxLSdt9SZVn0IJT86HQjTKyd3A	in_stock	4290.00 USD	3990.00 USD	used	Bitmain	USED-BITMAIN-ANTMINER-S21-PRO-234TH-BITCOIN-MINER	yes	5710	Bitcoin Mining Hardware > Bitcoin Mining Machines	bitmain-used	234 Th/s hashrate on SHA-256,3510W power draw,15 J/Th energy efficiency,Used unit, bench-tested before dispatch,Ships worldwide from Hong Kong by DHL / FedEx express,30-day functional warranty and in-house repair support,Cooling: Air cooling,Voltage: 200-240V AC	US:::0.00 USD,CA:::0.00 USD,GB:::0.00 USD,IE:::0.00 USD,DE:::0.00 USD,FR:::0.00 USD,NL:::0.00 USD,BE:::0.00 USD,LU:::0.00 USD,AT:::0.00 USD,CH:::0.00 USD,IT:::0.00 USD,ES:::0.00 USD,PT:::0.00 USD,SE:::0.00 USD,NO:::0.00 USD,DK:::0.00 USD,FI:::0.00 USD,PL:::0.00 USD,CZ:::0.00 USD,SK:::0.00 USD,HU:::0.00 USD,RO:::0.00 USD,GR:::0.00 USD,TR:::0.00 USD,AU:::0.00 USD,NZ:::0.00 USD,JP:::0.00 USD,KR:::0.00 USD,SG:::0.00 USD,MY:::0.00 USD,TH:::0.00 USD,VN:::0.00 USD,PH:::0.00 USD,ID:::0.00 USD,IN:::0.00 USD,HK:::0.00 USD,TW:::0.00 USD,AE:::0.00 USD,SA:::0.00 USD,QA:::0.00 USD,KW:::0.00 USD,BH:::0.00 USD,OM:::0.00 USD,IL:::0.00 USD,ZA:::0.00 USD,NG:::0.00 USD,KE:::0.00 USD,EG:::0.00 USD,MA:::0.00 USD,BR:::0.00 USD,AR:::0.00 USD,CL:::0.00 USD,CO:::0.00 USD,MX:::0.00 USD,PE:::0.00 USD,UY:::0.00 USD,RU:::0.00 USD,UA:::0.00 USD,KZ:::0.00 USD,GE:::0.00 USD,PK:::0.00 USD,BD:::0.00 USD,LK:::0.00 USD,NP:::0.00 USD,CN:::0.00 USD	15 kg	used	SHA-256	1500-4000	Bitmain	Air cooling
used-bitmain-antminer-l9-17gh-hydro-conversion-kit	Bitmain Used Bitmain Antminer L9 17 Gh/s Hydro Conversion with 12kW Radiator Kit	Antminer L9 17 Gh/s hydro-converted and supplied with a complete 12kW radiator kit, manifolds and fittings for near-silent Scrypt mining. Brand: Bitmain. Model: Bitmain Antminer L9 17 Gh/s Hydro Conversion with 12kW Radiator Kit. Cooling: Hydro / water cooling. Network: Ethernet RJ45. Voltage: 200-240V AC. Hashrate: 17 Gh/s. Warranty: 180-365 day functional warranty. Algorithm: Scrypt (DOGE & LTC) — supplied, tested and shipped worldwide by Bitcoin Mining Depot from our Edmonton, Alberta facility. The Bitmain Antminer L9 17 Gh/s Hydro Conversion with 12kW Radiator Kit is rated at 17 Gh/s on the Scrypt (DOGE & LTC) algorithm with a wall draw of 3570W, giving a working efficiency of roughly 210 J/Gh. Every unit listed on this page is a genuine second-hand machine pulled from a working farm, not a repaired or rebuilt shell: hashboards are verified chip by chip under sustained load, the control board and cooling package are inspected, and the miner is only released once it holds its rated 17 Gh/s at stable chip temperatures. That is why professional Dogecoin and Litecoin miners buy used Bitmain hardware — the cost per gigahash is a fraction of new-unit pricing while the hashrate on the pool dashboard is identical. Performance and profitability At 210 J/Gh this machine is best matched… Buy the Used Bitmain Antminer L9 17 Gh/s Hydro Conversion with 12kW Radiator Kit from Bitcoin Mining Depot: verified used stock, crypto checkout, worldwide express delivery and hosting or repair support on request.	https://bitcoinminingdepot.net/products/used-bitmain-antminer-l9-17gh-hydro-conversion-kit	https://qdhcyorsmkzxhepdjugo.supabase.co/storage/v1/object/sign/product-images/ig2-DJKxaQJhcum-1.jpg?token=eyJraWQiOiJzdG9yYWdlLXVybC1zaWduaW5nLWtleV82YzEzZTkyZS1iNGMzLTQ3OTgtODBhYS1hYzY2YjQxM2E1MzYiLCJhbGciOiJIUzI1NiJ9.eyJ1cmwiOiJwcm9kdWN0LWltYWdlcy9pZzItREpLeGFRSmhjdW0tMS5qcGciLCJzY29wZSI6ImRvd25sb2FkIiwiaWF0IjoxNzg1NjMwNzIwLCJleHAiOjIxMDA5OTA3MjB9.rwhkJwPJAXQjwMRaL2kfDF99juJsqkrWPOjrfJ2PMMY	https://qdhcyorsmkzxhepdjugo.supabase.co/storage/v1/object/sign/product-images/ig2-DJKxaQJhcum-2.jpg?token=eyJraWQiOiJzdG9yYWdlLXVybC1zaWduaW5nLWtleV82YzEzZTkyZS1iNGMzLTQ3OTgtODBhYS1hYzY2YjQxM2E1MzYiLCJhbGciOiJIUzI1NiJ9.eyJ1cmwiOiJwcm9kdWN0LWltYWdlcy9pZzItREpLeGFRSmhjdW0tMi5qcGciLCJzY29wZSI6ImRvd25sb2FkIiwiaWF0IjoxNzg1NjMwNzIwLCJleHAiOjIxMDA5OTA3MjB9.KIAsaf5k8rSqfS94Zs1XVDiVpMYVLu8i29uWfZ2FR04	in_stock	11900.00 USD	11290.00 USD	used	Bitmain	USED-BITMAIN-ANTMINER-L9-17GH-HYDRO-CONVERSION-KIT	yes	5710	Bitcoin Mining Hardware > ASIC Miners	bitmain-used	17 Gh/s hashrate on Scrypt (DOGE & LTC),3570W power draw,210 J/Gh energy efficiency,Used unit, bench-tested before dispatch,Ships worldwide from Hong Kong by DHL / FedEx express,30-day functional warranty and in-house repair support,Cooling: Hydro / water cooling,Voltage: 200-240V AC	US:::0.00 USD,CA:::0.00 USD,GB:::0.00 USD,IE:::0.00 USD,DE:::0.00 USD,FR:::0.00 USD,NL:::0.00 USD,BE:::0.00 USD,LU:::0.00 USD,AT:::0.00 USD,CH:::0.00 USD,IT:::0.00 USD,ES:::0.00 USD,PT:::0.00 USD,SE:::0.00 USD,NO:::0.00 USD,DK:::0.00 USD,FI:::0.00 USD,PL:::0.00 USD,CZ:::0.00 USD,SK:::0.00 USD,HU:::0.00 USD,RO:::0.00 USD,GR:::0.00 USD,TR:::0.00 USD,AU:::0.00 USD,NZ:::0.00 USD,JP:::0.00 USD,KR:::0.00 USD,SG:::0.00 USD,MY:::0.00 USD,TH:::0.00 USD,VN:::0.00 USD,PH:::0.00 USD,ID:::0.00 USD,IN:::0.00 USD,HK:::0.00 USD,TW:::0.00 USD,AE:::0.00 USD,SA:::0.00 USD,QA:::0.00 USD,KW:::0.00 USD,BH:::0.00 USD,OM:::0.00 USD,IL:::0.00 USD,ZA:::0.00 USD,NG:::0.00 USD,KE:::0.00 USD,EG:::0.00 USD,MA:::0.00 USD,BR:::0.00 USD,AR:::0.00 USD,CL:::0.00 USD,CO:::0.00 USD,MX:::0.00 USD,PE:::0.00 USD,UY:::0.00 USD,RU:::0.00 USD,UA:::0.00 USD,KZ:::0.00 USD,GE:::0.00 USD,PK:::0.00 USD,BD:::0.00 USD,LK:::0.00 USD,NP:::0.00 USD,CN:::0.00 USD	15 kg	used	Scrypt (DOGE & LTC)	10000-plus	Bitmain	Hydro / water cooling
used-microbt-whatsminer-m64-206th-hydro-bitcoin-miner	MicroBT Used MicroBT WhatsMiner M64 206 Th/s Hydro Bitcoin Miner	Used WhatsMiner M64 hydro miner, 206 Th/s at 4099W and 19.9 J/Th, factory water-cooled 2U chassis for high-density Bitcoin farms. Brand: MicroBT. Model: MicroBT WhatsMiner M64 206 Th/s Hydro Bitcoin Miner. Cooling: Hydro / water cooling. Network: Ethernet RJ45. Voltage: 200-240V AC. Hashrate: 206 Th/s. Warranty: 180-365 day functional warranty. Algorithm: SHA-256 — supplied, tested and shipped worldwide by Bitcoin Mining Depot from our Edmonton, Alberta facility. The MicroBT WhatsMiner M64 206 Th/s Hydro Bitcoin Miner is rated at 206 Th/s on the SHA-256 algorithm with a wall draw of 4099W, giving a working efficiency of roughly 19.9 J/Th. Every unit listed on this page is a genuine second-hand machine pulled from a working farm, not a repaired or rebuilt shell: hashboards are verified chip by chip under sustained load, the control board and cooling package are inspected, and the miner is only released once it holds its rated 206 Th/s at stable chip temperatures. That is why professional Bitcoin miners buy used MicroBT hardware — the cost per terahash is a fraction of new-unit pricing while the hashrate on the pool dashboard is identical. Performance and profitability At 19.9 J/Th this machine is best matched to electricity below roughly six… Buy the Used MicroBT WhatsMiner M64 206 Th/s Hydro Bitcoin Miner from Bitcoin Mining Depot: verified used stock, crypto checkout, worldwide express delivery and hosting or repair support on request.	https://bitcoinminingdepot.net/products/used-microbt-whatsminer-m64-206th-hydro-bitcoin-miner	https://qdhcyorsmkzxhepdjugo.supabase.co/storage/v1/object/sign/product-images/ig2-DI4ZdKHhRKW-1.jpg?token=eyJraWQiOiJzdG9yYWdlLXVybC1zaWduaW5nLWtleV82YzEzZTkyZS1iNGMzLTQ3OTgtODBhYS1hYzY2YjQxM2E1MzYiLCJhbGciOiJIUzI1NiJ9.eyJ1cmwiOiJwcm9kdWN0LWltYWdlcy9pZzItREk0WmRLSGhSS1ctMS5qcGciLCJzY29wZSI6ImRvd25sb2FkIiwiaWF0IjoxNzg1NjMwNzE1LCJleHAiOjIxMDA5OTA3MTV9.V8cfDd9xrZ6ezHU6nHObUOXToKTtW4-gqKtNcHEoBA0	https://qdhcyorsmkzxhepdjugo.supabase.co/storage/v1/object/sign/product-images/ig2-DI4ZdKHhRKW-2.jpg?token=eyJraWQiOiJzdG9yYWdlLXVybC1zaWduaW5nLWtleV82YzEzZTkyZS1iNGMzLTQ3OTgtODBhYS1hYzY2YjQxM2E1MzYiLCJhbGciOiJIUzI1NiJ9.eyJ1cmwiOiJwcm9kdWN0LWltYWdlcy9pZzItREk0WmRLSGhSS1ctMi5qcGciLCJzY29wZSI6ImRvd25sb2FkIiwiaWF0IjoxNzg1NjMwNzE1LCJleHAiOjIxMDA5OTA3MTV9.YApMbgTsTTQnO1waMh0pgJc-0tFjcNOBFmCmG9XZYus	in_stock	2390.00 USD	2190.00 USD	used	MicroBT	USED-MICROBT-WHATSMINER-M64-206TH-HYDRO-BITCOIN-MINER	yes	5710	Bitcoin Mining Hardware > Bitcoin Mining Machines	microbt-used	206 Th/s hashrate on SHA-256,4099W power draw,19.9 J/Th energy efficiency,Used unit, bench-tested before dispatch,Ships worldwide from Hong Kong by DHL / FedEx express,30-day functional warranty and in-house repair support,Cooling: Hydro / water cooling,Voltage: 200-240V AC	US:::0.00 USD,CA:::0.00 USD,GB:::0.00 USD,IE:::0.00 USD,DE:::0.00 USD,FR:::0.00 USD,NL:::0.00 USD,BE:::0.00 USD,LU:::0.00 USD,AT:::0.00 USD,CH:::0.00 USD,IT:::0.00 USD,ES:::0.00 USD,PT:::0.00 USD,SE:::0.00 USD,NO:::0.00 USD,DK:::0.00 USD,FI:::0.00 USD,PL:::0.00 USD,CZ:::0.00 USD,SK:::0.00 USD,HU:::0.00 USD,RO:::0.00 USD,GR:::0.00 USD,TR:::0.00 USD,AU:::0.00 USD,NZ:::0.00 USD,JP:::0.00 USD,KR:::0.00 USD,SG:::0.00 USD,MY:::0.00 USD,TH:::0.00 USD,VN:::0.00 USD,PH:::0.00 USD,ID:::0.00 USD,IN:::0.00 USD,HK:::0.00 USD,TW:::0.00 USD,AE:::0.00 USD,SA:::0.00 USD,QA:::0.00 USD,KW:::0.00 USD,BH:::0.00 USD,OM:::0.00 USD,IL:::0.00 USD,ZA:::0.00 USD,NG:::0.00 USD,KE:::0.00 USD,EG:::0.00 USD,MA:::0.00 USD,BR:::0.00 USD,AR:::0.00 USD,CL:::0.00 USD,CO:::0.00 USD,MX:::0.00 USD,PE:::0.00 USD,UY:::0.00 USD,RU:::0.00 USD,UA:::0.00 USD,KZ:::0.00 USD,GE:::0.00 USD,PK:::0.00 USD,BD:::0.00 USD,LK:::0.00 USD,NP:::0.00 USD,CN:::0.00 USD	15 kg	used	SHA-256	1500-4000	MicroBT	Hydro / water cooling
used-bitmain-antminer-k7-63-5th-nervos-ckb-miner	Bitmain Used Bitmain Antminer K7 63.5 Th/s Nervos CKB Miner	Used Antminer K7 63.5 Th/s Eaglesong ASIC for Nervos CKB mining at 3080W — bench-tested, firmware-checked, 365-day warranty. Brand: Bitmain. Model: Bitmain Antminer K7 63.5 Th/s Nervos CKB Miner. Cooling: Air cooling. Network: Ethernet RJ45. Voltage: 200-240V AC. Hashrate: 63.5 Th/s. Warranty: 180-365 day functional warranty. Algorithm: Eaglesong (Nervos CKB) — supplied, tested and shipped worldwide by Bitcoin Mining Depot from our Edmonton, Alberta facility. The Bitmain Antminer K7 63.5 Th/s Nervos CKB Miner is rated at 63.5 Th/s on the Eaglesong (Nervos CKB) algorithm with a wall draw of 3080W, giving a working efficiency of roughly 48 J/Th. Every unit listed on this page is a genuine second-hand machine pulled from a working farm, not a repaired or rebuilt shell: hashboards are verified chip by chip under sustained load, the control board and cooling package are inspected, and the miner is only released once it holds its rated 63.5 Th/s at stable chip temperatures. That is why professional Nervos Network (CKB) miners buy used Bitmain hardware — the cost per terahash is a fraction of new-unit pricing while the hashrate on the pool dashboard is identical. Performance and profitability At 48 J/Th this machine is best matched to electricity… Buy the Used Bitmain Antminer K7 63.5 Th/s Nervos CKB Miner from Bitcoin Mining Depot: verified used stock, crypto checkout, worldwide express delivery and hosting or repair support on request.	https://bitcoinminingdepot.net/products/used-bitmain-antminer-k7-63-5th-nervos-ckb-miner	https://qdhcyorsmkzxhepdjugo.supabase.co/storage/v1/object/sign/product-images/ig2-DJHLZ_phG4--1.jpg?token=eyJraWQiOiJzdG9yYWdlLXVybC1zaWduaW5nLWtleV82YzEzZTkyZS1iNGMzLTQ3OTgtODBhYS1hYzY2YjQxM2E1MzYiLCJhbGciOiJIUzI1NiJ9.eyJ1cmwiOiJwcm9kdWN0LWltYWdlcy9pZzItREpITFpfcGhHNC0tMS5qcGciLCJzY29wZSI6ImRvd25sb2FkIiwiaWF0IjoxNzg1NjMwNzE4LCJleHAiOjIxMDA5OTA3MTh9.yEX2ptlwWY2DWP2WmcKkEMU3cd1KpVbF-BlvcPcf3YA	https://qdhcyorsmkzxhepdjugo.supabase.co/storage/v1/object/sign/product-images/ig2-DJHLZ_phG4--2.jpg?token=eyJraWQiOiJzdG9yYWdlLXVybC1zaWduaW5nLWtleV82YzEzZTkyZS1iNGMzLTQ3OTgtODBhYS1hYzY2YjQxM2E1MzYiLCJhbGciOiJIUzI1NiJ9.eyJ1cmwiOiJwcm9kdWN0LWltYWdlcy9pZzItREpITFpfcGhHNC0tMi5qcGciLCJzY29wZSI6ImRvd25sb2FkIiwiaWF0IjoxNzg1NjMwNzE4LCJleHAiOjIxMDA5OTA3MTh9.tIducDPEfqtDMBTfsUKNqj0sp2wurJM-Hj5FsePVrmY	in_stock	1290.00 USD	1150.00 USD	used	Bitmain	USED-BITMAIN-ANTMINER-K7-63-5TH-NERVOS-CKB-MINER	yes	5710	Bitcoin Mining Hardware > ASIC Miners	bitmain-used	63.5 Th/s hashrate on Eaglesong (Nervos CKB),3080W power draw,48 J/Th energy efficiency,Used unit, bench-tested before dispatch,Ships worldwide from Hong Kong by DHL / FedEx express,30-day functional warranty and in-house repair support,Cooling: Air cooling,Voltage: 200-240V AC	US:::0.00 USD,CA:::0.00 USD,GB:::0.00 USD,IE:::0.00 USD,DE:::0.00 USD,FR:::0.00 USD,NL:::0.00 USD,BE:::0.00 USD,LU:::0.00 USD,AT:::0.00 USD,CH:::0.00 USD,IT:::0.00 USD,ES:::0.00 USD,PT:::0.00 USD,SE:::0.00 USD,NO:::0.00 USD,DK:::0.00 USD,FI:::0.00 USD,PL:::0.00 USD,CZ:::0.00 USD,SK:::0.00 USD,HU:::0.00 USD,RO:::0.00 USD,GR:::0.00 USD,TR:::0.00 USD,AU:::0.00 USD,NZ:::0.00 USD,JP:::0.00 USD,KR:::0.00 USD,SG:::0.00 USD,MY:::0.00 USD,TH:::0.00 USD,VN:::0.00 USD,PH:::0.00 USD,ID:::0.00 USD,IN:::0.00 USD,HK:::0.00 USD,TW:::0.00 USD,AE:::0.00 USD,SA:::0.00 USD,QA:::0.00 USD,KW:::0.00 USD,BH:::0.00 USD,OM:::0.00 USD,IL:::0.00 USD,ZA:::0.00 USD,NG:::0.00 USD,KE:::0.00 USD,EG:::0.00 USD,MA:::0.00 USD,BR:::0.00 USD,AR:::0.00 USD,CL:::0.00 USD,CO:::0.00 USD,MX:::0.00 USD,PE:::0.00 USD,UY:::0.00 USD,RU:::0.00 USD,UA:::0.00 USD,KZ:::0.00 USD,GE:::0.00 USD,PK:::0.00 USD,BD:::0.00 USD,LK:::0.00 USD,NP:::0.00 USD,CN:::0.00 USD	15 kg	used	Eaglesong (Nervos CKB)	500-1500	Bitmain	Air cooling
used-bitmain-antminer-l9-17gh-dogecoin-litecoin-miner	Bitmain Used Bitmain Antminer L9 17 Gh/s Dogecoin & Litecoin Miner	Antminer L9 17 Gh/s used Scrypt miner, 3570W at 210 J/Gh, load-tested and ready for merged DOGE + LTC mining with a 365-day warranty. Brand: Bitmain. Model: Bitmain Antminer L9 17 Gh/s Dogecoin & Litecoin Miner. Cooling: Air cooling. Network: Ethernet RJ45. Voltage: 200-240V AC. Hashrate: 17 Gh/s. Warranty: 180-365 day functional warranty. Algorithm: Scrypt (DOGE & LTC) — supplied, tested and shipped worldwide by Bitcoin Mining Depot from our Edmonton, Alberta facility. The Bitmain Antminer L9 17 Gh/s Dogecoin & Litecoin Miner is rated at 17 Gh/s on the Scrypt (DOGE & LTC) algorithm with a wall draw of 3570W, giving a working efficiency of roughly 210 J/Gh. Every unit listed on this page is a genuine second-hand machine pulled from a working farm, not a repaired or rebuilt shell: hashboards are verified chip by chip under sustained load, the control board and cooling package are inspected, and the miner is only released once it holds its rated 17 Gh/s at stable chip temperatures. That is why professional Dogecoin and Litecoin miners buy used Bitmain hardware — the cost per gigahash is a fraction of new-unit pricing while the hashrate on the pool dashboard is identical. Performance and profitability At 210 J/Gh this machine is best matched to… Buy the Used Bitmain Antminer L9 17 Gh/s Dogecoin & Litecoin Miner from Bitcoin Mining Depot: verified used stock, crypto checkout, worldwide express delivery and hosting or repair support on request.	https://bitcoinminingdepot.net/products/used-bitmain-antminer-l9-17gh-dogecoin-litecoin-miner	https://qdhcyorsmkzxhepdjugo.supabase.co/storage/v1/object/sign/product-images/ig2-DNlxtwjos71-1.jpg?token=eyJraWQiOiJzdG9yYWdlLXVybC1zaWduaW5nLWtleV82YzEzZTkyZS1iNGMzLTQ3OTgtODBhYS1hYzY2YjQxM2E1MzYiLCJhbGciOiJIUzI1NiJ9.eyJ1cmwiOiJwcm9kdWN0LWltYWdlcy9pZzItRE5seHR3am9zNzEtMS5qcGciLCJzY29wZSI6ImRvd25sb2FkIiwiaWF0IjoxNzg1NjMwNzI2LCJleHAiOjIxMDA5OTA3MjZ9.pc3GjmsOKKDZE1FTfuqB16vMW1O-JGqaWRart5QnKQ8	https://qdhcyorsmkzxhepdjugo.supabase.co/storage/v1/object/sign/product-images/ig2-DNlxtwjos71-2.jpg?token=eyJraWQiOiJzdG9yYWdlLXVybC1zaWduaW5nLWtleV82YzEzZTkyZS1iNGMzLTQ3OTgtODBhYS1hYzY2YjQxM2E1MzYiLCJhbGciOiJIUzI1NiJ9.eyJ1cmwiOiJwcm9kdWN0LWltYWdlcy9pZzItRE5seHR3am9zNzEtMi5qcGciLCJzY29wZSI6ImRvd25sb2FkIiwiaWF0IjoxNzg1NjMwNzI2LCJleHAiOjIxMDA5OTA3MjZ9.UBahNc0iwL4pCAZlHKPJvoTLmbV_qd4Cw6PmryqnFJI,https://qdhcyorsmkzxhepdjugo.supabase.co/storage/v1/object/sign/product-images/ig2-DKj2hbAPJNy-1.jpg?token=eyJraWQiOiJzdG9yYWdlLXVybC1zaWduaW5nLWtleV82YzEzZTkyZS1iNGMzLTQ3OTgtODBhYS1hYzY2YjQxM2E1MzYiLCJhbGciOiJIUzI1NiJ9.eyJ1cmwiOiJwcm9kdWN0LWltYWdlcy9pZzItREtqMmhiQVBKTnktMS5qcGciLCJzY29wZSI6ImRvd25sb2FkIiwiaWF0IjoxNzg1NjMwNzIyLCJleHAiOjIxMDA5OTA3MjJ9.drSKlfeLuw6LmOn7Nc1Vcn6zM0liXQ4qQERRqTu4TxE,https://qdhcyorsmkzxhepdjugo.supabase.co/storage/v1/object/sign/product-images/ig2-DKj2hbAPJNy-2.jpg?token=eyJraWQiOiJzdG9yYWdlLXVybC1zaWduaW5nLWtleV82YzEzZTkyZS1iNGMzLTQ3OTgtODBhYS1hYzY2YjQxM2E1MzYiLCJhbGciOiJIUzI1NiJ9.eyJ1cmwiOiJwcm9kdWN0LWltYWdlcy9pZzItREtqMmhiQVBKTnktMi5qcGciLCJzY29wZSI6ImRvd25sb2FkIiwiaWF0IjoxNzg1NjMwNzIzLCJleHAiOjIxMDA5OTA3MjN9.XrmljgPZTFNP9o6vsSNVxU0EiGoqwkqM10J52NhLiTk	in_stock	10450.00 USD	9890.00 USD	used	Bitmain	USED-BITMAIN-ANTMINER-L9-17GH-DOGECOIN-LITECOIN-MINER	yes	5710	Bitcoin Mining Hardware > ASIC Miners	bitmain-used	17 Gh/s hashrate on Scrypt (DOGE & LTC),3570W power draw,210 J/Gh energy efficiency,Used unit, bench-tested before dispatch,Ships worldwide from Hong Kong by DHL / FedEx express,30-day functional warranty and in-house repair support,Cooling: Air cooling,Voltage: 200-240V AC	US:::0.00 USD,CA:::0.00 USD,GB:::0.00 USD,IE:::0.00 USD,DE:::0.00 USD,FR:::0.00 USD,NL:::0.00 USD,BE:::0.00 USD,LU:::0.00 USD,AT:::0.00 USD,CH:::0.00 USD,IT:::0.00 USD,ES:::0.00 USD,PT:::0.00 USD,SE:::0.00 USD,NO:::0.00 USD,DK:::0.00 USD,FI:::0.00 USD,PL:::0.00 USD,CZ:::0.00 USD,SK:::0.00 USD,HU:::0.00 USD,RO:::0.00 USD,GR:::0.00 USD,TR:::0.00 USD,AU:::0.00 USD,NZ:::0.00 USD,JP:::0.00 USD,KR:::0.00 USD,SG:::0.00 USD,MY:::0.00 USD,TH:::0.00 USD,VN:::0.00 USD,PH:::0.00 USD,ID:::0.00 USD,IN:::0.00 USD,HK:::0.00 USD,TW:::0.00 USD,AE:::0.00 USD,SA:::0.00 USD,QA:::0.00 USD,KW:::0.00 USD,BH:::0.00 USD,OM:::0.00 USD,IL:::0.00 USD,ZA:::0.00 USD,NG:::0.00 USD,KE:::0.00 USD,EG:::0.00 USD,MA:::0.00 USD,BR:::0.00 USD,AR:::0.00 USD,CL:::0.00 USD,CO:::0.00 USD,MX:::0.00 USD,PE:::0.00 USD,UY:::0.00 USD,RU:::0.00 USD,UA:::0.00 USD,KZ:::0.00 USD,GE:::0.00 USD,PK:::0.00 USD,BD:::0.00 USD,LK:::0.00 USD,NP:::0.00 USD,CN:::0.00 USD	15 kg	used	Scrypt (DOGE & LTC)	4000-10000	Bitmain	Air cooling
used-bitmain-antminer-l9-16gh-scrypt-miner	Bitmain Used Bitmain Antminer L9 16 Gh/s Scrypt Dogecoin Miner	Used Antminer L9 16 Gh/s Scrypt ASIC at 3360W and 210 J/Gh — the most efficient air-cooled Dogecoin and Litecoin miner in volume stock. Brand: Bitmain. Model: Bitmain Antminer L9 16 Gh/s Scrypt Dogecoin Miner. Cooling: Air cooling. Network: Ethernet RJ45. Voltage: 200-240V AC. Hashrate: 16 Gh/s. Warranty: 180-365 day functional warranty. Algorithm: Scrypt (DOGE & LTC) — supplied, tested and shipped worldwide by Bitcoin Mining Depot from our Edmonton, Alberta facility. The Bitmain Antminer L9 16 Gh/s Scrypt Dogecoin Miner is rated at 16 Gh/s on the Scrypt (DOGE & LTC) algorithm with a wall draw of 3360W, giving a working efficiency of roughly 210 J/Gh. Every unit listed on this page is a genuine second-hand machine pulled from a working farm, not a repaired or rebuilt shell: hashboards are verified chip by chip under sustained load, the control board and cooling package are inspected, and the miner is only released once it holds its rated 16 Gh/s at stable chip temperatures. That is why professional Dogecoin and Litecoin miners buy used Bitmain hardware — the cost per gigahash is a fraction of new-unit pricing while the hashrate on the pool dashboard is identical. Performance and profitability At 210 J/Gh this machine is best matched to electricity… Buy the Used Bitmain Antminer L9 16 Gh/s Scrypt Dogecoin Miner from Bitcoin Mining Depot: verified used stock, crypto checkout, worldwide express delivery and hosting or repair support on request.	https://bitcoinminingdepot.net/products/used-bitmain-antminer-l9-16gh-scrypt-miner	https://qdhcyorsmkzxhepdjugo.supabase.co/storage/v1/object/sign/product-images/ig2-DRbWgLGCJld-1.jpg?token=eyJraWQiOiJzdG9yYWdlLXVybC1zaWduaW5nLWtleV82YzEzZTkyZS1iNGMzLTQ3OTgtODBhYS1hYzY2YjQxM2E1MzYiLCJhbGciOiJIUzI1NiJ9.eyJ1cmwiOiJwcm9kdWN0LWltYWdlcy9pZzItRFJiV2dMR0NKbGQtMS5qcGciLCJzY29wZSI6ImRvd25sb2FkIiwiaWF0IjoxNzg1NjMwNzMxLCJleHAiOjIxMDA5OTA3MzF9.9yh0XHQvSFJi6cRs3kzAKareBYjqWK7Olb51NREG0xo	https://qdhcyorsmkzxhepdjugo.supabase.co/storage/v1/object/sign/product-images/ig2-DRbWgLGCJld-2.jpg?token=eyJraWQiOiJzdG9yYWdlLXVybC1zaWduaW5nLWtleV82YzEzZTkyZS1iNGMzLTQ3OTgtODBhYS1hYzY2YjQxM2E1MzYiLCJhbGciOiJIUzI1NiJ9.eyJ1cmwiOiJwcm9kdWN0LWltYWdlcy9pZzItRFJiV2dMR0NKbGQtMi5qcGciLCJzY29wZSI6ImRvd25sb2FkIiwiaWF0IjoxNzg1NjMwNzMxLCJleHAiOjIxMDA5OTA3MzF9.OTI4L4bGU4WJRXGgwzgE_FuVugXRvTKQkLWfoTdRCyY	in_stock	9450.00 USD	8990.00 USD	used	Bitmain	USED-BITMAIN-ANTMINER-L9-16GH-SCRYPT-MINER	yes	5710	Bitcoin Mining Hardware > ASIC Miners	bitmain-used	16 Gh/s hashrate on Scrypt (DOGE & LTC),3360W power draw,210 J/Gh energy efficiency,Used unit, bench-tested before dispatch,Ships worldwide from Hong Kong by DHL / FedEx express,30-day functional warranty and in-house repair support,Cooling: Air cooling,Voltage: 200-240V AC	US:::0.00 USD,CA:::0.00 USD,GB:::0.00 USD,IE:::0.00 USD,DE:::0.00 USD,FR:::0.00 USD,NL:::0.00 USD,BE:::0.00 USD,LU:::0.00 USD,AT:::0.00 USD,CH:::0.00 USD,IT:::0.00 USD,ES:::0.00 USD,PT:::0.00 USD,SE:::0.00 USD,NO:::0.00 USD,DK:::0.00 USD,FI:::0.00 USD,PL:::0.00 USD,CZ:::0.00 USD,SK:::0.00 USD,HU:::0.00 USD,RO:::0.00 USD,GR:::0.00 USD,TR:::0.00 USD,AU:::0.00 USD,NZ:::0.00 USD,JP:::0.00 USD,KR:::0.00 USD,SG:::0.00 USD,MY:::0.00 USD,TH:::0.00 USD,VN:::0.00 USD,PH:::0.00 USD,ID:::0.00 USD,IN:::0.00 USD,HK:::0.00 USD,TW:::0.00 USD,AE:::0.00 USD,SA:::0.00 USD,QA:::0.00 USD,KW:::0.00 USD,BH:::0.00 USD,OM:::0.00 USD,IL:::0.00 USD,ZA:::0.00 USD,NG:::0.00 USD,KE:::0.00 USD,EG:::0.00 USD,MA:::0.00 USD,BR:::0.00 USD,AR:::0.00 USD,CL:::0.00 USD,CO:::0.00 USD,MX:::0.00 USD,PE:::0.00 USD,UY:::0.00 USD,RU:::0.00 USD,UA:::0.00 USD,KZ:::0.00 USD,GE:::0.00 USD,PK:::0.00 USD,BD:::0.00 USD,LK:::0.00 USD,NP:::0.00 USD,CN:::0.00 USD	15 kg	used	Scrypt (DOGE & LTC)	4000-10000	Bitmain	Air cooling
used-bitmain-antminer-l7-hydro-converted-9-5gh	Bitmain Used Bitmain Antminer L7 9.5 Gh/s Hydro-Converted Scrypt Miner	Antminer L7 9.5 Gh/s professionally converted to water cooling with full hydro plates and quick-connect fittings for silent high-density Dogecoin and Litecoin mining. Brand: Bitmain. Model: Bitmain Antminer L7 9.5 Gh/s Hydro-Converted Scrypt Miner. Cooling: Hydro / water cooling. Network: Ethernet RJ45. Voltage: 200-240V AC. Hashrate: 9.5 Gh/s. Warranty: 180-365 day functional warranty. Algorithm: Scrypt (DOGE & LTC) — supplied, tested and shipped worldwide by Bitcoin Mining Depot from our Edmonton, Alberta facility. The Bitmain Antminer L7 9.5 Gh/s Hydro-Converted Scrypt Miner is rated at 9.5 Gh/s on the Scrypt (DOGE & LTC) algorithm with a wall draw of 3425W, giving a working efficiency of roughly 360 J/Gh. Every unit listed on this page is a genuine second-hand machine pulled from a working farm, not a repaired or rebuilt shell: hashboards are verified chip by chip under sustained load, the control board and cooling package are inspected, and the miner is only released once it holds its rated 9.5 Gh/s at stable chip temperatures. That is why professional Dogecoin and Litecoin miners buy used Bitmain hardware — the cost per gigahash is a fraction of new-unit pricing while the hashrate on the pool dashboard is identical. Performance and profitability At 360 J/Gh this machine is best matched to… Buy the Used Bitmain Antminer L7 9.5 Gh/s Hydro-Converted Scrypt Miner from Bitcoin Mining Depot: verified used stock, crypto checkout, worldwide express delivery and hosting or repair support on request.	https://bitcoinminingdepot.net/products/used-bitmain-antminer-l7-hydro-converted-9-5gh	https://qdhcyorsmkzxhepdjugo.supabase.co/storage/v1/object/sign/product-images/ig2-DJnJSq2howd-1.jpg?token=eyJraWQiOiJzdG9yYWdlLXVybC1zaWduaW5nLWtleV82YzEzZTkyZS1iNGMzLTQ3OTgtODBhYS1hYzY2YjQxM2E1MzYiLCJhbGciOiJIUzI1NiJ9.eyJ1cmwiOiJwcm9kdWN0LWltYWdlcy9pZzItREpuSlNxMmhvd2QtMS5qcGciLCJzY29wZSI6ImRvd25sb2FkIiwiaWF0IjoxNzg1NjMwNzIwLCJleHAiOjIxMDA5OTA3MjB9.7Ooq9v5rkZXKIPZ_c2aV8lkaHorEZkKblSCSEFU-kYA	https://qdhcyorsmkzxhepdjugo.supabase.co/storage/v1/object/sign/product-images/ig2-DJnJSq2howd-2.jpg?token=eyJraWQiOiJzdG9yYWdlLXVybC1zaWduaW5nLWtleV82YzEzZTkyZS1iNGMzLTQ3OTgtODBhYS1hYzY2YjQxM2E1MzYiLCJhbGciOiJIUzI1NiJ9.eyJ1cmwiOiJwcm9kdWN0LWltYWdlcy9pZzItREpuSlNxMmhvd2QtMi5qcGciLCJzY29wZSI6ImRvd25sb2FkIiwiaWF0IjoxNzg1NjMwNzIwLCJleHAiOjIxMDA5OTA3MjB9.-Zm40B1axFPqmwoshPcOwUHR3MLU-8X4UshShudL7UU	in_stock	4790.00 USD	4490.00 USD	used	Bitmain	USED-BITMAIN-ANTMINER-L7-HYDRO-CONVERTED-9-5GH	yes	5710	Bitcoin Mining Hardware > ASIC Miners	bitmain-used	9.5 Gh/s hashrate on Scrypt (DOGE & LTC),3425W power draw,360 J/Gh energy efficiency,Used unit, bench-tested before dispatch,Ships worldwide from Hong Kong by DHL / FedEx express,30-day functional warranty and in-house repair support,Cooling: Hydro / water cooling,Voltage: 200-240V AC	US:::0.00 USD,CA:::0.00 USD,GB:::0.00 USD,IE:::0.00 USD,DE:::0.00 USD,FR:::0.00 USD,NL:::0.00 USD,BE:::0.00 USD,LU:::0.00 USD,AT:::0.00 USD,CH:::0.00 USD,IT:::0.00 USD,ES:::0.00 USD,PT:::0.00 USD,SE:::0.00 USD,NO:::0.00 USD,DK:::0.00 USD,FI:::0.00 USD,PL:::0.00 USD,CZ:::0.00 USD,SK:::0.00 USD,HU:::0.00 USD,RO:::0.00 USD,GR:::0.00 USD,TR:::0.00 USD,AU:::0.00 USD,NZ:::0.00 USD,JP:::0.00 USD,KR:::0.00 USD,SG:::0.00 USD,MY:::0.00 USD,TH:::0.00 USD,VN:::0.00 USD,PH:::0.00 USD,ID:::0.00 USD,IN:::0.00 USD,HK:::0.00 USD,TW:::0.00 USD,AE:::0.00 USD,SA:::0.00 USD,QA:::0.00 USD,KW:::0.00 USD,BH:::0.00 USD,OM:::0.00 USD,IL:::0.00 USD,ZA:::0.00 USD,NG:::0.00 USD,KE:::0.00 USD,EG:::0.00 USD,MA:::0.00 USD,BR:::0.00 USD,AR:::0.00 USD,CL:::0.00 USD,CO:::0.00 USD,MX:::0.00 USD,PE:::0.00 USD,UY:::0.00 USD,RU:::0.00 USD,UA:::0.00 USD,KZ:::0.00 USD,GE:::0.00 USD,PK:::0.00 USD,BD:::0.00 USD,LK:::0.00 USD,NP:::0.00 USD,CN:::0.00 USD	15 kg	used	Scrypt (DOGE & LTC)	4000-10000	Bitmain	Hydro / water cooling
used-microbt-whatsminer-m30s-plus-plus-112th	MicroBT Used MicroBT WhatsMiner M30S++ 112 Th/s Bitcoin Miner	Budget used WhatsMiner M30S++ 112 Th/s SHA-256 miner at 3472W — proven workhorse hashrate for sub-5c/kWh power, tested and warranted. Brand: MicroBT. Model: MicroBT WhatsMiner M30S++ 112 Th/s Bitcoin Miner. Cooling: Air cooling. Network: Ethernet RJ45. Voltage: 200-240V AC. Hashrate: 112 Th/s. Warranty: 180-365 day functional warranty. Algorithm: SHA-256 — supplied, tested and shipped worldwide by Bitcoin Mining Depot from our Edmonton, Alberta facility. The MicroBT WhatsMiner M30S++ 112 Th/s Bitcoin Miner is rated at 112 Th/s on the SHA-256 algorithm with a wall draw of 3472W, giving a working efficiency of roughly 31 J/Th. Every unit listed on this page is a genuine second-hand machine pulled from a working farm, not a repaired or rebuilt shell: hashboards are verified chip by chip under sustained load, the control board and cooling package are inspected, and the miner is only released once it holds its rated 112 Th/s at stable chip temperatures. That is why professional Bitcoin miners buy used MicroBT hardware — the cost per terahash is a fraction of new-unit pricing while the hashrate on the pool dashboard is identical. Performance and profitability At 31 J/Th this machine is best matched to electricity below roughly six cents per… Buy the Used MicroBT WhatsMiner M30S++ 112 Th/s Bitcoin Miner from Bitcoin Mining Depot: verified used stock, crypto checkout, worldwide express delivery and hosting or repair support on request.	https://bitcoinminingdepot.net/products/used-microbt-whatsminer-m30s-plus-plus-112th	https://qdhcyorsmkzxhepdjugo.supabase.co/storage/v1/object/sign/product-images/ig2-DJHLk26BbpM-1.jpg?token=eyJraWQiOiJzdG9yYWdlLXVybC1zaWduaW5nLWtleV82YzEzZTkyZS1iNGMzLTQ3OTgtODBhYS1hYzY2YjQxM2E1MzYiLCJhbGciOiJIUzI1NiJ9.eyJ1cmwiOiJwcm9kdWN0LWltYWdlcy9pZzItREpITGsyNkJicE0tMS5qcGciLCJzY29wZSI6ImRvd25sb2FkIiwiaWF0IjoxNzg1NjMwNzE4LCJleHAiOjIxMDA5OTA3MTh9.C1st60HO0dUMoASZkGbkBI5JcTBB9RT0Wgr065kwMIY	https://qdhcyorsmkzxhepdjugo.supabase.co/storage/v1/object/sign/product-images/ig2-DJHLk26BbpM-2.jpg?token=eyJraWQiOiJzdG9yYWdlLXVybC1zaWduaW5nLWtleV82YzEzZTkyZS1iNGMzLTQ3OTgtODBhYS1hYzY2YjQxM2E1MzYiLCJhbGciOiJIUzI1NiJ9.eyJ1cmwiOiJwcm9kdWN0LWltYWdlcy9pZzItREpITGsyNkJicE0tMi5qcGciLCJzY29wZSI6ImRvd25sb2FkIiwiaWF0IjoxNzg1NjMwNzE5LCJleHAiOjIxMDA5OTA3MTl9.XH9dstanDxBpM-umom3kWm5DnKy2OkuUl1YVBEXXzsk	in_stock	349.00 USD	299.00 USD	used	MicroBT	USED-MICROBT-WHATSMINER-M30S-PLUS-PLUS-112TH	yes	5710	Bitcoin Mining Hardware > Bitcoin Mining Machines	microbt-used	112 Th/s hashrate on SHA-256,3472W power draw,31 J/Th energy efficiency,Used unit, bench-tested before dispatch,Ships worldwide from Hong Kong by DHL / FedEx express,30-day functional warranty and in-house repair support,Cooling: Air cooling,Voltage: 200-240V AC	US:::0.00 USD,CA:::0.00 USD,GB:::0.00 USD,IE:::0.00 USD,DE:::0.00 USD,FR:::0.00 USD,NL:::0.00 USD,BE:::0.00 USD,LU:::0.00 USD,AT:::0.00 USD,CH:::0.00 USD,IT:::0.00 USD,ES:::0.00 USD,PT:::0.00 USD,SE:::0.00 USD,NO:::0.00 USD,DK:::0.00 USD,FI:::0.00 USD,PL:::0.00 USD,CZ:::0.00 USD,SK:::0.00 USD,HU:::0.00 USD,RO:::0.00 USD,GR:::0.00 USD,TR:::0.00 USD,AU:::0.00 USD,NZ:::0.00 USD,JP:::0.00 USD,KR:::0.00 USD,SG:::0.00 USD,MY:::0.00 USD,TH:::0.00 USD,VN:::0.00 USD,PH:::0.00 USD,ID:::0.00 USD,IN:::0.00 USD,HK:::0.00 USD,TW:::0.00 USD,AE:::0.00 USD,SA:::0.00 USD,QA:::0.00 USD,KW:::0.00 USD,BH:::0.00 USD,OM:::0.00 USD,IL:::0.00 USD,ZA:::0.00 USD,NG:::0.00 USD,KE:::0.00 USD,EG:::0.00 USD,MA:::0.00 USD,BR:::0.00 USD,AR:::0.00 USD,CL:::0.00 USD,CO:::0.00 USD,MX:::0.00 USD,PE:::0.00 USD,UY:::0.00 USD,RU:::0.00 USD,UA:::0.00 USD,KZ:::0.00 USD,GE:::0.00 USD,PK:::0.00 USD,BD:::0.00 USD,LK:::0.00 USD,NP:::0.00 USD,CN:::0.00 USD	15 kg	used	SHA-256	under-500	MicroBT	Air cooling
iceriver-al0-aleo-miner-50mh-zksnark	IceRiver AL0 ALEO Miner 50 Mh/s zkSNARK Prover	IceRiver AL0 ALEO miner delivers 50 Mh/s of zkSNARK proving on just 100W — plug-and-play Aleo mining for home rigs and desks. Brand: IceRiver. Model: IceRiver AL0 ALEO Miner 50 Mh/s zkSNARK Prover. Cooling: Air cooling. Network: Ethernet RJ45. Voltage: 200-240V AC. Hashrate: 50 Mh/s. Warranty: 180-365 day functional warranty. Algorithm: zkSNARK (Aleo) — supplied, tested and shipped worldwide by Bitcoin Mining Depot from our Edmonton, Alberta facility. The IceRiver AL0 ALEO Miner 50 Mh/s zkSNARK Prover is rated at 50 Mh/s on the zkSNARK (Aleo) algorithm with a wall draw of 100W, giving a working efficiency of roughly 2 W/Mh. Every unit listed on this page is a genuine second-hand machine pulled from a working farm, not a repaired or rebuilt shell: hashboards are verified chip by chip under sustained load, the control board and cooling package are inspected, and the miner is only released once it holds its rated 50 Mh/s at stable chip temperatures. That is why professional Aleo (ALEO) miners buy used IceRiver hardware — the cost per gigahash is a fraction of new-unit pricing while the hashrate on the pool dashboard is identical. Performance and profitability At 2 W/Mh this machine is best matched to electricity below roughly six cents… Buy the IceRiver AL0 ALEO Miner 50 Mh/s zkSNARK Prover from Bitcoin Mining Depot: verified used stock, crypto checkout, worldwide express delivery and hosting or repair support on request.	https://bitcoinminingdepot.net/products/iceriver-al0-aleo-miner-50mh-zksnark	https://qdhcyorsmkzxhepdjugo.supabase.co/storage/v1/object/sign/product-images/ig2-DIavHGIB-V5-1.jpg?token=eyJraWQiOiJzdG9yYWdlLXVybC1zaWduaW5nLWtleV82YzEzZTkyZS1iNGMzLTQ3OTgtODBhYS1hYzY2YjQxM2E1MzYiLCJhbGciOiJIUzI1NiJ9.eyJ1cmwiOiJwcm9kdWN0LWltYWdlcy9pZzItRElhdkhHSUItVjUtMS5qcGciLCJzY29wZSI6ImRvd25sb2FkIiwiaWF0IjoxNzg1NjMwNzE3LCJleHAiOjIxMDA5OTA3MTd9._oCZ07fLHrlSSbh8-N5hbvOhfSpHZOd6nmH0afxRvmg	https://qdhcyorsmkzxhepdjugo.supabase.co/storage/v1/object/sign/product-images/ig2-DIavHGIB-V5-2.jpg?token=eyJraWQiOiJzdG9yYWdlLXVybC1zaWduaW5nLWtleV82YzEzZTkyZS1iNGMzLTQ3OTgtODBhYS1hYzY2YjQxM2E1MzYiLCJhbGciOiJIUzI1NiJ9.eyJ1cmwiOiJwcm9kdWN0LWltYWdlcy9pZzItRElhdkhHSUItVjUtMi5qcGciLCJzY29wZSI6ImRvd25sb2FkIiwiaWF0IjoxNzg1NjMwNzE3LCJleHAiOjIxMDA5OTA3MTd9.uVDZmj_pL8eWk0IbQzj00-7Raq_Cl1AN4QF0hrwORsE	in_stock	649.00 USD	590.00 USD	used	IceRiver	ICERIVER-AL0-ALEO-MINER-50MH-ZKSNARK	yes	5710	Bitcoin Mining Hardware > ASIC Miners	iceriver-used	50 Mh/s hashrate on zkSNARK (Aleo),100W power draw,2 W/Mh energy efficiency,Used unit, bench-tested before dispatch,Ships worldwide from Hong Kong by DHL / FedEx express,30-day functional warranty and in-house repair support,Cooling: Air cooling,Voltage: 200-240V AC	US:::0.00 USD,CA:::0.00 USD,GB:::0.00 USD,IE:::0.00 USD,DE:::0.00 USD,FR:::0.00 USD,NL:::0.00 USD,BE:::0.00 USD,LU:::0.00 USD,AT:::0.00 USD,CH:::0.00 USD,IT:::0.00 USD,ES:::0.00 USD,PT:::0.00 USD,SE:::0.00 USD,NO:::0.00 USD,DK:::0.00 USD,FI:::0.00 USD,PL:::0.00 USD,CZ:::0.00 USD,SK:::0.00 USD,HU:::0.00 USD,RO:::0.00 USD,GR:::0.00 USD,TR:::0.00 USD,AU:::0.00 USD,NZ:::0.00 USD,JP:::0.00 USD,KR:::0.00 USD,SG:::0.00 USD,MY:::0.00 USD,TH:::0.00 USD,VN:::0.00 USD,PH:::0.00 USD,ID:::0.00 USD,IN:::0.00 USD,HK:::0.00 USD,TW:::0.00 USD,AE:::0.00 USD,SA:::0.00 USD,QA:::0.00 USD,KW:::0.00 USD,BH:::0.00 USD,OM:::0.00 USD,IL:::0.00 USD,ZA:::0.00 USD,NG:::0.00 USD,KE:::0.00 USD,EG:::0.00 USD,MA:::0.00 USD,BR:::0.00 USD,AR:::0.00 USD,CL:::0.00 USD,CO:::0.00 USD,MX:::0.00 USD,PE:::0.00 USD,UY:::0.00 USD,RU:::0.00 USD,UA:::0.00 USD,KZ:::0.00 USD,GE:::0.00 USD,PK:::0.00 USD,BD:::0.00 USD,LK:::0.00 USD,NP:::0.00 USD,CN:::0.00 USD	15 kg	used	zkSNARK (Aleo)	500-1500	IceRiver	Air cooling
used-canaan-avalon-a1566-200th-bitcoin-miner	Canaan Used Canaan Avalon A1566 200 Th/s Bitcoin Miner	Newly restocked Avalon A1566 200 Th/s Bitcoin miners at 17.1 J/Th, with 182T-218T A1566, 1566XP and 1566 Pro bins also available. Brand: Canaan. Model: Canaan Avalon A1566 200 Th/s Bitcoin Miner. Cooling: Air cooling. Network: Ethernet RJ45. Voltage: 200-240V AC. Hashrate: 200 Th/s. Warranty: 180-365 day functional warranty. Algorithm: SHA-256 — supplied, tested and shipped worldwide by Bitcoin Mining Depot from our Edmonton, Alberta facility. The Canaan Avalon A1566 200 Th/s Bitcoin Miner is rated at 200 Th/s on the SHA-256 algorithm with a wall draw of 3420W, giving a working efficiency of roughly 17.1 J/Th. Every unit listed on this page is a genuine second-hand machine pulled from a working farm, not a repaired or rebuilt shell: hashboards are verified chip by chip under sustained load, the control board and cooling package are inspected, and the miner is only released once it holds its rated 200 Th/s at stable chip temperatures. That is why professional Bitcoin miners buy used Canaan hardware — the cost per terahash is a fraction of new-unit pricing while the hashrate on the pool dashboard is identical. Performance and profitability At 17.1 J/Th this machine is best matched to electricity below roughly six cents per… Buy the Used Canaan Avalon A1566 200 Th/s Bitcoin Miner from Bitcoin Mining Depot: verified used stock, crypto checkout, worldwide express delivery and hosting or repair support on request.	https://bitcoinminingdepot.net/products/used-canaan-avalon-a1566-200th-bitcoin-miner	https://qdhcyorsmkzxhepdjugo.supabase.co/storage/v1/object/sign/product-images/ig2-DNFsX_RPg2u-1.jpg?token=eyJraWQiOiJzdG9yYWdlLXVybC1zaWduaW5nLWtleV82YzEzZTkyZS1iNGMzLTQ3OTgtODBhYS1hYzY2YjQxM2E1MzYiLCJhbGciOiJIUzI1NiJ9.eyJ1cmwiOiJwcm9kdWN0LWltYWdlcy9pZzItRE5Gc1hfUlBnMnUtMS5qcGciLCJzY29wZSI6ImRvd25sb2FkIiwiaWF0IjoxNzg1NjMwNzI1LCJleHAiOjIxMDA5OTA3MjV9.AvrhmVprcBBLcugqAMsDz6uLkrqt3L9xaVMhoFlne3g	https://qdhcyorsmkzxhepdjugo.supabase.co/storage/v1/object/sign/product-images/ig2-DNFsX_RPg2u-2.jpg?token=eyJraWQiOiJzdG9yYWdlLXVybC1zaWduaW5nLWtleV82YzEzZTkyZS1iNGMzLTQ3OTgtODBhYS1hYzY2YjQxM2E1MzYiLCJhbGciOiJIUzI1NiJ9.eyJ1cmwiOiJwcm9kdWN0LWltYWdlcy9pZzItRE5Gc1hfUlBnMnUtMi5qcGciLCJzY29wZSI6ImRvd25sb2FkIiwiaWF0IjoxNzg1NjMwNzI1LCJleHAiOjIxMDA5OTA3MjV9.8qYaDgMnS4jiWql8KDj0UVcxEsKgTV_GIQyieuRDC2E	in_stock	2190.00 USD	1990.00 USD	used	Canaan	USED-CANAAN-AVALON-A1566-200TH-BITCOIN-MINER	yes	5710	Bitcoin Mining Hardware > Bitcoin Mining Machines	canaan-used	200 Th/s hashrate on SHA-256,3420W power draw,17.1 J/Th energy efficiency,Used unit, bench-tested before dispatch,Ships worldwide from Hong Kong by DHL / FedEx express,30-day functional warranty and in-house repair support,Cooling: Air cooling,Voltage: 200-240V AC	US:::0.00 USD,CA:::0.00 USD,GB:::0.00 USD,IE:::0.00 USD,DE:::0.00 USD,FR:::0.00 USD,NL:::0.00 USD,BE:::0.00 USD,LU:::0.00 USD,AT:::0.00 USD,CH:::0.00 USD,IT:::0.00 USD,ES:::0.00 USD,PT:::0.00 USD,SE:::0.00 USD,NO:::0.00 USD,DK:::0.00 USD,FI:::0.00 USD,PL:::0.00 USD,CZ:::0.00 USD,SK:::0.00 USD,HU:::0.00 USD,RO:::0.00 USD,GR:::0.00 USD,TR:::0.00 USD,AU:::0.00 USD,NZ:::0.00 USD,JP:::0.00 USD,KR:::0.00 USD,SG:::0.00 USD,MY:::0.00 USD,TH:::0.00 USD,VN:::0.00 USD,PH:::0.00 USD,ID:::0.00 USD,IN:::0.00 USD,HK:::0.00 USD,TW:::0.00 USD,AE:::0.00 USD,SA:::0.00 USD,QA:::0.00 USD,KW:::0.00 USD,BH:::0.00 USD,OM:::0.00 USD,IL:::0.00 USD,ZA:::0.00 USD,NG:::0.00 USD,KE:::0.00 USD,EG:::0.00 USD,MA:::0.00 USD,BR:::0.00 USD,AR:::0.00 USD,CL:::0.00 USD,CO:::0.00 USD,MX:::0.00 USD,PE:::0.00 USD,UY:::0.00 USD,RU:::0.00 USD,UA:::0.00 USD,KZ:::0.00 USD,GE:::0.00 USD,PK:::0.00 USD,BD:::0.00 USD,LK:::0.00 USD,NP:::0.00 USD,CN:::0.00 USD	15 kg	used	SHA-256	1500-4000	Canaan	Air cooling
used-microbt-whatsminer-m50s-128-134th	MicroBT Used MicroBT WhatsMiner M50S 128-134 Th/s Bitcoin Miner	Used WhatsMiner M50S in 128, 130, 132 and 134 Th/s bins from $410 — optimal hashrate, never repaired, extended warranty and fast global shipping. Brand: MicroBT. Model: MicroBT WhatsMiner M50S 128-134 Th/s Bitcoin Miner. Cooling: Air cooling. Network: Ethernet RJ45. Voltage: 200-240V AC. Hashrate: 134 Th/s. Warranty: 180-365 day functional warranty. Algorithm: SHA-256 — supplied, tested and shipped worldwide by Bitcoin Mining Depot from our Edmonton, Alberta facility. The MicroBT WhatsMiner M50S 128-134 Th/s Bitcoin Miner is rated at 134 Th/s on the SHA-256 algorithm with a wall draw of 3444W, giving a working efficiency of roughly 26 J/Th. Every unit listed on this page is a genuine second-hand machine pulled from a working farm, not a repaired or rebuilt shell: hashboards are verified chip by chip under sustained load, the control board and cooling package are inspected, and the miner is only released once it holds its rated 134 Th/s at stable chip temperatures. That is why professional Bitcoin miners buy used MicroBT hardware — the cost per terahash is a fraction of new-unit pricing while the hashrate on the pool dashboard is identical. Performance and profitability At 26 J/Th this machine is best matched to electricity below roughly six cents per… Buy the Used MicroBT WhatsMiner M50S 128-134 Th/s Bitcoin Miner from Bitcoin Mining Depot: verified used stock, crypto checkout, worldwide express delivery and hosting or repair support on request.	https://bitcoinminingdepot.net/products/used-microbt-whatsminer-m50s-128-134th	https://qdhcyorsmkzxhepdjugo.supabase.co/storage/v1/object/sign/product-images/ig2-DOV0HnmiNuv-1.jpg?token=eyJraWQiOiJzdG9yYWdlLXVybC1zaWduaW5nLWtleV82YzEzZTkyZS1iNGMzLTQ3OTgtODBhYS1hYzY2YjQxM2E1MzYiLCJhbGciOiJIUzI1NiJ9.eyJ1cmwiOiJwcm9kdWN0LWltYWdlcy9pZzItRE9WMEhubWlOdXYtMS5qcGciLCJzY29wZSI6ImRvd25sb2FkIiwiaWF0IjoxNzg1NjMwNzI2LCJleHAiOjIxMDA5OTA3MjZ9.cadwRz_vbe0OtisvoZWjC4JNXvkKl1ZgjJoKYbAts8o	https://qdhcyorsmkzxhepdjugo.supabase.co/storage/v1/object/sign/product-images/ig2-DOV0HnmiNuv-2.jpg?token=eyJraWQiOiJzdG9yYWdlLXVybC1zaWduaW5nLWtleV82YzEzZTkyZS1iNGMzLTQ3OTgtODBhYS1hYzY2YjQxM2E1MzYiLCJhbGciOiJIUzI1NiJ9.eyJ1cmwiOiJwcm9kdWN0LWltYWdlcy9pZzItRE9WMEhubWlOdXYtMi5qcGciLCJzY29wZSI6ImRvd25sb2FkIiwiaWF0IjoxNzg1NjMwNzI2LCJleHAiOjIxMDA5OTA3MjZ9.iHo3Qs1KQdE-I4L9tOAt1-XlkuaK2wCrSg3VDF6sHIw	in_stock	489.00 USD	410.00 USD	used	MicroBT	USED-MICROBT-WHATSMINER-M50S-128-134TH	yes	5710	Bitcoin Mining Hardware > Bitcoin Mining Machines	microbt-used	134 Th/s hashrate on SHA-256,3444W power draw,26 J/Th energy efficiency,Used unit, bench-tested before dispatch,Ships worldwide from Hong Kong by DHL / FedEx express,30-day functional warranty and in-house repair support,Cooling: Air cooling,Voltage: 200-240V AC	US:::0.00 USD,CA:::0.00 USD,GB:::0.00 USD,IE:::0.00 USD,DE:::0.00 USD,FR:::0.00 USD,NL:::0.00 USD,BE:::0.00 USD,LU:::0.00 USD,AT:::0.00 USD,CH:::0.00 USD,IT:::0.00 USD,ES:::0.00 USD,PT:::0.00 USD,SE:::0.00 USD,NO:::0.00 USD,DK:::0.00 USD,FI:::0.00 USD,PL:::0.00 USD,CZ:::0.00 USD,SK:::0.00 USD,HU:::0.00 USD,RO:::0.00 USD,GR:::0.00 USD,TR:::0.00 USD,AU:::0.00 USD,NZ:::0.00 USD,JP:::0.00 USD,KR:::0.00 USD,SG:::0.00 USD,MY:::0.00 USD,TH:::0.00 USD,VN:::0.00 USD,PH:::0.00 USD,ID:::0.00 USD,IN:::0.00 USD,HK:::0.00 USD,TW:::0.00 USD,AE:::0.00 USD,SA:::0.00 USD,QA:::0.00 USD,KW:::0.00 USD,BH:::0.00 USD,OM:::0.00 USD,IL:::0.00 USD,ZA:::0.00 USD,NG:::0.00 USD,KE:::0.00 USD,EG:::0.00 USD,MA:::0.00 USD,BR:::0.00 USD,AR:::0.00 USD,CL:::0.00 USD,CO:::0.00 USD,MX:::0.00 USD,PE:::0.00 USD,UY:::0.00 USD,RU:::0.00 USD,UA:::0.00 USD,KZ:::0.00 USD,GE:::0.00 USD,PK:::0.00 USD,BD:::0.00 USD,LK:::0.00 USD,NP:::0.00 USD,CN:::0.00 USD	15 kg	used	SHA-256	under-500	MicroBT	Air cooling
elphapex-dg-home-2gh-dogecoin-litecoin-miner	ElphaPex DG Home 2 Gh/s Quiet Dogecoin & Litecoin Miner	ElphaPex DG Home 2 Gh/s Scrypt miner draws only 620W on a standard household socket — quiet Dogecoin and Litecoin mining for apartments and offices. Brand: ElphaPex. Model: ElphaPex DG Home 2 Gh/s Quiet Dogecoin & Litecoin Miner. Cooling: Air cooling. Network: Ethernet RJ45. Voltage: 200-240V AC. Hashrate: 2 Gh/s. Warranty: 180-365 day functional warranty. Algorithm: Scrypt (DOGE & LTC) — supplied, tested and shipped worldwide by Bitcoin Mining Depot from our Edmonton, Alberta facility. The ElphaPex DG Home 2 Gh/s Quiet Dogecoin & Litecoin Miner is rated at 2 Gh/s on the Scrypt (DOGE & LTC) algorithm with a wall draw of 620W, giving a working efficiency of roughly 310 J/Gh. Every unit listed on this page is a genuine second-hand machine pulled from a working farm, not a repaired or rebuilt shell: hashboards are verified chip by chip under sustained load, the control board and cooling package are inspected, and the miner is only released once it holds its rated 2 Gh/s at stable chip temperatures. That is why professional Dogecoin and Litecoin miners buy used ElphaPex hardware — the cost per gigahash is a fraction of new-unit pricing while the hashrate on the pool dashboard is identical. Performance and profitability At 310 J/Gh this machine is best matched to… Buy the ElphaPex DG Home 2 Gh/s Quiet Dogecoin & Litecoin Miner from Bitcoin Mining Depot: verified used stock, crypto checkout, worldwide express delivery and hosting or repair support on request.	https://bitcoinminingdepot.net/products/elphapex-dg-home-2gh-dogecoin-litecoin-miner	https://qdhcyorsmkzxhepdjugo.supabase.co/storage/v1/object/sign/product-images/ig2-DPE7pQMiDXZ-1.jpg?token=eyJraWQiOiJzdG9yYWdlLXVybC1zaWduaW5nLWtleV82YzEzZTkyZS1iNGMzLTQ3OTgtODBhYS1hYzY2YjQxM2E1MzYiLCJhbGciOiJIUzI1NiJ9.eyJ1cmwiOiJwcm9kdWN0LWltYWdlcy9pZzItRFBFN3BRTWlEWFotMS5qcGciLCJzY29wZSI6ImRvd25sb2FkIiwiaWF0IjoxNzg1NjMwNzI3LCJleHAiOjIxMDA5OTA3Mjd9.OhLMOblw77meshdgPe118RtKEyEG_2HsRfzRmoZi_rY	https://qdhcyorsmkzxhepdjugo.supabase.co/storage/v1/object/sign/product-images/ig2-DPE7pQMiDXZ-2.jpg?token=eyJraWQiOiJzdG9yYWdlLXVybC1zaWduaW5nLWtleV82YzEzZTkyZS1iNGMzLTQ3OTgtODBhYS1hYzY2YjQxM2E1MzYiLCJhbGciOiJIUzI1NiJ9.eyJ1cmwiOiJwcm9kdWN0LWltYWdlcy9pZzItRFBFN3BRTWlEWFotMi5qcGciLCJzY29wZSI6ImRvd25sb2FkIiwiaWF0IjoxNzg1NjMwNzI4LCJleHAiOjIxMDA5OTA3Mjh9.hxzTU15d-bXa3TnOH1hLedmwCZdyaMN9b6jSPj4oGhU	in_stock	1590.00 USD	1490.00 USD	used	ElphaPex	ELPHAPEX-DG-HOME-2GH-DOGECOIN-LITECOIN-MINER	yes	5710	Bitcoin Mining Hardware > ASIC Miners	elphapex-used	2 Gh/s hashrate on Scrypt (DOGE & LTC),620W power draw,310 J/Gh energy efficiency,Used unit, bench-tested before dispatch,Ships worldwide from Hong Kong by DHL / FedEx express,30-day functional warranty and in-house repair support,Cooling: Air cooling,Voltage: 200-240V AC	US:::0.00 USD,CA:::0.00 USD,GB:::0.00 USD,IE:::0.00 USD,DE:::0.00 USD,FR:::0.00 USD,NL:::0.00 USD,BE:::0.00 USD,LU:::0.00 USD,AT:::0.00 USD,CH:::0.00 USD,IT:::0.00 USD,ES:::0.00 USD,PT:::0.00 USD,SE:::0.00 USD,NO:::0.00 USD,DK:::0.00 USD,FI:::0.00 USD,PL:::0.00 USD,CZ:::0.00 USD,SK:::0.00 USD,HU:::0.00 USD,RO:::0.00 USD,GR:::0.00 USD,TR:::0.00 USD,AU:::0.00 USD,NZ:::0.00 USD,JP:::0.00 USD,KR:::0.00 USD,SG:::0.00 USD,MY:::0.00 USD,TH:::0.00 USD,VN:::0.00 USD,PH:::0.00 USD,ID:::0.00 USD,IN:::0.00 USD,HK:::0.00 USD,TW:::0.00 USD,AE:::0.00 USD,SA:::0.00 USD,QA:::0.00 USD,KW:::0.00 USD,BH:::0.00 USD,OM:::0.00 USD,IL:::0.00 USD,ZA:::0.00 USD,NG:::0.00 USD,KE:::0.00 USD,EG:::0.00 USD,MA:::0.00 USD,BR:::0.00 USD,AR:::0.00 USD,CL:::0.00 USD,CO:::0.00 USD,MX:::0.00 USD,PE:::0.00 USD,UY:::0.00 USD,RU:::0.00 USD,UA:::0.00 USD,KZ:::0.00 USD,GE:::0.00 USD,PK:::0.00 USD,BD:::0.00 USD,LK:::0.00 USD,NP:::0.00 USD,CN:::0.00 USD	15 kg	used	Scrypt (DOGE & LTC)	500-1500	ElphaPex	Air cooling
used-bitmain-antminer-s19-hydro-158th	Bitmain Used Bitmain Antminer S19 Hydro 158 Th/s Water-Cooled Bitcoin Miner	Used Antminer S19 Hydro 158 Th/s hydro miner, serial-verified V2.0 hashboards, 5350W, leak-tested and warranted for 180 days. Brand: Bitmain. Model: Bitmain Antminer S19 Hydro 158 Th/s Water-Cooled Bitcoin Miner. Cooling: Hydro / water cooling. Network: Ethernet RJ45. Voltage: 200-240V AC. Hashrate: 158 Th/s. Warranty: 180-365 day functional warranty. Algorithm: SHA-256 — supplied, tested and shipped worldwide by Bitcoin Mining Depot from our Edmonton, Alberta facility. The Bitmain Antminer S19 Hydro 158 Th/s Water-Cooled Bitcoin Miner is rated at 158 Th/s on the SHA-256 algorithm with a wall draw of 5350W, giving a working efficiency of roughly 33.8 J/Th. Every unit listed on this page is a genuine second-hand machine pulled from a working farm, not a repaired or rebuilt shell: hashboards are verified chip by chip under sustained load, the control board and cooling package are inspected, and the miner is only released once it holds its rated 158 Th/s at stable chip temperatures. That is why professional Bitcoin miners buy used Bitmain hardware — the cost per terahash is a fraction of new-unit pricing while the hashrate on the pool dashboard is identical. Performance and profitability At 33.8 J/Th this machine is best matched to electricity below… Buy the Used Bitmain Antminer S19 Hydro 158 Th/s Water-Cooled Bitcoin Miner from Bitcoin Mining Depot: verified used stock, crypto checkout, worldwide express delivery and hosting or repair support on request.	https://bitcoinminingdepot.net/products/used-bitmain-antminer-s19-hydro-158th	https://qdhcyorsmkzxhepdjugo.supabase.co/storage/v1/object/sign/product-images/ig2-DJHNEHYh7N5-1.jpg?token=eyJraWQiOiJzdG9yYWdlLXVybC1zaWduaW5nLWtleV82YzEzZTkyZS1iNGMzLTQ3OTgtODBhYS1hYzY2YjQxM2E1MzYiLCJhbGciOiJIUzI1NiJ9.eyJ1cmwiOiJwcm9kdWN0LWltYWdlcy9pZzItREpITkVIWWg3TjUtMS5qcGciLCJzY29wZSI6ImRvd25sb2FkIiwiaWF0IjoxNzg1NjMwNzE5LCJleHAiOjIxMDA5OTA3MTl9.TW8xSRtcYNexAPllUCCsTbo5CMS6LcQP2ZajT31udMc	https://qdhcyorsmkzxhepdjugo.supabase.co/storage/v1/object/sign/product-images/ig2-DJHNEHYh7N5-2.jpg?token=eyJraWQiOiJzdG9yYWdlLXVybC1zaWduaW5nLWtleV82YzEzZTkyZS1iNGMzLTQ3OTgtODBhYS1hYzY2YjQxM2E1MzYiLCJhbGciOiJIUzI1NiJ9.eyJ1cmwiOiJwcm9kdWN0LWltYWdlcy9pZzItREpITkVIWWg3TjUtMi5qcGciLCJzY29wZSI6ImRvd25sb2FkIiwiaWF0IjoxNzg1NjMwNzE5LCJleHAiOjIxMDA5OTA3MTl9.q9I26l7Dtib5O3sm7uT3OyQr3n1nLc54r_9WprBNjU4	in_stock	699.00 USD	627.00 USD	used	Bitmain	USED-BITMAIN-ANTMINER-S19-HYDRO-158TH	yes	5710	Bitcoin Mining Hardware > Bitcoin Mining Machines	bitmain-used	158 Th/s hashrate on SHA-256,5350W power draw,33.8 J/Th energy efficiency,Used unit, bench-tested before dispatch,Ships worldwide from Hong Kong by DHL / FedEx express,30-day functional warranty and in-house repair support,Cooling: Hydro / water cooling,Voltage: 200-240V AC	US:::0.00 USD,CA:::0.00 USD,GB:::0.00 USD,IE:::0.00 USD,DE:::0.00 USD,FR:::0.00 USD,NL:::0.00 USD,BE:::0.00 USD,LU:::0.00 USD,AT:::0.00 USD,CH:::0.00 USD,IT:::0.00 USD,ES:::0.00 USD,PT:::0.00 USD,SE:::0.00 USD,NO:::0.00 USD,DK:::0.00 USD,FI:::0.00 USD,PL:::0.00 USD,CZ:::0.00 USD,SK:::0.00 USD,HU:::0.00 USD,RO:::0.00 USD,GR:::0.00 USD,TR:::0.00 USD,AU:::0.00 USD,NZ:::0.00 USD,JP:::0.00 USD,KR:::0.00 USD,SG:::0.00 USD,MY:::0.00 USD,TH:::0.00 USD,VN:::0.00 USD,PH:::0.00 USD,ID:::0.00 USD,IN:::0.00 USD,HK:::0.00 USD,TW:::0.00 USD,AE:::0.00 USD,SA:::0.00 USD,QA:::0.00 USD,KW:::0.00 USD,BH:::0.00 USD,OM:::0.00 USD,IL:::0.00 USD,ZA:::0.00 USD,NG:::0.00 USD,KE:::0.00 USD,EG:::0.00 USD,MA:::0.00 USD,BR:::0.00 USD,AR:::0.00 USD,CL:::0.00 USD,CO:::0.00 USD,MX:::0.00 USD,PE:::0.00 USD,UY:::0.00 USD,RU:::0.00 USD,UA:::0.00 USD,KZ:::0.00 USD,GE:::0.00 USD,PK:::0.00 USD,BD:::0.00 USD,LK:::0.00 USD,NP:::0.00 USD,CN:::0.00 USD	15 kg	used	SHA-256	500-1500	Bitmain	Hydro / water cooling
used-bitmain-antminer-l7-9500m-dogecoin-litecoin-miner	Bitmain Used Bitmain Antminer L7 9.05-9.5 Gh/s Dogecoin & Litecoin Miner	Tested used Antminer L7 9.5 Gh/s Scrypt miner for merged Dogecoin and Litecoin mining, 3425W, air-cooled, 180-day functional warranty and worldwide shipping. Brand: Bitmain. Model: Bitmain Antminer L7 9.05-9.5 Gh/s Dogecoin & Litecoin Miner. Cooling: Air cooling. Network: Ethernet RJ45. Voltage: 200-240V AC. Hashrate: 9.5 Gh/s. Warranty: 180-365 day functional warranty. Algorithm: Scrypt (DOGE & LTC) — supplied, tested and shipped worldwide by Bitcoin Mining Depot from our Edmonton, Alberta facility. The Bitmain Antminer L7 9.05-9.5 Gh/s Dogecoin & Litecoin Miner is rated at 9.5 Gh/s on the Scrypt (DOGE & LTC) algorithm with a wall draw of 3425W, giving a working efficiency of roughly 360 J/Gh. Every unit listed on this page is a genuine second-hand machine pulled from a working farm, not a repaired or rebuilt shell: hashboards are verified chip by chip under sustained load, the control board and cooling package are inspected, and the miner is only released once it holds its rated 9.5 Gh/s at stable chip temperatures. That is why professional Dogecoin and Litecoin miners buy used Bitmain hardware — the cost per gigahash is a fraction of new-unit pricing while the hashrate on the pool dashboard is identical. Performance and profitability At 360 J/Gh this machine is best matched to… Buy the Used Bitmain Antminer L7 9.05-9.5 Gh/s Dogecoin & Litecoin Miner from Bitcoin Mining Depot: verified used stock, crypto checkout, worldwide express delivery and hosting or repair support on request.	https://bitcoinminingdepot.net/products/used-bitmain-antminer-l7-9500m-dogecoin-litecoin-miner	https://qdhcyorsmkzxhepdjugo.supabase.co/storage/v1/object/sign/product-images/ig2-DRbXL1UiF7y-1.jpg?token=eyJraWQiOiJzdG9yYWdlLXVybC1zaWduaW5nLWtleV82YzEzZTkyZS1iNGMzLTQ3OTgtODBhYS1hYzY2YjQxM2E1MzYiLCJhbGciOiJIUzI1NiJ9.eyJ1cmwiOiJwcm9kdWN0LWltYWdlcy9pZzItRFJiWEwxVWlGN3ktMS5qcGciLCJzY29wZSI6ImRvd25sb2FkIiwiaWF0IjoxNzg1NjMwNzMyLCJleHAiOjIxMDA5OTA3MzJ9.U_86VVARTOZ7dzC9TJW0VamXbuA7o1DjEcLY_9V1sZo	https://qdhcyorsmkzxhepdjugo.supabase.co/storage/v1/object/sign/product-images/ig2-DRbXL1UiF7y-2.jpg?token=eyJraWQiOiJzdG9yYWdlLXVybC1zaWduaW5nLWtleV82YzEzZTkyZS1iNGMzLTQ3OTgtODBhYS1hYzY2YjQxM2E1MzYiLCJhbGciOiJIUzI1NiJ9.eyJ1cmwiOiJwcm9kdWN0LWltYWdlcy9pZzItRFJiWEwxVWlGN3ktMi5qcGciLCJzY29wZSI6ImRvd25sb2FkIiwiaWF0IjoxNzg1NjMwNzMyLCJleHAiOjIxMDA5OTA3MzJ9.kPrwYoKiNU4maY2rh7t3DNkh7EGsW_OvSqu5By8meFA,https://qdhcyorsmkzxhepdjugo.supabase.co/storage/v1/object/sign/product-images/ig2-DQmFxdZDwkK-1.jpg?token=eyJraWQiOiJzdG9yYWdlLXVybC1zaWduaW5nLWtleV82YzEzZTkyZS1iNGMzLTQ3OTgtODBhYS1hYzY2YjQxM2E1MzYiLCJhbGciOiJIUzI1NiJ9.eyJ1cmwiOiJwcm9kdWN0LWltYWdlcy9pZzItRFFtRnhkWkR3a0stMS5qcGciLCJzY29wZSI6ImRvd25sb2FkIiwiaWF0IjoxNzg1NjMwNzMwLCJleHAiOjIxMDA5OTA3MzB9.ii1303-ED3jKAxr6n8ykst1MMb3Pwp79qG9n96JyqYU,https://qdhcyorsmkzxhepdjugo.supabase.co/storage/v1/object/sign/product-images/ig2-DQmFxdZDwkK-2.jpg?token=eyJraWQiOiJzdG9yYWdlLXVybC1zaWduaW5nLWtleV82YzEzZTkyZS1iNGMzLTQ3OTgtODBhYS1hYzY2YjQxM2E1MzYiLCJhbGciOiJIUzI1NiJ9.eyJ1cmwiOiJwcm9kdWN0LWltYWdlcy9pZzItRFFtRnhkWkR3a0stMi5qcGciLCJzY29wZSI6ImRvd25sb2FkIiwiaWF0IjoxNzg1NjMwNzMxLCJleHAiOjIxMDA5OTA3MzF9.Obx8LjTEbiNiO0atuHJjGodPPbGnLKXp2_Y2yVyThVE,https://qdhcyorsmkzxhepdjugo.supabase.co/storage/v1/object/sign/product-images/ig2-DMO0E8YIt32-1.jpg?token=eyJraWQiOiJzdG9yYWdlLXVybC1zaWduaW5nLWtleV82YzEzZTkyZS1iNGMzLTQ3OTgtODBhYS1hYzY2YjQxM2E1MzYiLCJhbGciOiJIUzI1NiJ9.eyJ1cmwiOiJwcm9kdWN0LWltYWdlcy9pZzItRE1PMEU4WUl0MzItMS5qcGciLCJzY29wZSI6ImRvd25sb2FkIiwiaWF0IjoxNzg1NjMwNzI1LCJleHAiOjIxMDA5OTA3MjV9.dt1mg-y1HDa92r1DV5x0b_4mlgDAbzzdcsQoxks3Jn0,https://qdhcyorsmkzxhepdjugo.supabase.co/storage/v1/object/sign/product-images/ig2-DMO0E8YIt32-2.jpg?token=eyJraWQiOiJzdG9yYWdlLXVybC1zaWduaW5nLWtleV82YzEzZTkyZS1iNGMzLTQ3OTgtODBhYS1hYzY2YjQxM2E1MzYiLCJhbGciOiJIUzI1NiJ9.eyJ1cmwiOiJwcm9kdWN0LWltYWdlcy9pZzItRE1PMEU4WUl0MzItMi5qcGciLCJzY29wZSI6ImRvd25sb2FkIiwiaWF0IjoxNzg1NjMwNzI1LCJleHAiOjIxMDA5OTA3MjV9.UfOVdpmKOG-3pMy7LmxhwxcUC9FSpmHg0LhFlbYPPEA	in_stock	4290.00 USD	3990.00 USD	used	Bitmain	USED-BITMAIN-ANTMINER-L7-9500M-DOGECOIN-LITECOIN-MINER	yes	5710	Bitcoin Mining Hardware > ASIC Miners	bitmain-used	9.5 Gh/s hashrate on Scrypt (DOGE & LTC),3425W power draw,360 J/Gh energy efficiency,Used unit, bench-tested before dispatch,Ships worldwide from Hong Kong by DHL / FedEx express,30-day functional warranty and in-house repair support,Cooling: Air cooling,Voltage: 200-240V AC	US:::0.00 USD,CA:::0.00 USD,GB:::0.00 USD,IE:::0.00 USD,DE:::0.00 USD,FR:::0.00 USD,NL:::0.00 USD,BE:::0.00 USD,LU:::0.00 USD,AT:::0.00 USD,CH:::0.00 USD,IT:::0.00 USD,ES:::0.00 USD,PT:::0.00 USD,SE:::0.00 USD,NO:::0.00 USD,DK:::0.00 USD,FI:::0.00 USD,PL:::0.00 USD,CZ:::0.00 USD,SK:::0.00 USD,HU:::0.00 USD,RO:::0.00 USD,GR:::0.00 USD,TR:::0.00 USD,AU:::0.00 USD,NZ:::0.00 USD,JP:::0.00 USD,KR:::0.00 USD,SG:::0.00 USD,MY:::0.00 USD,TH:::0.00 USD,VN:::0.00 USD,PH:::0.00 USD,ID:::0.00 USD,IN:::0.00 USD,HK:::0.00 USD,TW:::0.00 USD,AE:::0.00 USD,SA:::0.00 USD,QA:::0.00 USD,KW:::0.00 USD,BH:::0.00 USD,OM:::0.00 USD,IL:::0.00 USD,ZA:::0.00 USD,NG:::0.00 USD,KE:::0.00 USD,EG:::0.00 USD,MA:::0.00 USD,BR:::0.00 USD,AR:::0.00 USD,CL:::0.00 USD,CO:::0.00 USD,MX:::0.00 USD,PE:::0.00 USD,UY:::0.00 USD,RU:::0.00 USD,UA:::0.00 USD,KZ:::0.00 USD,GE:::0.00 USD,PK:::0.00 USD,BD:::0.00 USD,LK:::0.00 USD,NP:::0.00 USD,CN:::0.00 USD	15 kg	used	Scrypt (DOGE & LTC)	1500-4000	Bitmain	Air cooling
used-bitmain-antminer-s19-hydro-151th	Bitmain Used Bitmain Antminer S19 Hydro 151.5 Th/s Bitcoin Miner	Hong Kong stock used Antminer S19 Hydro 151.5 Th/s from $404 — the cheapest entry into water-cooled Bitcoin mining, 500 units available. Brand: Bitmain. Model: Bitmain Antminer S19 Hydro 151.5 Th/s Bitcoin Miner. Cooling: Hydro / water cooling. Network: Ethernet RJ45. Voltage: 200-240V AC. Hashrate: 151.5 Th/s. Warranty: 180-365 day functional warranty. Algorithm: SHA-256 — supplied, tested and shipped worldwide by Bitcoin Mining Depot from our Edmonton, Alberta facility. The Bitmain Antminer S19 Hydro 151.5 Th/s Bitcoin Miner is rated at 151.5 Th/s on the SHA-256 algorithm with a wall draw of 5301W, giving a working efficiency of roughly 35 J/Th. Every unit listed on this page is a genuine second-hand machine pulled from a working farm, not a repaired or rebuilt shell: hashboards are verified chip by chip under sustained load, the control board and cooling package are inspected, and the miner is only released once it holds its rated 151.5 Th/s at stable chip temperatures. That is why professional Bitcoin miners buy used Bitmain hardware — the cost per terahash is a fraction of new-unit pricing while the hashrate on the pool dashboard is identical. Performance and profitability At 35 J/Th this machine is best matched to electricity below roughly six… Buy the Used Bitmain Antminer S19 Hydro 151.5 Th/s Bitcoin Miner from Bitcoin Mining Depot: verified used stock, crypto checkout, worldwide express delivery and hosting or repair support on request.	https://bitcoinminingdepot.net/products/used-bitmain-antminer-s19-hydro-151th	https://qdhcyorsmkzxhepdjugo.supabase.co/storage/v1/object/sign/product-images/ig2-DKZ1OvHoxOL-1.jpg?token=eyJraWQiOiJzdG9yYWdlLXVybC1zaWduaW5nLWtleV82YzEzZTkyZS1iNGMzLTQ3OTgtODBhYS1hYzY2YjQxM2E1MzYiLCJhbGciOiJIUzI1NiJ9.eyJ1cmwiOiJwcm9kdWN0LWltYWdlcy9pZzItREtaMU92SG94T0wtMS5qcGciLCJzY29wZSI6ImRvd25sb2FkIiwiaWF0IjoxNzg1NjMwNzIxLCJleHAiOjIxMDA5OTA3MjF9.6yA4UUtUZps_KSwA3sS8EhB1vF3DzXWNEzPhZsLByyY	https://qdhcyorsmkzxhepdjugo.supabase.co/storage/v1/object/sign/product-images/ig2-DKZ1OvHoxOL-2.jpg?token=eyJraWQiOiJzdG9yYWdlLXVybC1zaWduaW5nLWtleV82YzEzZTkyZS1iNGMzLTQ3OTgtODBhYS1hYzY2YjQxM2E1MzYiLCJhbGciOiJIUzI1NiJ9.eyJ1cmwiOiJwcm9kdWN0LWltYWdlcy9pZzItREtaMU92SG94T0wtMi5qcGciLCJzY29wZSI6ImRvd25sb2FkIiwiaWF0IjoxNzg1NjMwNzIxLCJleHAiOjIxMDA5OTA3MjF9.u4a6Fkn9Mwf8kGHugIH1VUxm7v9yKuL8eMXAYkk3oxk	in_stock	449.00 USD	404.00 USD	used	Bitmain	USED-BITMAIN-ANTMINER-S19-HYDRO-151TH	yes	5710	Bitcoin Mining Hardware > Bitcoin Mining Machines	bitmain-used	151.5 Th/s hashrate on SHA-256,5301W power draw,35 J/Th energy efficiency,Used unit, bench-tested before dispatch,Ships worldwide from Hong Kong by DHL / FedEx express,30-day functional warranty and in-house repair support,Cooling: Hydro / water cooling,Voltage: 200-240V AC	US:::0.00 USD,CA:::0.00 USD,GB:::0.00 USD,IE:::0.00 USD,DE:::0.00 USD,FR:::0.00 USD,NL:::0.00 USD,BE:::0.00 USD,LU:::0.00 USD,AT:::0.00 USD,CH:::0.00 USD,IT:::0.00 USD,ES:::0.00 USD,PT:::0.00 USD,SE:::0.00 USD,NO:::0.00 USD,DK:::0.00 USD,FI:::0.00 USD,PL:::0.00 USD,CZ:::0.00 USD,SK:::0.00 USD,HU:::0.00 USD,RO:::0.00 USD,GR:::0.00 USD,TR:::0.00 USD,AU:::0.00 USD,NZ:::0.00 USD,JP:::0.00 USD,KR:::0.00 USD,SG:::0.00 USD,MY:::0.00 USD,TH:::0.00 USD,VN:::0.00 USD,PH:::0.00 USD,ID:::0.00 USD,IN:::0.00 USD,HK:::0.00 USD,TW:::0.00 USD,AE:::0.00 USD,SA:::0.00 USD,QA:::0.00 USD,KW:::0.00 USD,BH:::0.00 USD,OM:::0.00 USD,IL:::0.00 USD,ZA:::0.00 USD,NG:::0.00 USD,KE:::0.00 USD,EG:::0.00 USD,MA:::0.00 USD,BR:::0.00 USD,AR:::0.00 USD,CL:::0.00 USD,CO:::0.00 USD,MX:::0.00 USD,PE:::0.00 USD,UY:::0.00 USD,RU:::0.00 USD,UA:::0.00 USD,KZ:::0.00 USD,GE:::0.00 USD,PK:::0.00 USD,BD:::0.00 USD,LK:::0.00 USD,NP:::0.00 USD,CN:::0.00 USD	15 kg	used	SHA-256	under-500	Bitmain	Hydro / water cooling
used-bitmain-antminer-s19-pro-plus-hyd-198th	Bitmain Used Bitmain Antminer S19 Pro+ Hyd 198 Th/s Hydro Bitcoin Miner	Bulk used Antminer S19 Pro+ Hyd 198 Th/s water-cooled miners, 5445W at 27.5 J/Th, leak-tested in-house with volume pricing available. Brand: Bitmain. Model: Bitmain Antminer S19 Pro+ Hyd 198 Th/s Hydro Bitcoin Miner. Cooling: Hydro / water cooling. Network: Ethernet RJ45. Voltage: 200-240V AC. Hashrate: 198 Th/s. Warranty: 180-365 day functional warranty. Algorithm: SHA-256 — supplied, tested and shipped worldwide by Bitcoin Mining Depot from our Edmonton, Alberta facility. The Bitmain Antminer S19 Pro+ Hyd 198 Th/s Hydro Bitcoin Miner is rated at 198 Th/s on the SHA-256 algorithm with a wall draw of 5445W, giving a working efficiency of roughly 27.5 J/Th. Every unit listed on this page is a genuine second-hand machine pulled from a working farm, not a repaired or rebuilt shell: hashboards are verified chip by chip under sustained load, the control board and cooling package are inspected, and the miner is only released once it holds its rated 198 Th/s at stable chip temperatures. That is why professional Bitcoin miners buy used Bitmain hardware — the cost per terahash is a fraction of new-unit pricing while the hashrate on the pool dashboard is identical. Performance and profitability At 27.5 J/Th this machine is best matched to electricity below roughly… Buy the Used Bitmain Antminer S19 Pro+ Hyd 198 Th/s Hydro Bitcoin Miner from Bitcoin Mining Depot: verified used stock, crypto checkout, worldwide express delivery and hosting or repair support on request.	https://bitcoinminingdepot.net/products/used-bitmain-antminer-s19-pro-plus-hyd-198th	https://qdhcyorsmkzxhepdjugo.supabase.co/storage/v1/object/sign/product-images/ig2-DJAPpJWBXzp-1.jpg?token=eyJraWQiOiJzdG9yYWdlLXVybC1zaWduaW5nLWtleV82YzEzZTkyZS1iNGMzLTQ3OTgtODBhYS1hYzY2YjQxM2E1MzYiLCJhbGciOiJIUzI1NiJ9.eyJ1cmwiOiJwcm9kdWN0LWltYWdlcy9pZzItREpBUHBKV0JYenAtMS5qcGciLCJzY29wZSI6ImRvd25sb2FkIiwiaWF0IjoxNzg1NjMwNzE3LCJleHAiOjIxMDA5OTA3MTd9.LTIXK82_S6YWJqhQ5aP9Hub90aVQoPKONZ3eUkxUn5U	https://qdhcyorsmkzxhepdjugo.supabase.co/storage/v1/object/sign/product-images/ig2-DJAPpJWBXzp-2.jpg?token=eyJraWQiOiJzdG9yYWdlLXVybC1zaWduaW5nLWtleV82YzEzZTkyZS1iNGMzLTQ3OTgtODBhYS1hYzY2YjQxM2E1MzYiLCJhbGciOiJIUzI1NiJ9.eyJ1cmwiOiJwcm9kdWN0LWltYWdlcy9pZzItREpBUHBKV0JYenAtMi5qcGciLCJzY29wZSI6ImRvd25sb2FkIiwiaWF0IjoxNzg1NjMwNzE4LCJleHAiOjIxMDA5OTA3MTh9.LF-O0mk4e8pLzjbG9lTmLq0tjJy1b7iH7w5FJy-7FbA	in_stock	1490.00 USD	1290.00 USD	used	Bitmain	USED-BITMAIN-ANTMINER-S19-PRO-PLUS-HYD-198TH	yes	5710	Bitcoin Mining Hardware > Bitcoin Mining Machines	bitmain-used	198 Th/s hashrate on SHA-256,5445W power draw,27.5 J/Th energy efficiency,Used unit, bench-tested before dispatch,Ships worldwide from Hong Kong by DHL / FedEx express,30-day functional warranty and in-house repair support,Cooling: Hydro / water cooling,Voltage: 200-240V AC	US:::0.00 USD,CA:::0.00 USD,GB:::0.00 USD,IE:::0.00 USD,DE:::0.00 USD,FR:::0.00 USD,NL:::0.00 USD,BE:::0.00 USD,LU:::0.00 USD,AT:::0.00 USD,CH:::0.00 USD,IT:::0.00 USD,ES:::0.00 USD,PT:::0.00 USD,SE:::0.00 USD,NO:::0.00 USD,DK:::0.00 USD,FI:::0.00 USD,PL:::0.00 USD,CZ:::0.00 USD,SK:::0.00 USD,HU:::0.00 USD,RO:::0.00 USD,GR:::0.00 USD,TR:::0.00 USD,AU:::0.00 USD,NZ:::0.00 USD,JP:::0.00 USD,KR:::0.00 USD,SG:::0.00 USD,MY:::0.00 USD,TH:::0.00 USD,VN:::0.00 USD,PH:::0.00 USD,ID:::0.00 USD,IN:::0.00 USD,HK:::0.00 USD,TW:::0.00 USD,AE:::0.00 USD,SA:::0.00 USD,QA:::0.00 USD,KW:::0.00 USD,BH:::0.00 USD,OM:::0.00 USD,IL:::0.00 USD,ZA:::0.00 USD,NG:::0.00 USD,KE:::0.00 USD,EG:::0.00 USD,MA:::0.00 USD,BR:::0.00 USD,AR:::0.00 USD,CL:::0.00 USD,CO:::0.00 USD,MX:::0.00 USD,PE:::0.00 USD,UY:::0.00 USD,RU:::0.00 USD,UA:::0.00 USD,KZ:::0.00 USD,GE:::0.00 USD,PK:::0.00 USD,BD:::0.00 USD,LK:::0.00 USD,NP:::0.00 USD,CN:::0.00 USD	15 kg	used	SHA-256	500-1500	Bitmain	Hydro / water cooling
used-bitmain-antminer-s19-pro-hyd-177th	Bitmain Used Bitmain Antminer S19 Pro Hyd 177 Th/s Water-Cooled Bitcoin Miner	Used Antminer S19 Pro Hyd 177 Th/s hydro Bitcoin miner at 5221W — pressure-tested water blocks, quick couplers and 180-day warranty. Brand: Bitmain. Model: Bitmain Antminer S19 Pro Hyd 177 Th/s Water-Cooled Bitcoin Miner. Cooling: Hydro / water cooling. Network: Ethernet RJ45. Voltage: 200-240V AC. Hashrate: 177 Th/s. Warranty: 180-365 day functional warranty. Algorithm: SHA-256 — supplied, tested and shipped worldwide by Bitcoin Mining Depot from our Edmonton, Alberta facility. The Bitmain Antminer S19 Pro Hyd 177 Th/s Water-Cooled Bitcoin Miner is rated at 177 Th/s on the SHA-256 algorithm with a wall draw of 5221W, giving a working efficiency of roughly 29.5 J/Th. Every unit listed on this page is a genuine second-hand machine pulled from a working farm, not a repaired or rebuilt shell: hashboards are verified chip by chip under sustained load, the control board and cooling package are inspected, and the miner is only released once it holds its rated 177 Th/s at stable chip temperatures. That is why professional Bitcoin miners buy used Bitmain hardware — the cost per terahash is a fraction of new-unit pricing while the hashrate on the pool dashboard is identical. Performance and profitability At 29.5 J/Th this machine is best matched to electricity below… Buy the Used Bitmain Antminer S19 Pro Hyd 177 Th/s Water-Cooled Bitcoin Miner from Bitcoin Mining Depot: verified used stock, crypto checkout, worldwide express delivery and hosting or repair support on request.	https://bitcoinminingdepot.net/products/used-bitmain-antminer-s19-pro-hyd-177th	https://qdhcyorsmkzxhepdjugo.supabase.co/storage/v1/object/sign/product-images/ig2-DPabnNAjyaI-1.jpg?token=eyJraWQiOiJzdG9yYWdlLXVybC1zaWduaW5nLWtleV82YzEzZTkyZS1iNGMzLTQ3OTgtODBhYS1hYzY2YjQxM2E1MzYiLCJhbGciOiJIUzI1NiJ9.eyJ1cmwiOiJwcm9kdWN0LWltYWdlcy9pZzItRFBhYm5OQWp5YUktMS5qcGciLCJzY29wZSI6ImRvd25sb2FkIiwiaWF0IjoxNzg1NjMwNzI4LCJleHAiOjIxMDA5OTA3Mjh9.V1o8EcIzXMjVFu8pBCApRi2HOz1HSPLynvRe665KOR8	https://qdhcyorsmkzxhepdjugo.supabase.co/storage/v1/object/sign/product-images/ig2-DPabnNAjyaI-2.jpg?token=eyJraWQiOiJzdG9yYWdlLXVybC1zaWduaW5nLWtleV82YzEzZTkyZS1iNGMzLTQ3OTgtODBhYS1hYzY2YjQxM2E1MzYiLCJhbGciOiJIUzI1NiJ9.eyJ1cmwiOiJwcm9kdWN0LWltYWdlcy9pZzItRFBhYm5OQWp5YUktMi5qcGciLCJzY29wZSI6ImRvd25sb2FkIiwiaWF0IjoxNzg1NjMwNzI4LCJleHAiOjIxMDA5OTA3Mjh9.Y9mR0eRDMIYKFmcqnhaG0fbR-ThwucxurfbuqtiWLjc,https://qdhcyorsmkzxhepdjugo.supabase.co/storage/v1/object/sign/product-images/ig2-DIM2dX7TWZn-1.jpg?token=eyJraWQiOiJzdG9yYWdlLXVybC1zaWduaW5nLWtleV82YzEzZTkyZS1iNGMzLTQ3OTgtODBhYS1hYzY2YjQxM2E1MzYiLCJhbGciOiJIUzI1NiJ9.eyJ1cmwiOiJwcm9kdWN0LWltYWdlcy9pZzItRElNMmRYN1RXWm4tMS5qcGciLCJzY29wZSI6ImRvd25sb2FkIiwiaWF0IjoxNzg1NjMwNzE2LCJleHAiOjIxMDA5OTA3MTZ9.Y51atQBN056WMT9qpGPytw2HRdPHIKk_U9UOmqdA47s,https://qdhcyorsmkzxhepdjugo.supabase.co/storage/v1/object/sign/product-images/ig2-DIM2dX7TWZn-2.jpg?token=eyJraWQiOiJzdG9yYWdlLXVybC1zaWduaW5nLWtleV82YzEzZTkyZS1iNGMzLTQ3OTgtODBhYS1hYzY2YjQxM2E1MzYiLCJhbGciOiJIUzI1NiJ9.eyJ1cmwiOiJwcm9kdWN0LWltYWdlcy9pZzItRElNMmRYN1RXWm4tMi5qcGciLCJzY29wZSI6ImRvd25sb2FkIiwiaWF0IjoxNzg1NjMwNzE2LCJleHAiOjIxMDA5OTA3MTZ9.tIQr6I_DNZUYlj_MnwnCKhc7pHtp6QFaKrh2YOog39o	in_stock	1290.00 USD	1090.00 USD	used	Bitmain	USED-BITMAIN-ANTMINER-S19-PRO-HYD-177TH	yes	5710	Bitcoin Mining Hardware > Bitcoin Mining Machines	bitmain-used	177 Th/s hashrate on SHA-256,5221W power draw,29.5 J/Th energy efficiency,Used unit, bench-tested before dispatch,Ships worldwide from Hong Kong by DHL / FedEx express,30-day functional warranty and in-house repair support,Cooling: Hydro / water cooling,Voltage: 200-240V AC	US:::0.00 USD,CA:::0.00 USD,GB:::0.00 USD,IE:::0.00 USD,DE:::0.00 USD,FR:::0.00 USD,NL:::0.00 USD,BE:::0.00 USD,LU:::0.00 USD,AT:::0.00 USD,CH:::0.00 USD,IT:::0.00 USD,ES:::0.00 USD,PT:::0.00 USD,SE:::0.00 USD,NO:::0.00 USD,DK:::0.00 USD,FI:::0.00 USD,PL:::0.00 USD,CZ:::0.00 USD,SK:::0.00 USD,HU:::0.00 USD,RO:::0.00 USD,GR:::0.00 USD,TR:::0.00 USD,AU:::0.00 USD,NZ:::0.00 USD,JP:::0.00 USD,KR:::0.00 USD,SG:::0.00 USD,MY:::0.00 USD,TH:::0.00 USD,VN:::0.00 USD,PH:::0.00 USD,ID:::0.00 USD,IN:::0.00 USD,HK:::0.00 USD,TW:::0.00 USD,AE:::0.00 USD,SA:::0.00 USD,QA:::0.00 USD,KW:::0.00 USD,BH:::0.00 USD,OM:::0.00 USD,IL:::0.00 USD,ZA:::0.00 USD,NG:::0.00 USD,KE:::0.00 USD,EG:::0.00 USD,MA:::0.00 USD,BR:::0.00 USD,AR:::0.00 USD,CL:::0.00 USD,CO:::0.00 USD,MX:::0.00 USD,PE:::0.00 USD,UY:::0.00 USD,RU:::0.00 USD,UA:::0.00 USD,KZ:::0.00 USD,GE:::0.00 USD,PK:::0.00 USD,BD:::0.00 USD,LK:::0.00 USD,NP:::0.00 USD,CN:::0.00 USD	15 kg	used	SHA-256	500-1500	Bitmain	Hydro / water cooling
used-microbt-whatsminer-m61-hydro-bitcoin-miner	MicroBT Used MicroBT WhatsMiner M61 Hydro Bitcoin Miner 192 Th/s	Used WhatsMiner M61 hydro SHA-256 miner, 192 Th/s at 3540W, factory water-cooled for dense 2U rack Bitcoin mining deployments. Brand: MicroBT. Model: MicroBT WhatsMiner M61 Hydro Bitcoin Miner. Cooling: Hydro / water cooling. Network: Ethernet RJ45. Voltage: 200-240V AC. Hashrate: 192 Th/s. Warranty: 180-365 day functional warranty. Algorithm: SHA-256 — supplied, tested and shipped worldwide by Bitcoin Mining Depot from our Edmonton, Alberta facility. The MicroBT WhatsMiner M61 Hydro Bitcoin Miner is rated at 192 Th/s on the SHA-256 algorithm with a wall draw of 3540W, giving a working efficiency of roughly 18.4 J/Th. Every unit listed on this page is a genuine second-hand machine pulled from a working farm, not a repaired or rebuilt shell: hashboards are verified chip by chip under sustained load, the control board and cooling package are inspected, and the miner is only released once it holds its rated 192 Th/s at stable chip temperatures. That is why professional Bitcoin miners buy used MicroBT hardware — the cost per terahash is a fraction of new-unit pricing while the hashrate on the pool dashboard is identical. Performance and profitability At 18.4 J/Th this machine is best matched to electricity below roughly six cents per… Buy the Used MicroBT WhatsMiner M61 Hydro Bitcoin Miner from Bitcoin Mining Depot: verified used stock, crypto checkout, worldwide express delivery and hosting or repair support on request.	https://bitcoinminingdepot.net/products/used-microbt-whatsminer-m61-hydro-bitcoin-miner	https://qdhcyorsmkzxhepdjugo.supabase.co/storage/v1/object/sign/product-images/ig2-DQULA-ijMsQ-1.jpg?token=eyJraWQiOiJzdG9yYWdlLXVybC1zaWduaW5nLWtleV82YzEzZTkyZS1iNGMzLTQ3OTgtODBhYS1hYzY2YjQxM2E1MzYiLCJhbGciOiJIUzI1NiJ9.eyJ1cmwiOiJwcm9kdWN0LWltYWdlcy9pZzItRFFVTEEtaWpNc1EtMS5qcGciLCJzY29wZSI6ImRvd25sb2FkIiwiaWF0IjoxNzg1NjMwNzI5LCJleHAiOjIxMDA5OTA3Mjl9.oYlPoLhdYe9fTaK1PPPnuqO0K7GdYmDg2R6JhDBFN6s	https://qdhcyorsmkzxhepdjugo.supabase.co/storage/v1/object/sign/product-images/ig2-DQULA-ijMsQ-2.jpg?token=eyJraWQiOiJzdG9yYWdlLXVybC1zaWduaW5nLWtleV82YzEzZTkyZS1iNGMzLTQ3OTgtODBhYS1hYzY2YjQxM2E1MzYiLCJhbGciOiJIUzI1NiJ9.eyJ1cmwiOiJwcm9kdWN0LWltYWdlcy9pZzItRFFVTEEtaWpNc1EtMi5qcGciLCJzY29wZSI6ImRvd25sb2FkIiwiaWF0IjoxNzg1NjMwNzI5LCJleHAiOjIxMDA5OTA3Mjl9.xHhGe50LBy81M21QuZepXTH8Ouan34eaDoRCUQxZdQY	in_stock	2790.00 USD	2490.00 USD	used	MicroBT	USED-MICROBT-WHATSMINER-M61-HYDRO-BITCOIN-MINER	yes	5710	Bitcoin Mining Hardware > Bitcoin Mining Machines	microbt-used	192 Th/s hashrate on SHA-256,3540W power draw,18.4 J/Th energy efficiency,Used unit, bench-tested before dispatch,Ships worldwide from Hong Kong by DHL / FedEx express,30-day functional warranty and in-house repair support,Cooling: Hydro / water cooling,Voltage: 200-240V AC	US:::0.00 USD,CA:::0.00 USD,GB:::0.00 USD,IE:::0.00 USD,DE:::0.00 USD,FR:::0.00 USD,NL:::0.00 USD,BE:::0.00 USD,LU:::0.00 USD,AT:::0.00 USD,CH:::0.00 USD,IT:::0.00 USD,ES:::0.00 USD,PT:::0.00 USD,SE:::0.00 USD,NO:::0.00 USD,DK:::0.00 USD,FI:::0.00 USD,PL:::0.00 USD,CZ:::0.00 USD,SK:::0.00 USD,HU:::0.00 USD,RO:::0.00 USD,GR:::0.00 USD,TR:::0.00 USD,AU:::0.00 USD,NZ:::0.00 USD,JP:::0.00 USD,KR:::0.00 USD,SG:::0.00 USD,MY:::0.00 USD,TH:::0.00 USD,VN:::0.00 USD,PH:::0.00 USD,ID:::0.00 USD,IN:::0.00 USD,HK:::0.00 USD,TW:::0.00 USD,AE:::0.00 USD,SA:::0.00 USD,QA:::0.00 USD,KW:::0.00 USD,BH:::0.00 USD,OM:::0.00 USD,IL:::0.00 USD,ZA:::0.00 USD,NG:::0.00 USD,KE:::0.00 USD,EG:::0.00 USD,MA:::0.00 USD,BR:::0.00 USD,AR:::0.00 USD,CL:::0.00 USD,CO:::0.00 USD,MX:::0.00 USD,PE:::0.00 USD,UY:::0.00 USD,RU:::0.00 USD,UA:::0.00 USD,KZ:::0.00 USD,GE:::0.00 USD,PK:::0.00 USD,BD:::0.00 USD,LK:::0.00 USD,NP:::0.00 USD,CN:::0.00 USD	15 kg	used	SHA-256	1500-4000	MicroBT	Hydro / water cooling
pinecone-inibox-pro-2-4gh	Pinecone Matches INIBOX Pro 2.4 GH/s InitVerse (INI) Miner	2.4 GH/s InitVerse miner at 0.53 J/MH and 1280 W. Used stock, bench-tested, 180-day warranty, worldwide shipping. Model: Matches INIBOX Pro 2.4 GH/s InitVerse (INI) Miner. Cooling: Air-cooled. Voltage: 200-240V AC. Hashrate: 2.4 GH/s. Included: Miner unit and PSU where applicable. Shipping: Worldwide, DDP available. Warranty: 180 days from shipping date. Algorithm: InitVerse — in stock at Bitcoin Mining Depot. High-yield INIBOX Pro for InitVerse mining, delivering roughly triple the hashrate of the standard INIBOX in the same footprint. Every machine we ship is hash-tested on our bench, photographed and logged with its serial number before it leaves our Edmonton facility, so you know exactly what arrives at your door. Performance and specifications: this Pinecone miner runs the InitVerse algorithm at 2.4 GH/s while drawing about 1280 W at the wall, giving a rated efficiency of 0.53 J/MH. Efficiency is the number that decides whether a miner stays profitable through a difficulty increase or a bear market, so compare 0.53 J/MH against your electricity cost before you buy. At roughly $0.05/kWh this machine remains cash-flow positive across a wide hashprice range; above $0.10/kWh you should model your break-even carefully or consider our hosting programme.… Buy the Pinecone Matches INIBOX Pro 2.4 GH/s InitVerse (INI) Miner from Bitcoin Mining Depot: verified used stock, crypto checkout, worldwide express delivery and hosting or repair support on request.	https://bitcoinminingdepot.net/products/pinecone-inibox-pro-2-4gh	https://qdhcyorsmkzxhepdjugo.supabase.co/storage/v1/object/sign/product-images/ig/pinecone-inibox-pro-2-4gh-1.jpg?token=eyJraWQiOiJzdG9yYWdlLXVybC1zaWduaW5nLWtleV82YzEzZTkyZS1iNGMzLTQ3OTgtODBhYS1hYzY2YjQxM2E1MzYiLCJhbGciOiJIUzI1NiJ9.eyJ1cmwiOiJwcm9kdWN0LWltYWdlcy9pZy9waW5lY29uZS1pbmlib3gtcHJvLTItNGdoLTEuanBnIiwic2NvcGUiOiJkb3dubG9hZCIsImlhdCI6MTc4NTYyODQzNCwiZXhwIjoyMTAwOTg4NDM0fQ.VeisXdY8UlQZGmEYo_V67DhtQJWUA66EKFUya90PjWA	https://qdhcyorsmkzxhepdjugo.supabase.co/storage/v1/object/sign/product-images/ig/pinecone-inibox-pro-2-4gh-2.jpg?token=eyJraWQiOiJzdG9yYWdlLXVybC1zaWduaW5nLWtleV82YzEzZTkyZS1iNGMzLTQ3OTgtODBhYS1hYzY2YjQxM2E1MzYiLCJhbGciOiJIUzI1NiJ9.eyJ1cmwiOiJwcm9kdWN0LWltYWdlcy9pZy9waW5lY29uZS1pbmlib3gtcHJvLTItNGdoLTIuanBnIiwic2NvcGUiOiJkb3dubG9hZCIsImlhdCI6MTc4NTYyODQzNCwiZXhwIjoyMTAwOTg4NDM0fQ.o2ODSmNJZsnjjIN55a5g4bEyNbtN6-R-2SV1vUEc5SA,https://qdhcyorsmkzxhepdjugo.supabase.co/storage/v1/object/sign/product-images/ig/pinecone-inibox-pro-dual-miner-1.jpg?token=eyJraWQiOiJzdG9yYWdlLXVybC1zaWduaW5nLWtleV82YzEzZTkyZS1iNGMzLTQ3OTgtODBhYS1hYzY2YjQxM2E1MzYiLCJhbGciOiJIUzI1NiJ9.eyJ1cmwiOiJwcm9kdWN0LWltYWdlcy9pZy9waW5lY29uZS1pbmlib3gtcHJvLWR1YWwtbWluZXItMS5qcGciLCJzY29wZSI6ImRvd25sb2FkIiwiaWF0IjoxNzg1NjI4NDM3LCJleHAiOjIxMDA5ODg0Mzd9.WKRKI4UHDsGF_g9zpOecYV_kYpNlEMucY0kMWexMGnY,https://qdhcyorsmkzxhepdjugo.supabase.co/storage/v1/object/sign/product-images/ig/pinecone-inibox-pro-dual-miner-2.jpg?token=eyJraWQiOiJzdG9yYWdlLXVybC1zaWduaW5nLWtleV82YzEzZTkyZS1iNGMzLTQ3OTgtODBhYS1hYzY2YjQxM2E1MzYiLCJhbGciOiJIUzI1NiJ9.eyJ1cmwiOiJwcm9kdWN0LWltYWdlcy9pZy9waW5lY29uZS1pbmlib3gtcHJvLWR1YWwtbWluZXItMi5qcGciLCJzY29wZSI6ImRvd25sb2FkIiwiaWF0IjoxNzg1NjI4NDM3LCJleHAiOjIxMDA5ODg0Mzd9.WIciyGpfyZAc7rmYOZR1x8o8wBX7Jpp20o1MVHLw9T0	in_stock	1750.00 USD		used	Pinecone	PINECONE-INIBOX-PRO-2-4GH	yes	5710	Bitcoin Mining Hardware > ASIC Miners	pinecone-used	2.4 GH/s hashrate on InitVerse,1280 W power draw,0.53 J/MH energy efficiency,Used unit, bench-tested before dispatch,Ships worldwide from Hong Kong by DHL / FedEx express,30-day functional warranty and in-house repair support,Cooling: Air-cooled,Voltage: 200-240V AC	US:::0.00 USD,CA:::0.00 USD,GB:::0.00 USD,IE:::0.00 USD,DE:::0.00 USD,FR:::0.00 USD,NL:::0.00 USD,BE:::0.00 USD,LU:::0.00 USD,AT:::0.00 USD,CH:::0.00 USD,IT:::0.00 USD,ES:::0.00 USD,PT:::0.00 USD,SE:::0.00 USD,NO:::0.00 USD,DK:::0.00 USD,FI:::0.00 USD,PL:::0.00 USD,CZ:::0.00 USD,SK:::0.00 USD,HU:::0.00 USD,RO:::0.00 USD,GR:::0.00 USD,TR:::0.00 USD,AU:::0.00 USD,NZ:::0.00 USD,JP:::0.00 USD,KR:::0.00 USD,SG:::0.00 USD,MY:::0.00 USD,TH:::0.00 USD,VN:::0.00 USD,PH:::0.00 USD,ID:::0.00 USD,IN:::0.00 USD,HK:::0.00 USD,TW:::0.00 USD,AE:::0.00 USD,SA:::0.00 USD,QA:::0.00 USD,KW:::0.00 USD,BH:::0.00 USD,OM:::0.00 USD,IL:::0.00 USD,ZA:::0.00 USD,NG:::0.00 USD,KE:::0.00 USD,EG:::0.00 USD,MA:::0.00 USD,BR:::0.00 USD,AR:::0.00 USD,CL:::0.00 USD,CO:::0.00 USD,MX:::0.00 USD,PE:::0.00 USD,UY:::0.00 USD,RU:::0.00 USD,UA:::0.00 USD,KZ:::0.00 USD,GE:::0.00 USD,PK:::0.00 USD,BD:::0.00 USD,LK:::0.00 USD,NP:::0.00 USD,CN:::0.00 USD	15 kg	used	InitVerse	1500-4000	Pinecone	Air-cooled
used-bitmain-antminer-t21-190th	Bitmain Used Bitmain Antminer T21 190 TH/s Bitcoin Miner	Second-hand Antminer T21 at 190 TH/s and 19 J/TH, load-tested for 24 hours and graded before dispatch, with hashboards verified, 180-day warranty and tracked freight from Hong Kong. Model: Used Antminer T21 190 TH/s. Cooling: Air-cooled. Voltage: 200-240V AC. Hashrate: 190 TH/s. Included: Miner unit and PSU where applicable. Shipping: Worldwide, DDP available. Warranty: 180 days from shipping date. Algorithm: SHA-256 — in stock at Bitcoin Mining Depot. Used T21 units at optimal hashrate with a 180-day warranty — a strong efficiency-per-dollar pick for scaling farms. Every machine we ship is hash-tested on our bench, photographed and logged with its serial number before it leaves our Edmonton facility, so you know exactly what arrives at your door. Performance and specifications: this Bitmain miner runs the SHA-256 algorithm at 190 TH/s while drawing about 3610 W at the wall, giving a rated efficiency of 19 J/TH. Efficiency is the number that decides whether a miner stays profitable through a difficulty increase or a bear market, so compare 19 J/TH against your electricity cost before you buy. At roughly $0.05/kWh this machine remains cash-flow positive across a wide hashprice range; above $0.10/kWh you should model your break-even carefully or consider our hosting programme. Infrastructure… Buy the Used Bitmain Antminer T21 190 TH/s Bitcoin Miner from Bitcoin Mining Depot: verified used stock, crypto checkout, worldwide express delivery and hosting or repair support on request.	https://bitcoinminingdepot.net/products/used-bitmain-antminer-t21-190th	https://qdhcyorsmkzxhepdjugo.supabase.co/storage/v1/object/sign/product-images/ig/used-bitmain-antminer-t21-190th-1.jpg?token=eyJraWQiOiJzdG9yYWdlLXVybC1zaWduaW5nLWtleV82YzEzZTkyZS1iNGMzLTQ3OTgtODBhYS1hYzY2YjQxM2E1MzYiLCJhbGciOiJIUzI1NiJ9.eyJ1cmwiOiJwcm9kdWN0LWltYWdlcy9pZy91c2VkLWJpdG1haW4tYW50bWluZXItdDIxLTE5MHRoLTEuanBnIiwic2NvcGUiOiJkb3dubG9hZCIsImlhdCI6MTc4NTYyODQzNCwiZXhwIjoyMTAwOTg4NDM0fQ.4ODnT3FFaFvhkLTLVlumkxSdWGc4xfhdHoXMUorzV_s	https://qdhcyorsmkzxhepdjugo.supabase.co/storage/v1/object/sign/product-images/ig/used-bitmain-antminer-t21-190th-2.jpg?token=eyJraWQiOiJzdG9yYWdlLXVybC1zaWduaW5nLWtleV82YzEzZTkyZS1iNGMzLTQ3OTgtODBhYS1hYzY2YjQxM2E1MzYiLCJhbGciOiJIUzI1NiJ9.eyJ1cmwiOiJwcm9kdWN0LWltYWdlcy9pZy91c2VkLWJpdG1haW4tYW50bWluZXItdDIxLTE5MHRoLTIuanBnIiwic2NvcGUiOiJkb3dubG9hZCIsImlhdCI6MTc4NTYyODQzNCwiZXhwIjoyMTAwOTg4NDM0fQ.45UkoCPHUWlx6WWy0qGXRtt_s32-HvWZxeCkAcfS5dE,https://qdhcyorsmkzxhepdjugo.supabase.co/storage/v1/object/sign/product-images/ig2-DLgqEI4vy2P-1.jpg?token=eyJraWQiOiJzdG9yYWdlLXVybC1zaWduaW5nLWtleV82YzEzZTkyZS1iNGMzLTQ3OTgtODBhYS1hYzY2YjQxM2E1MzYiLCJhbGciOiJIUzI1NiJ9.eyJ1cmwiOiJwcm9kdWN0LWltYWdlcy9pZzItRExncUVJNHZ5MlAtMS5qcGciLCJzY29wZSI6ImRvd25sb2FkIiwiaWF0IjoxNzg1NjMwNzI0LCJleHAiOjIxMDA5OTA3MjR9.z1-fDq6Dp1VVUx4UYtNkI5M8wrygWZwW7uMk9TOAKrw,https://qdhcyorsmkzxhepdjugo.supabase.co/storage/v1/object/sign/product-images/ig2-DLgqEI4vy2P-2.jpg?token=eyJraWQiOiJzdG9yYWdlLXVybC1zaWduaW5nLWtleV82YzEzZTkyZS1iNGMzLTQ3OTgtODBhYS1hYzY2YjQxM2E1MzYiLCJhbGciOiJIUzI1NiJ9.eyJ1cmwiOiJwcm9kdWN0LWltYWdlcy9pZzItRExncUVJNHZ5MlAtMi5qcGciLCJzY29wZSI6ImRvd25sb2FkIiwiaWF0IjoxNzg1NjMwNzI0LCJleHAiOjIxMDA5OTA3MjR9.aDGzSGDQqeg5hKqJypHUd1jiMtqyuUG3EuV_OjmPigo,https://qdhcyorsmkzxhepdjugo.supabase.co/storage/v1/object/sign/product-images/ig2-DI4YsrmB_2X-1.jpg?token=eyJraWQiOiJzdG9yYWdlLXVybC1zaWduaW5nLWtleV82YzEzZTkyZS1iNGMzLTQ3OTgtODBhYS1hYzY2YjQxM2E1MzYiLCJhbGciOiJIUzI1NiJ9.eyJ1cmwiOiJwcm9kdWN0LWltYWdlcy9pZzItREk0WXNybUJfMlgtMS5qcGciLCJzY29wZSI6ImRvd25sb2FkIiwiaWF0IjoxNzg1NjMwNzE0LCJleHAiOjIxMDA5OTA3MTR9.l7TNGnjR3ffr5TIKgM55eemXwUgDwIltLIOH-s4IDSg,https://qdhcyorsmkzxhepdjugo.supabase.co/storage/v1/object/sign/product-images/ig2-DI4YsrmB_2X-2.jpg?token=eyJraWQiOiJzdG9yYWdlLXVybC1zaWduaW5nLWtleV82YzEzZTkyZS1iNGMzLTQ3OTgtODBhYS1hYzY2YjQxM2E1MzYiLCJhbGciOiJIUzI1NiJ9.eyJ1cmwiOiJwcm9kdWN0LWltYWdlcy9pZzItREk0WXNybUJfMlgtMi5qcGciLCJzY29wZSI6ImRvd25sb2FkIiwiaWF0IjoxNzg1NjMwNzE1LCJleHAiOjIxMDA5OTA3MTV9.fdKiCXpBfDl4HhZdvkz-gKoEa_DdL7n5BwHEm6qmmyg,https://qdhcyorsmkzxhepdjugo.supabase.co/storage/v1/object/sign/product-images/ig2-DIMypq5zRaV-1.jpg?token=eyJraWQiOiJzdG9yYWdlLXVybC1zaWduaW5nLWtleV82YzEzZTkyZS1iNGMzLTQ3OTgtODBhYS1hYzY2YjQxM2E1MzYiLCJhbGciOiJIUzI1NiJ9.eyJ1cmwiOiJwcm9kdWN0LWltYWdlcy9pZzItRElNeXBxNXpSYVYtMS5qcGciLCJzY29wZSI6ImRvd25sb2FkIiwiaWF0IjoxNzg1NjMwNzE2LCJleHAiOjIxMDA5OTA3MTZ9.ZA_z-UHi5pFQgN7ZtqJGnc1SydxCss7ycTGqCOPVpDI,https://qdhcyorsmkzxhepdjugo.supabase.co/storage/v1/object/sign/product-images/ig2-DIMypq5zRaV-2.jpg?token=eyJraWQiOiJzdG9yYWdlLXVybC1zaWduaW5nLWtleV82YzEzZTkyZS1iNGMzLTQ3OTgtODBhYS1hYzY2YjQxM2E1MzYiLCJhbGciOiJIUzI1NiJ9.eyJ1cmwiOiJwcm9kdWN0LWltYWdlcy9pZzItRElNeXBxNXpSYVYtMi5qcGciLCJzY29wZSI6ImRvd25sb2FkIiwiaWF0IjoxNzg1NjMwNzE2LCJleHAiOjIxMDA5OTA3MTZ9.95aZUzVjhPVgA3kXhPtnCR2Pl7zdhYZhY4rftI314Dg	in_stock	2450.00 USD		used	Bitmain	USED-BITMAIN-ANTMINER-T21-190TH	yes	5710	Bitcoin Mining Hardware > Used & Refurbished Miners	bitmain-used	190 TH/s hashrate on SHA-256,3610 W power draw,19 J/TH energy efficiency,Used unit, bench-tested before dispatch,Ships worldwide from Hong Kong by DHL / FedEx express,30-day functional warranty and in-house repair support,Cooling: Air-cooled,Voltage: 200-240V AC	US:::0.00 USD,CA:::0.00 USD,GB:::0.00 USD,IE:::0.00 USD,DE:::0.00 USD,FR:::0.00 USD,NL:::0.00 USD,BE:::0.00 USD,LU:::0.00 USD,AT:::0.00 USD,CH:::0.00 USD,IT:::0.00 USD,ES:::0.00 USD,PT:::0.00 USD,SE:::0.00 USD,NO:::0.00 USD,DK:::0.00 USD,FI:::0.00 USD,PL:::0.00 USD,CZ:::0.00 USD,SK:::0.00 USD,HU:::0.00 USD,RO:::0.00 USD,GR:::0.00 USD,TR:::0.00 USD,AU:::0.00 USD,NZ:::0.00 USD,JP:::0.00 USD,KR:::0.00 USD,SG:::0.00 USD,MY:::0.00 USD,TH:::0.00 USD,VN:::0.00 USD,PH:::0.00 USD,ID:::0.00 USD,IN:::0.00 USD,HK:::0.00 USD,TW:::0.00 USD,AE:::0.00 USD,SA:::0.00 USD,QA:::0.00 USD,KW:::0.00 USD,BH:::0.00 USD,OM:::0.00 USD,IL:::0.00 USD,ZA:::0.00 USD,NG:::0.00 USD,KE:::0.00 USD,EG:::0.00 USD,MA:::0.00 USD,BR:::0.00 USD,AR:::0.00 USD,CL:::0.00 USD,CO:::0.00 USD,MX:::0.00 USD,PE:::0.00 USD,UY:::0.00 USD,RU:::0.00 USD,UA:::0.00 USD,KZ:::0.00 USD,GE:::0.00 USD,PK:::0.00 USD,BD:::0.00 USD,LK:::0.00 USD,NP:::0.00 USD,CN:::0.00 USD	15 kg	used	SHA-256	1500-4000	Bitmain	Air-cooled
used-microbt-whatsminer-m50-118th	MicroBT Used MicroBT WhatsMiner M50 118 TH/s Bitcoin Miner	118 TH/s SHA-256 miner at 28 J/TH and 3306 W. Used stock, bench-tested, 180-day warranty, worldwide shipping. Model: Used WhatsMiner M50 118 TH/s. Cooling: Air-cooled. Voltage: 200-240V AC. Hashrate: 118 TH/s. Included: Miner unit and PSU where applicable. Shipping: Worldwide, DDP available. Warranty: 180 days from shipping date. Algorithm: SHA-256 — in stock at Bitcoin Mining Depot. Budget-friendly used WhatsMiner M50 for low-power-cost farms and hosted deployments, sold at optimal hashrate. Every machine we ship is hash-tested on our bench, photographed and logged with its serial number before it leaves our Edmonton facility, so you know exactly what arrives at your door. Performance and specifications: this MicroBT miner runs the SHA-256 algorithm at 118 TH/s while drawing about 3306 W at the wall, giving a rated efficiency of 28 J/TH. Efficiency is the number that decides whether a miner stays profitable through a difficulty increase or a bear market, so compare 28 J/TH against your electricity cost before you buy. At roughly $0.05/kWh this machine remains cash-flow positive across a wide hashprice range; above $0.10/kWh you should model your break-even carefully or consider our hosting programme. Infrastructure requirements… Buy the Used MicroBT WhatsMiner M50 118 TH/s Bitcoin Miner from Bitcoin Mining Depot: verified used stock, crypto checkout, worldwide express delivery and hosting or repair support on request.	https://bitcoinminingdepot.net/products/used-microbt-whatsminer-m50-118th	https://qdhcyorsmkzxhepdjugo.supabase.co/storage/v1/object/sign/product-images/ig/used-microbt-whatsminer-m50-118th-1.jpg?token=eyJraWQiOiJzdG9yYWdlLXVybC1zaWduaW5nLWtleV82YzEzZTkyZS1iNGMzLTQ3OTgtODBhYS1hYzY2YjQxM2E1MzYiLCJhbGciOiJIUzI1NiJ9.eyJ1cmwiOiJwcm9kdWN0LWltYWdlcy9pZy91c2VkLW1pY3JvYnQtd2hhdHNtaW5lci1tNTAtMTE4dGgtMS5qcGciLCJzY29wZSI6ImRvd25sb2FkIiwiaWF0IjoxNzg1NjI4NDMyLCJleHAiOjIxMDA5ODg0MzJ9.YDLRuQG0lbhUW3pMkhbaWc2QokHEVGgcXaXXSfjdIZY	https://qdhcyorsmkzxhepdjugo.supabase.co/storage/v1/object/sign/product-images/ig/used-microbt-whatsminer-m50-118th-2.jpg?token=eyJraWQiOiJzdG9yYWdlLXVybC1zaWduaW5nLWtleV82YzEzZTkyZS1iNGMzLTQ3OTgtODBhYS1hYzY2YjQxM2E1MzYiLCJhbGciOiJIUzI1NiJ9.eyJ1cmwiOiJwcm9kdWN0LWltYWdlcy9pZy91c2VkLW1pY3JvYnQtd2hhdHNtaW5lci1tNTAtMTE4dGgtMi5qcGciLCJzY29wZSI6ImRvd25sb2FkIiwiaWF0IjoxNzg1NjI4NDMyLCJleHAiOjIxMDA5ODg0MzJ9.D5xkJN9nuN7IVJkr7hUWNah7GhdQlKUugebbDcQFEz0	in_stock	950.00 USD		used	MicroBT	USED-MICROBT-WHATSMINER-M50-118TH	yes	5710	Bitcoin Mining Hardware > Used & Refurbished Miners	microbt-used	118 TH/s hashrate on SHA-256,3306 W power draw,28 J/TH energy efficiency,Used unit, bench-tested before dispatch,Ships worldwide from Hong Kong by DHL / FedEx express,30-day functional warranty and in-house repair support,Cooling: Air-cooled,Voltage: 200-240V AC	US:::0.00 USD,CA:::0.00 USD,GB:::0.00 USD,IE:::0.00 USD,DE:::0.00 USD,FR:::0.00 USD,NL:::0.00 USD,BE:::0.00 USD,LU:::0.00 USD,AT:::0.00 USD,CH:::0.00 USD,IT:::0.00 USD,ES:::0.00 USD,PT:::0.00 USD,SE:::0.00 USD,NO:::0.00 USD,DK:::0.00 USD,FI:::0.00 USD,PL:::0.00 USD,CZ:::0.00 USD,SK:::0.00 USD,HU:::0.00 USD,RO:::0.00 USD,GR:::0.00 USD,TR:::0.00 USD,AU:::0.00 USD,NZ:::0.00 USD,JP:::0.00 USD,KR:::0.00 USD,SG:::0.00 USD,MY:::0.00 USD,TH:::0.00 USD,VN:::0.00 USD,PH:::0.00 USD,ID:::0.00 USD,IN:::0.00 USD,HK:::0.00 USD,TW:::0.00 USD,AE:::0.00 USD,SA:::0.00 USD,QA:::0.00 USD,KW:::0.00 USD,BH:::0.00 USD,OM:::0.00 USD,IL:::0.00 USD,ZA:::0.00 USD,NG:::0.00 USD,KE:::0.00 USD,EG:::0.00 USD,MA:::0.00 USD,BR:::0.00 USD,AR:::0.00 USD,CL:::0.00 USD,CO:::0.00 USD,MX:::0.00 USD,PE:::0.00 USD,UY:::0.00 USD,RU:::0.00 USD,UA:::0.00 USD,KZ:::0.00 USD,GE:::0.00 USD,PK:::0.00 USD,BD:::0.00 USD,LK:::0.00 USD,NP:::0.00 USD,CN:::0.00 USD	15 kg	used	SHA-256	500-1500	MicroBT	Air-cooled
fluminer-l1-litecoin-dogecoin-miner	Fluminer L1 Litecoin & Dogecoin Scrypt Miner 5.3 GH/s	5.3 GH/s Scrypt miner at 0.64 J/MH and 3400 W. Used stock, bench-tested, 180-day warranty, worldwide shipping. Model: L1 Litecoin & Dogecoin Scrypt Miner. Cooling: Air-cooled. Voltage: 200-240V AC. Hashrate: 5.3 GH/s. Included: Miner unit and PSU where applicable. Shipping: Worldwide, DDP available. Warranty: 180 days from shipping date. Algorithm: Scrypt — in stock at Bitcoin Mining Depot. Compact Scrypt ASIC for merged Litecoin and Dogecoin mining, shipped in original packaging and bench-tested before dispatch. Every machine we ship is hash-tested on our bench, photographed and logged with its serial number before it leaves our Edmonton facility, so you know exactly what arrives at your door. Performance and specifications: this Fluminer miner runs the Scrypt algorithm at 5.3 GH/s while drawing about 3400 W at the wall, giving a rated efficiency of 0.64 J/MH. Efficiency is the number that decides whether a miner stays profitable through a difficulty increase or a bear market, so compare 0.64 J/MH against your electricity cost before you buy. At roughly $0.05/kWh this machine remains cash-flow positive across a wide hashprice range; above $0.10/kWh you should model your break-even carefully or consider our hosting programme.… Buy the Fluminer L1 Litecoin & Dogecoin Scrypt Miner from Bitcoin Mining Depot: verified used stock, crypto checkout, worldwide express delivery and hosting or repair support on request.	https://bitcoinminingdepot.net/products/fluminer-l1-litecoin-dogecoin-miner	https://qdhcyorsmkzxhepdjugo.supabase.co/storage/v1/object/sign/product-images/ig/fluminer-l1-litecoin-dogecoin-miner-1.jpg?token=eyJraWQiOiJzdG9yYWdlLXVybC1zaWduaW5nLWtleV82YzEzZTkyZS1iNGMzLTQ3OTgtODBhYS1hYzY2YjQxM2E1MzYiLCJhbGciOiJIUzI1NiJ9.eyJ1cmwiOiJwcm9kdWN0LWltYWdlcy9pZy9mbHVtaW5lci1sMS1saXRlY29pbi1kb2dlY29pbi1taW5lci0xLmpwZyIsInNjb3BlIjoiZG93bmxvYWQiLCJpYXQiOjE3ODU2Mjg0MzIsImV4cCI6MjEwMDk4ODQzMn0.1arVrj-ZFmGo8yobV7Okk2zxbqn4qImQE1s2sPB0ypo	https://qdhcyorsmkzxhepdjugo.supabase.co/storage/v1/object/sign/product-images/ig/fluminer-l1-litecoin-dogecoin-miner-2.jpg?token=eyJraWQiOiJzdG9yYWdlLXVybC1zaWduaW5nLWtleV82YzEzZTkyZS1iNGMzLTQ3OTgtODBhYS1hYzY2YjQxM2E1MzYiLCJhbGciOiJIUzI1NiJ9.eyJ1cmwiOiJwcm9kdWN0LWltYWdlcy9pZy9mbHVtaW5lci1sMS1saXRlY29pbi1kb2dlY29pbi1taW5lci0yLmpwZyIsInNjb3BlIjoiZG93bmxvYWQiLCJpYXQiOjE3ODU2Mjg0MzIsImV4cCI6MjEwMDk4ODQzMn0.jMHNQG_Nz30F20aJks5spGqK5HoGExnJwNQTdsZeUdk	in_stock	2900.00 USD		used	Fluminer	FLUMINER-L1-LITECOIN-DOGECOIN-MINER	yes	5710	Bitcoin Mining Hardware > ASIC Miners	fluminer-used	5.3 GH/s hashrate on Scrypt,3400 W power draw,0.64 J/MH energy efficiency,Used unit, bench-tested before dispatch,Ships worldwide from Hong Kong by DHL / FedEx express,30-day functional warranty and in-house repair support,Cooling: Air-cooled,Voltage: 200-240V AC	US:::0.00 USD,CA:::0.00 USD,GB:::0.00 USD,IE:::0.00 USD,DE:::0.00 USD,FR:::0.00 USD,NL:::0.00 USD,BE:::0.00 USD,LU:::0.00 USD,AT:::0.00 USD,CH:::0.00 USD,IT:::0.00 USD,ES:::0.00 USD,PT:::0.00 USD,SE:::0.00 USD,NO:::0.00 USD,DK:::0.00 USD,FI:::0.00 USD,PL:::0.00 USD,CZ:::0.00 USD,SK:::0.00 USD,HU:::0.00 USD,RO:::0.00 USD,GR:::0.00 USD,TR:::0.00 USD,AU:::0.00 USD,NZ:::0.00 USD,JP:::0.00 USD,KR:::0.00 USD,SG:::0.00 USD,MY:::0.00 USD,TH:::0.00 USD,VN:::0.00 USD,PH:::0.00 USD,ID:::0.00 USD,IN:::0.00 USD,HK:::0.00 USD,TW:::0.00 USD,AE:::0.00 USD,SA:::0.00 USD,QA:::0.00 USD,KW:::0.00 USD,BH:::0.00 USD,OM:::0.00 USD,IL:::0.00 USD,ZA:::0.00 USD,NG:::0.00 USD,KE:::0.00 USD,EG:::0.00 USD,MA:::0.00 USD,BR:::0.00 USD,AR:::0.00 USD,CL:::0.00 USD,CO:::0.00 USD,MX:::0.00 USD,PE:::0.00 USD,UY:::0.00 USD,RU:::0.00 USD,UA:::0.00 USD,KZ:::0.00 USD,GE:::0.00 USD,PK:::0.00 USD,BD:::0.00 USD,LK:::0.00 USD,NP:::0.00 USD,CN:::0.00 USD	15 kg	used	Scrypt	1500-4000	Fluminer	Air-cooled
microbt-whatsminer-m60s-plus	MicroBT WhatsMiner M60S+ 190 TH/s Bitcoin Miner	190 TH/s SHA-256 miner at 18.1 J/TH and 3441 W. Used stock, bench-tested, 180-day warranty, worldwide shipping. Model: WhatsMiner M60S+ 190 TH/s. Cooling: Air-cooled. Voltage: 200-240V AC. Hashrate: 190 TH/s. Included: Miner unit and PSU where applicable. Shipping: Worldwide, DDP available. Warranty: 180 days from shipping date. Algorithm: SHA-256 — in stock at Bitcoin Mining Depot. Air-cooled M60S+ built on MicroBT's 3rd-gen platform, ideal for industrial SHA-256 farms wanting sub-19 J/TH efficiency. Every machine we ship is hash-tested on our bench, photographed and logged with its serial number before it leaves our Edmonton facility, so you know exactly what arrives at your door. Performance and specifications: this MicroBT miner runs the SHA-256 algorithm at 190 TH/s while drawing about 3441 W at the wall, giving a rated efficiency of 18.1 J/TH. Efficiency is the number that decides whether a miner stays profitable through a difficulty increase or a bear market, so compare 18.1 J/TH against your electricity cost before you buy. At roughly $0.05/kWh this machine remains cash-flow positive across a wide hashprice range; above $0.10/kWh you should model your break-even carefully or consider our hosting programme. Infrastructure… Buy the MicroBT WhatsMiner M60S+ 190 TH/s Bitcoin Miner from Bitcoin Mining Depot: verified used stock, crypto checkout, worldwide express delivery and hosting or repair support on request.	https://bitcoinminingdepot.net/products/microbt-whatsminer-m60s-plus	https://qdhcyorsmkzxhepdjugo.supabase.co/storage/v1/object/sign/product-images/ig/microbt-whatsminer-m60s-plus-1.jpg?token=eyJraWQiOiJzdG9yYWdlLXVybC1zaWduaW5nLWtleV82YzEzZTkyZS1iNGMzLTQ3OTgtODBhYS1hYzY2YjQxM2E1MzYiLCJhbGciOiJIUzI1NiJ9.eyJ1cmwiOiJwcm9kdWN0LWltYWdlcy9pZy9taWNyb2J0LXdoYXRzbWluZXItbTYwcy1wbHVzLTEuanBnIiwic2NvcGUiOiJkb3dubG9hZCIsImlhdCI6MTc4NTYyODQzMSwiZXhwIjoyMTAwOTg4NDMxfQ.HwbJ5ACXPvBK2jV-ZMbapTkSkYYw0MLlSPUQKu84DnM	https://qdhcyorsmkzxhepdjugo.supabase.co/storage/v1/object/sign/product-images/ig/microbt-whatsminer-m60s-plus-2.jpg?token=eyJraWQiOiJzdG9yYWdlLXVybC1zaWduaW5nLWtleV82YzEzZTkyZS1iNGMzLTQ3OTgtODBhYS1hYzY2YjQxM2E1MzYiLCJhbGciOiJIUzI1NiJ9.eyJ1cmwiOiJwcm9kdWN0LWltYWdlcy9pZy9taWNyb2J0LXdoYXRzbWluZXItbTYwcy1wbHVzLTIuanBnIiwic2NvcGUiOiJkb3dubG9hZCIsImlhdCI6MTc4NTYyODQzMSwiZXhwIjoyMTAwOTg4NDMxfQ.yNijrxGkbwDFWubFC_3sJA6ugoOEqsJ8Zp1PF4ysQGM	in_stock	3400.00 USD		used	MicroBT	MICROBT-WHATSMINER-M60S-PLUS	yes	5710	Bitcoin Mining Hardware > Bitcoin Mining Machines	microbt-used	190 TH/s hashrate on SHA-256,3441 W power draw,18.1 J/TH energy efficiency,Used unit, bench-tested before dispatch,Ships worldwide from Hong Kong by DHL / FedEx express,30-day functional warranty and in-house repair support,Cooling: Air-cooled,Voltage: 200-240V AC	US:::0.00 USD,CA:::0.00 USD,GB:::0.00 USD,IE:::0.00 USD,DE:::0.00 USD,FR:::0.00 USD,NL:::0.00 USD,BE:::0.00 USD,LU:::0.00 USD,AT:::0.00 USD,CH:::0.00 USD,IT:::0.00 USD,ES:::0.00 USD,PT:::0.00 USD,SE:::0.00 USD,NO:::0.00 USD,DK:::0.00 USD,FI:::0.00 USD,PL:::0.00 USD,CZ:::0.00 USD,SK:::0.00 USD,HU:::0.00 USD,RO:::0.00 USD,GR:::0.00 USD,TR:::0.00 USD,AU:::0.00 USD,NZ:::0.00 USD,JP:::0.00 USD,KR:::0.00 USD,SG:::0.00 USD,MY:::0.00 USD,TH:::0.00 USD,VN:::0.00 USD,PH:::0.00 USD,ID:::0.00 USD,IN:::0.00 USD,HK:::0.00 USD,TW:::0.00 USD,AE:::0.00 USD,SA:::0.00 USD,QA:::0.00 USD,KW:::0.00 USD,BH:::0.00 USD,OM:::0.00 USD,IL:::0.00 USD,ZA:::0.00 USD,NG:::0.00 USD,KE:::0.00 USD,EG:::0.00 USD,MA:::0.00 USD,BR:::0.00 USD,AR:::0.00 USD,CL:::0.00 USD,CO:::0.00 USD,MX:::0.00 USD,PE:::0.00 USD,UY:::0.00 USD,RU:::0.00 USD,UA:::0.00 USD,KZ:::0.00 USD,GE:::0.00 USD,PK:::0.00 USD,BD:::0.00 USD,LK:::0.00 USD,NP:::0.00 USD,CN:::0.00 USD	15 kg	used	SHA-256	1500-4000	MicroBT	Air-cooled
used-bitmain-antminer-s19-hydro-198-251th	Bitmain Used Bitmain Antminer S19 Hydro 198–251 TH/s Bitcoin Miner	251 TH/s SHA-256 miner at 20.4 J/TH and 5115 W. Used stock, bench-tested, 180-day warranty, worldwide shipping. Model: Used Antminer S19 Hydro 198–251 TH/s. Cooling: Hydro / water-cooled. Voltage: 200-240V AC. Hashrate: 251 TH/s. Included: Miner unit and PSU where applicable. Shipping: Worldwide, DDP available. Warranty: 180 days from shipping date. Algorithm: SHA-256 — in stock at Bitcoin Mining Depot. Water-cooled S19 Hydro units in tested working order, sold with a 180-day warranty and never repaired or refurbished. Every machine we ship is hash-tested on our bench, photographed and logged with its serial number before it leaves our Edmonton facility, so you know exactly what arrives at your door. Performance and specifications: this Bitmain miner runs the SHA-256 algorithm at 251 TH/s while drawing about 5115 W at the wall, giving a rated efficiency of 20.4 J/TH. Efficiency is the number that decides whether a miner stays profitable through a difficulty increase or a bear market, so compare 20.4 J/TH against your electricity cost before you buy. At roughly $0.05/kWh this machine remains cash-flow positive across a wide hashprice range; above $0.10/kWh you should model your break-even carefully or consider our hosting programme. Infrastructure… Buy the Used Bitmain Antminer S19 Hydro 198–251 TH/s Bitcoin Miner from Bitcoin Mining Depot: verified used stock, crypto checkout, worldwide express delivery and hosting or repair support on request.	https://bitcoinminingdepot.net/products/used-bitmain-antminer-s19-hydro-198-251th	https://qdhcyorsmkzxhepdjugo.supabase.co/storage/v1/object/sign/product-images/ig/used-bitmain-antminer-s19-hydro-198-251th-1.jpg?token=eyJraWQiOiJzdG9yYWdlLXVybC1zaWduaW5nLWtleV82YzEzZTkyZS1iNGMzLTQ3OTgtODBhYS1hYzY2YjQxM2E1MzYiLCJhbGciOiJIUzI1NiJ9.eyJ1cmwiOiJwcm9kdWN0LWltYWdlcy9pZy91c2VkLWJpdG1haW4tYW50bWluZXItczE5LWh5ZHJvLTE5OC0yNTF0aC0xLmpwZyIsInNjb3BlIjoiZG93bmxvYWQiLCJpYXQiOjE3ODU2Mjg0MzEsImV4cCI6MjEwMDk4ODQzMX0.x4itjkCFVrlTZFDnakxLoJiPG2Qr9K-CMlH24RXi48o	https://qdhcyorsmkzxhepdjugo.supabase.co/storage/v1/object/sign/product-images/ig/used-bitmain-antminer-s19-hydro-198-251th-2.jpg?token=eyJraWQiOiJzdG9yYWdlLXVybC1zaWduaW5nLWtleV82YzEzZTkyZS1iNGMzLTQ3OTgtODBhYS1hYzY2YjQxM2E1MzYiLCJhbGciOiJIUzI1NiJ9.eyJ1cmwiOiJwcm9kdWN0LWltYWdlcy9pZy91c2VkLWJpdG1haW4tYW50bWluZXItczE5LWh5ZHJvLTE5OC0yNTF0aC0yLmpwZyIsInNjb3BlIjoiZG93bmxvYWQiLCJpYXQiOjE3ODU2Mjg0MzEsImV4cCI6MjEwMDk4ODQzMX0.VfmL9LEq_XweCP0DsS6oDjguyuhEt6C6Vo70zX70e00	in_stock	2650.00 USD		used	Bitmain	USED-BITMAIN-ANTMINER-S19-HYDRO-198-251TH	yes	5710	Bitcoin Mining Hardware > Used & Refurbished Miners	bitmain-used	251 TH/s hashrate on SHA-256,5115 W power draw,20.4 J/TH energy efficiency,Used unit, bench-tested before dispatch,Ships worldwide from Hong Kong by DHL / FedEx express,30-day functional warranty and in-house repair support,Cooling: Hydro / water-cooled,Voltage: 200-240V AC	US:::0.00 USD,CA:::0.00 USD,GB:::0.00 USD,IE:::0.00 USD,DE:::0.00 USD,FR:::0.00 USD,NL:::0.00 USD,BE:::0.00 USD,LU:::0.00 USD,AT:::0.00 USD,CH:::0.00 USD,IT:::0.00 USD,ES:::0.00 USD,PT:::0.00 USD,SE:::0.00 USD,NO:::0.00 USD,DK:::0.00 USD,FI:::0.00 USD,PL:::0.00 USD,CZ:::0.00 USD,SK:::0.00 USD,HU:::0.00 USD,RO:::0.00 USD,GR:::0.00 USD,TR:::0.00 USD,AU:::0.00 USD,NZ:::0.00 USD,JP:::0.00 USD,KR:::0.00 USD,SG:::0.00 USD,MY:::0.00 USD,TH:::0.00 USD,VN:::0.00 USD,PH:::0.00 USD,ID:::0.00 USD,IN:::0.00 USD,HK:::0.00 USD,TW:::0.00 USD,AE:::0.00 USD,SA:::0.00 USD,QA:::0.00 USD,KW:::0.00 USD,BH:::0.00 USD,OM:::0.00 USD,IL:::0.00 USD,ZA:::0.00 USD,NG:::0.00 USD,KE:::0.00 USD,EG:::0.00 USD,MA:::0.00 USD,BR:::0.00 USD,AR:::0.00 USD,CL:::0.00 USD,CO:::0.00 USD,MX:::0.00 USD,PE:::0.00 USD,UY:::0.00 USD,RU:::0.00 USD,UA:::0.00 USD,KZ:::0.00 USD,GE:::0.00 USD,PK:::0.00 USD,BD:::0.00 USD,LK:::0.00 USD,NP:::0.00 USD,CN:::0.00 USD	15 kg	used	SHA-256	1500-4000	Bitmain	Hydro / water-cooled
bitmain-antminer-s19j-pro-104th	Bitmain Antminer S19j Pro 104 TH/s Bitcoin Miner	104 TH/s SHA-256 miner at 29.5 J/TH and 3068 W. Used stock, bench-tested, 180-day warranty, worldwide shipping. Model: Antminer S19j Pro 104 TH/s. Cooling: Air-cooled. Voltage: 200-240V AC. Hashrate: 104 TH/s. Included: Miner unit and PSU where applicable. Shipping: Worldwide, DDP available. Warranty: 180 days from shipping date. Algorithm: SHA-256 — in stock at Bitcoin Mining Depot. The workhorse S19j Pro remains the value leader for miners with cheap power, with plentiful spare parts and firmware support. Every machine we ship is hash-tested on our bench, photographed and logged with its serial number before it leaves our Edmonton facility, so you know exactly what arrives at your door. Performance and specifications: this Bitmain miner runs the SHA-256 algorithm at 104 TH/s while drawing about 3068 W at the wall, giving a rated efficiency of 29.5 J/TH. Efficiency is the number that decides whether a miner stays profitable through a difficulty increase or a bear market, so compare 29.5 J/TH against your electricity cost before you buy. At roughly $0.05/kWh this machine remains cash-flow positive across a wide hashprice range; above $0.10/kWh you should model your break-even carefully or consider our hosting programme.… Buy the Bitmain Antminer S19j Pro 104 TH/s Bitcoin Miner from Bitcoin Mining Depot: verified used stock, crypto checkout, worldwide express delivery and hosting or repair support on request.	https://bitcoinminingdepot.net/products/bitmain-antminer-s19j-pro-104th	https://qdhcyorsmkzxhepdjugo.supabase.co/storage/v1/object/sign/product-images/ig/bitmain-antminer-s19j-pro-104th-1.jpg?token=eyJraWQiOiJzdG9yYWdlLXVybC1zaWduaW5nLWtleV82YzEzZTkyZS1iNGMzLTQ3OTgtODBhYS1hYzY2YjQxM2E1MzYiLCJhbGciOiJIUzI1NiJ9.eyJ1cmwiOiJwcm9kdWN0LWltYWdlcy9pZy9iaXRtYWluLWFudG1pbmVyLXMxOWotcHJvLTEwNHRoLTEuanBnIiwic2NvcGUiOiJkb3dubG9hZCIsImlhdCI6MTc4NTYyODQzMywiZXhwIjoyMTAwOTg4NDMzfQ.lqXFxKldu0jhTMobyH2simNFxbJXra8tSMUDBBrpuNM	https://qdhcyorsmkzxhepdjugo.supabase.co/storage/v1/object/sign/product-images/ig/bitmain-antminer-s19j-pro-104th-2.jpg?token=eyJraWQiOiJzdG9yYWdlLXVybC1zaWduaW5nLWtleV82YzEzZTkyZS1iNGMzLTQ3OTgtODBhYS1hYzY2YjQxM2E1MzYiLCJhbGciOiJIUzI1NiJ9.eyJ1cmwiOiJwcm9kdWN0LWltYWdlcy9pZy9iaXRtYWluLWFudG1pbmVyLXMxOWotcHJvLTEwNHRoLTIuanBnIiwic2NvcGUiOiJkb3dubG9hZCIsImlhdCI6MTc4NTYyODQzMywiZXhwIjoyMTAwOTg4NDMzfQ.pGXtECqEXRSS1d8ADpbnZBhIA_4yQ13fi9LUcFtQZHI	in_stock	800.00 USD		used	Bitmain	BITMAIN-ANTMINER-S19J-PRO-104TH	yes	5710	Bitcoin Mining Hardware > Bitcoin Mining Machines	bitmain-used	104 TH/s hashrate on SHA-256,3068 W power draw,29.5 J/TH energy efficiency,Used unit, bench-tested before dispatch,Ships worldwide from Hong Kong by DHL / FedEx express,30-day functional warranty and in-house repair support,Cooling: Air-cooled,Voltage: 200-240V AC	US:::0.00 USD,CA:::0.00 USD,GB:::0.00 USD,IE:::0.00 USD,DE:::0.00 USD,FR:::0.00 USD,NL:::0.00 USD,BE:::0.00 USD,LU:::0.00 USD,AT:::0.00 USD,CH:::0.00 USD,IT:::0.00 USD,ES:::0.00 USD,PT:::0.00 USD,SE:::0.00 USD,NO:::0.00 USD,DK:::0.00 USD,FI:::0.00 USD,PL:::0.00 USD,CZ:::0.00 USD,SK:::0.00 USD,HU:::0.00 USD,RO:::0.00 USD,GR:::0.00 USD,TR:::0.00 USD,AU:::0.00 USD,NZ:::0.00 USD,JP:::0.00 USD,KR:::0.00 USD,SG:::0.00 USD,MY:::0.00 USD,TH:::0.00 USD,VN:::0.00 USD,PH:::0.00 USD,ID:::0.00 USD,IN:::0.00 USD,HK:::0.00 USD,TW:::0.00 USD,AE:::0.00 USD,SA:::0.00 USD,QA:::0.00 USD,KW:::0.00 USD,BH:::0.00 USD,OM:::0.00 USD,IL:::0.00 USD,ZA:::0.00 USD,NG:::0.00 USD,KE:::0.00 USD,EG:::0.00 USD,MA:::0.00 USD,BR:::0.00 USD,AR:::0.00 USD,CL:::0.00 USD,CO:::0.00 USD,MX:::0.00 USD,PE:::0.00 USD,UY:::0.00 USD,RU:::0.00 USD,UA:::0.00 USD,KZ:::0.00 USD,GE:::0.00 USD,PK:::0.00 USD,BD:::0.00 USD,LK:::0.00 USD,NP:::0.00 USD,CN:::0.00 USD	15 kg	used	SHA-256	500-1500	Bitmain	Air-cooled
nerdoctaxe-12th-home-miner	NerdMiner NerdOCTaxe 12 TH/s Open-Source Home Bitcoin Miner	12 TH/s SHA-256 miner at 18.3 J/TH and 220 W. Used stock, bench-tested, 180-day warranty, worldwide shipping. Model: NerdOCTaxe 12 TH/s Open-Source Home. Cooling: Air-cooled. Voltage: 200-240V AC. Hashrate: 12 TH/s. Included: Miner unit and PSU where applicable. Shipping: Worldwide, DDP available. Warranty: 180 days from shipping date. Algorithm: SHA-256 — in stock at Bitcoin Mining Depot. Open-source octal-ASIC desktop lottery miner that runs quietly on a standard wall socket — perfect for solo mining at home. Every machine we ship is hash-tested on our bench, photographed and logged with its serial number before it leaves our Edmonton facility, so you know exactly what arrives at your door. Performance and specifications: this NerdMiner miner runs the SHA-256 algorithm at 12 TH/s while drawing about 220 W at the wall, giving a rated efficiency of 18.3 J/TH. Efficiency is the number that decides whether a miner stays profitable through a difficulty increase or a bear market, so compare 18.3 J/TH against your electricity cost before you buy. At roughly $0.05/kWh this machine remains cash-flow positive across a wide hashprice range; above $0.10/kWh you should model your break-even carefully or consider our hosting programme.… Buy the NerdOCTaxe 12 TH/s Open-Source Home Bitcoin Miner from Bitcoin Mining Depot: verified used stock, crypto checkout, worldwide express delivery and hosting or repair support on request.	https://bitcoinminingdepot.net/products/nerdoctaxe-12th-home-miner	https://qdhcyorsmkzxhepdjugo.supabase.co/storage/v1/object/sign/product-images/ig/nerdoctaxe-12th-home-miner-1.jpg?token=eyJraWQiOiJzdG9yYWdlLXVybC1zaWduaW5nLWtleV82YzEzZTkyZS1iNGMzLTQ3OTgtODBhYS1hYzY2YjQxM2E1MzYiLCJhbGciOiJIUzI1NiJ9.eyJ1cmwiOiJwcm9kdWN0LWltYWdlcy9pZy9uZXJkb2N0YXhlLTEydGgtaG9tZS1taW5lci0xLmpwZyIsInNjb3BlIjoiZG93bmxvYWQiLCJpYXQiOjE3ODU2Mjg0MzMsImV4cCI6MjEwMDk4ODQzM30.El-UVfzARcIMmH3xJcs2-bCJKlld0xNC3YRHOAYAg-8	https://qdhcyorsmkzxhepdjugo.supabase.co/storage/v1/object/sign/product-images/ig/nerdoctaxe-12th-home-miner-2.jpg?token=eyJraWQiOiJzdG9yYWdlLXVybC1zaWduaW5nLWtleV82YzEzZTkyZS1iNGMzLTQ3OTgtODBhYS1hYzY2YjQxM2E1MzYiLCJhbGciOiJIUzI1NiJ9.eyJ1cmwiOiJwcm9kdWN0LWltYWdlcy9pZy9uZXJkb2N0YXhlLTEydGgtaG9tZS1taW5lci0yLmpwZyIsInNjb3BlIjoiZG93bmxvYWQiLCJpYXQiOjE3ODU2Mjg0MzQsImV4cCI6MjEwMDk4ODQzNH0.E0ipwJAqb59MR6Rk0T1xMH1FUPq0DsMEM5gUb6Osijg	in_stock	680.00 USD		used	NerdMiner	NERDOCTAXE-12TH-HOME-MINER	yes	5710	Bitcoin Mining Hardware > ASIC Miners	nerdminer-used	12 TH/s hashrate on SHA-256,220 W power draw,18.3 J/TH energy efficiency,Used unit, bench-tested before dispatch,Ships worldwide from Hong Kong by DHL / FedEx express,30-day functional warranty and in-house repair support,Cooling: Air-cooled,Voltage: 200-240V AC	US:::0.00 USD,CA:::0.00 USD,GB:::0.00 USD,IE:::0.00 USD,DE:::0.00 USD,FR:::0.00 USD,NL:::0.00 USD,BE:::0.00 USD,LU:::0.00 USD,AT:::0.00 USD,CH:::0.00 USD,IT:::0.00 USD,ES:::0.00 USD,PT:::0.00 USD,SE:::0.00 USD,NO:::0.00 USD,DK:::0.00 USD,FI:::0.00 USD,PL:::0.00 USD,CZ:::0.00 USD,SK:::0.00 USD,HU:::0.00 USD,RO:::0.00 USD,GR:::0.00 USD,TR:::0.00 USD,AU:::0.00 USD,NZ:::0.00 USD,JP:::0.00 USD,KR:::0.00 USD,SG:::0.00 USD,MY:::0.00 USD,TH:::0.00 USD,VN:::0.00 USD,PH:::0.00 USD,ID:::0.00 USD,IN:::0.00 USD,HK:::0.00 USD,TW:::0.00 USD,AE:::0.00 USD,SA:::0.00 USD,QA:::0.00 USD,KW:::0.00 USD,BH:::0.00 USD,OM:::0.00 USD,IL:::0.00 USD,ZA:::0.00 USD,NG:::0.00 USD,KE:::0.00 USD,EG:::0.00 USD,MA:::0.00 USD,BR:::0.00 USD,AR:::0.00 USD,CL:::0.00 USD,CO:::0.00 USD,MX:::0.00 USD,PE:::0.00 USD,UY:::0.00 USD,RU:::0.00 USD,UA:::0.00 USD,KZ:::0.00 USD,GE:::0.00 USD,PK:::0.00 USD,BD:::0.00 USD,LK:::0.00 USD,NP:::0.00 USD,CN:::0.00 USD	15 kg	used	SHA-256	500-1500	NerdMiner	Air-cooled
bitmain-antminer-l9-16-5gh	Bitmain Antminer L9 16.5 GH/s Litecoin & Dogecoin Miner	16.5 GH/s Scrypt miner at 0.2 J/MH and 3360 W. Used stock, bench-tested, 180-day warranty, worldwide shipping. Model: Antminer L9 16.5 GH/s Litecoin & Dogecoin Miner. Cooling: Air-cooled. Voltage: 200-240V AC. Hashrate: 16.5 GH/s. Included: Miner unit and PSU where applicable. Shipping: Worldwide, DDP available. Warranty: 180 days from shipping date. Algorithm: Scrypt — in stock at Bitcoin Mining Depot. The flagship Scrypt miner for merged LTC + DOGE mining, with 0.2 J/MH efficiency that obsoletes older L7 fleets. Every machine we ship is hash-tested on our bench, photographed and logged with its serial number before it leaves our Edmonton facility, so you know exactly what arrives at your door. Performance and specifications: this Bitmain miner runs the Scrypt algorithm at 16.5 GH/s while drawing about 3360 W at the wall, giving a rated efficiency of 0.2 J/MH. Efficiency is the number that decides whether a miner stays profitable through a difficulty increase or a bear market, so compare 0.2 J/MH against your electricity cost before you buy. At roughly $0.05/kWh this machine remains cash-flow positive across a wide hashprice range; above $0.10/kWh you should model your break-even carefully or consider our hosting programme. Infrastructure… Buy the Bitmain Antminer L9 16.5 GH/s Litecoin & Dogecoin Miner from Bitcoin Mining Depot: verified used stock, crypto checkout, worldwide express delivery and hosting or repair support on request.	https://bitcoinminingdepot.net/products/bitmain-antminer-l9-16-5gh	https://qdhcyorsmkzxhepdjugo.supabase.co/storage/v1/object/sign/product-images/ig/bitmain-antminer-l9-16-5gh-1.jpg?token=eyJraWQiOiJzdG9yYWdlLXVybC1zaWduaW5nLWtleV82YzEzZTkyZS1iNGMzLTQ3OTgtODBhYS1hYzY2YjQxM2E1MzYiLCJhbGciOiJIUzI1NiJ9.eyJ1cmwiOiJwcm9kdWN0LWltYWdlcy9pZy9iaXRtYWluLWFudG1pbmVyLWw5LTE2LTVnaC0xLmpwZyIsInNjb3BlIjoiZG93bmxvYWQiLCJpYXQiOjE3ODU2Mjg0MzUsImV4cCI6MjEwMDk4ODQzNX0.zXatm0QAVPMadhxWRobHLNkS6Tt0gfKuINRvRkK-cOI		in_stock	8900.00 USD		used	Bitmain	BITMAIN-ANTMINER-L9-16-5GH	yes	5710	Bitcoin Mining Hardware > ASIC Miners	bitmain-used	16.5 GH/s hashrate on Scrypt,3360 W power draw,0.2 J/MH energy efficiency,Used unit, bench-tested before dispatch,Ships worldwide from Hong Kong by DHL / FedEx express,30-day functional warranty and in-house repair support,Cooling: Air-cooled,Voltage: 200-240V AC	US:::0.00 USD,CA:::0.00 USD,GB:::0.00 USD,IE:::0.00 USD,DE:::0.00 USD,FR:::0.00 USD,NL:::0.00 USD,BE:::0.00 USD,LU:::0.00 USD,AT:::0.00 USD,CH:::0.00 USD,IT:::0.00 USD,ES:::0.00 USD,PT:::0.00 USD,SE:::0.00 USD,NO:::0.00 USD,DK:::0.00 USD,FI:::0.00 USD,PL:::0.00 USD,CZ:::0.00 USD,SK:::0.00 USD,HU:::0.00 USD,RO:::0.00 USD,GR:::0.00 USD,TR:::0.00 USD,AU:::0.00 USD,NZ:::0.00 USD,JP:::0.00 USD,KR:::0.00 USD,SG:::0.00 USD,MY:::0.00 USD,TH:::0.00 USD,VN:::0.00 USD,PH:::0.00 USD,ID:::0.00 USD,IN:::0.00 USD,HK:::0.00 USD,TW:::0.00 USD,AE:::0.00 USD,SA:::0.00 USD,QA:::0.00 USD,KW:::0.00 USD,BH:::0.00 USD,OM:::0.00 USD,IL:::0.00 USD,ZA:::0.00 USD,NG:::0.00 USD,KE:::0.00 USD,EG:::0.00 USD,MA:::0.00 USD,BR:::0.00 USD,AR:::0.00 USD,CL:::0.00 USD,CO:::0.00 USD,MX:::0.00 USD,PE:::0.00 USD,UY:::0.00 USD,RU:::0.00 USD,UA:::0.00 USD,KZ:::0.00 USD,GE:::0.00 USD,PK:::0.00 USD,BD:::0.00 USD,LK:::0.00 USD,NP:::0.00 USD,CN:::0.00 USD	15 kg	used	Scrypt	4000-10000	Bitmain	Air-cooled
bitmain-antminer-s21-xp-270th	Bitmain Antminer S21 XP 270 TH/s Bitcoin Miner	270 TH/s SHA-256 miner at 13.5 J/TH and 3645 W. Used stock, bench-tested, 180-day warranty, worldwide shipping. Model: Antminer S21 XP 270 TH/s. Cooling: Air-cooled. Voltage: 200-240V AC. Hashrate: 270 TH/s. Included: Miner unit and PSU where applicable. Shipping: Worldwide, DDP available. Warranty: 180 days from shipping date. Algorithm: SHA-256 — in stock at Bitcoin Mining Depot. The most efficient air-cooled Antminer ever shipped: 270 TH/s at 13.5 J/TH for premium industrial hosting slots. Every machine we ship is hash-tested on our bench, photographed and logged with its serial number before it leaves our Edmonton facility, so you know exactly what arrives at your door. Performance and specifications: this Bitmain miner runs the SHA-256 algorithm at 270 TH/s while drawing about 3645 W at the wall, giving a rated efficiency of 13.5 J/TH. Efficiency is the number that decides whether a miner stays profitable through a difficulty increase or a bear market, so compare 13.5 J/TH against your electricity cost before you buy. At roughly $0.05/kWh this machine remains cash-flow positive across a wide hashprice range; above $0.10/kWh you should model your break-even carefully or consider our hosting programme. Infrastructure… Buy the Bitmain Antminer S21 XP 270 TH/s Bitcoin Miner from Bitcoin Mining Depot: verified used stock, crypto checkout, worldwide express delivery and hosting or repair support on request.	https://bitcoinminingdepot.net/products/bitmain-antminer-s21-xp-270th	https://qdhcyorsmkzxhepdjugo.supabase.co/storage/v1/object/sign/product-images/ig/bitmain-antminer-s21-xp-270th-1.jpg?token=eyJraWQiOiJzdG9yYWdlLXVybC1zaWduaW5nLWtleV82YzEzZTkyZS1iNGMzLTQ3OTgtODBhYS1hYzY2YjQxM2E1MzYiLCJhbGciOiJIUzI1NiJ9.eyJ1cmwiOiJwcm9kdWN0LWltYWdlcy9pZy9iaXRtYWluLWFudG1pbmVyLXMyMS14cC0yNzB0aC0xLmpwZyIsInNjb3BlIjoiZG93bmxvYWQiLCJpYXQiOjE3ODU2Mjg0MzUsImV4cCI6MjEwMDk4ODQzNX0.AMcKY2yzzcrEhJHIDovc1Sw4wMVn_Jk9-DIKIOyyIr0	https://qdhcyorsmkzxhepdjugo.supabase.co/storage/v1/object/sign/product-images/ig/bitmain-antminer-s21-xp-270th-2.jpg?token=eyJraWQiOiJzdG9yYWdlLXVybC1zaWduaW5nLWtleV82YzEzZTkyZS1iNGMzLTQ3OTgtODBhYS1hYzY2YjQxM2E1MzYiLCJhbGciOiJIUzI1NiJ9.eyJ1cmwiOiJwcm9kdWN0LWltYWdlcy9pZy9iaXRtYWluLWFudG1pbmVyLXMyMS14cC0yNzB0aC0yLmpwZyIsInNjb3BlIjoiZG93bmxvYWQiLCJpYXQiOjE3ODU2Mjg0MzUsImV4cCI6MjEwMDk4ODQzNX0.K7ym39wNtltPx9yruF1sosczAMKvLr5KfEdeTdbtemg	in_stock	5900.00 USD		used	Bitmain	BITMAIN-ANTMINER-S21-XP-270TH	yes	5710	Bitcoin Mining Hardware > Bitcoin Mining Machines	bitmain-used	270 TH/s hashrate on SHA-256,3645 W power draw,13.5 J/TH energy efficiency,Used unit, bench-tested before dispatch,Ships worldwide from Hong Kong by DHL / FedEx express,30-day functional warranty and in-house repair support,Cooling: Air-cooled,Voltage: 200-240V AC	US:::0.00 USD,CA:::0.00 USD,GB:::0.00 USD,IE:::0.00 USD,DE:::0.00 USD,FR:::0.00 USD,NL:::0.00 USD,BE:::0.00 USD,LU:::0.00 USD,AT:::0.00 USD,CH:::0.00 USD,IT:::0.00 USD,ES:::0.00 USD,PT:::0.00 USD,SE:::0.00 USD,NO:::0.00 USD,DK:::0.00 USD,FI:::0.00 USD,PL:::0.00 USD,CZ:::0.00 USD,SK:::0.00 USD,HU:::0.00 USD,RO:::0.00 USD,GR:::0.00 USD,TR:::0.00 USD,AU:::0.00 USD,NZ:::0.00 USD,JP:::0.00 USD,KR:::0.00 USD,SG:::0.00 USD,MY:::0.00 USD,TH:::0.00 USD,VN:::0.00 USD,PH:::0.00 USD,ID:::0.00 USD,IN:::0.00 USD,HK:::0.00 USD,TW:::0.00 USD,AE:::0.00 USD,SA:::0.00 USD,QA:::0.00 USD,KW:::0.00 USD,BH:::0.00 USD,OM:::0.00 USD,IL:::0.00 USD,ZA:::0.00 USD,NG:::0.00 USD,KE:::0.00 USD,EG:::0.00 USD,MA:::0.00 USD,BR:::0.00 USD,AR:::0.00 USD,CL:::0.00 USD,CO:::0.00 USD,MX:::0.00 USD,PE:::0.00 USD,UY:::0.00 USD,RU:::0.00 USD,UA:::0.00 USD,KZ:::0.00 USD,GE:::0.00 USD,PK:::0.00 USD,BD:::0.00 USD,LK:::0.00 USD,NP:::0.00 USD,CN:::0.00 USD	15 kg	used	SHA-256	4000-10000	Bitmain	Air-cooled
pinecone-inibox-850mh	Pinecone Matches INIBOX 850 MH/s InitVerse (INI) Miner	850 MH/s InitVerse miner at 0.56 J/MH and 480 W. Used stock, bench-tested, 180-day warranty, worldwide shipping. Model: Matches INIBOX 850 MH/s InitVerse (INI) Miner. Cooling: Air-cooled. Voltage: 200-240V AC. Hashrate: 850 MH/s. Included: Miner unit and PSU where applicable. Shipping: Worldwide, DDP available. Warranty: 180 days from shipping date. Algorithm: InitVerse — in stock at Bitcoin Mining Depot. Quiet, plug-and-play INIBOX for home InitVerse mining on a normal household circuit. Every machine we ship is hash-tested on our bench, photographed and logged with its serial number before it leaves our Edmonton facility, so you know exactly what arrives at your door. Performance and specifications: this Pinecone miner runs the InitVerse algorithm at 850 MH/s while drawing about 480 W at the wall, giving a rated efficiency of 0.56 J/MH. Efficiency is the number that decides whether a miner stays profitable through a difficulty increase or a bear market, so compare 0.56 J/MH against your electricity cost before you buy. At roughly $0.05/kWh this machine remains cash-flow positive across a wide hashprice range; above $0.10/kWh you should model your break-even carefully or consider our hosting programme. Infrastructure requirements: The unit is… Buy the Pinecone Matches INIBOX 850 MH/s InitVerse (INI) Miner from Bitcoin Mining Depot: verified used stock, crypto checkout, worldwide express delivery and hosting or repair support on request.	https://bitcoinminingdepot.net/products/pinecone-inibox-850mh	https://qdhcyorsmkzxhepdjugo.supabase.co/storage/v1/object/sign/product-images/ig/pinecone-inibox-850mh-1.jpg?token=eyJraWQiOiJzdG9yYWdlLXVybC1zaWduaW5nLWtleV82YzEzZTkyZS1iNGMzLTQ3OTgtODBhYS1hYzY2YjQxM2E1MzYiLCJhbGciOiJIUzI1NiJ9.eyJ1cmwiOiJwcm9kdWN0LWltYWdlcy9pZy9waW5lY29uZS1pbmlib3gtODUwbWgtMS5qcGciLCJzY29wZSI6ImRvd25sb2FkIiwiaWF0IjoxNzg1NjI4NDM1LCJleHAiOjIxMDA5ODg0MzV9.ICCLTumLq0NN-w51YkcxFjZPEgP0bnUkoTZPdjbcr7M	https://qdhcyorsmkzxhepdjugo.supabase.co/storage/v1/object/sign/product-images/ig/pinecone-inibox-850mh-2.jpg?token=eyJraWQiOiJzdG9yYWdlLXVybC1zaWduaW5nLWtleV82YzEzZTkyZS1iNGMzLTQ3OTgtODBhYS1hYzY2YjQxM2E1MzYiLCJhbGciOiJIUzI1NiJ9.eyJ1cmwiOiJwcm9kdWN0LWltYWdlcy9pZy9waW5lY29uZS1pbmlib3gtODUwbWgtMi5qcGciLCJzY29wZSI6ImRvd25sb2FkIiwiaWF0IjoxNzg1NjI4NDM1LCJleHAiOjIxMDA5ODg0MzV9.zjOueij0DTm4CN_XOJldQmD0g9bT06PxNbcrUOZxGhs	in_stock	690.00 USD		used	Pinecone	PINECONE-INIBOX-850MH	yes	5710	Bitcoin Mining Hardware > ASIC Miners	pinecone-used	850 MH/s hashrate on InitVerse,480 W power draw,0.56 J/MH energy efficiency,Used unit, bench-tested before dispatch,Ships worldwide from Hong Kong by DHL / FedEx express,30-day functional warranty and in-house repair support,Cooling: Air-cooled,Voltage: 200-240V AC	US:::0.00 USD,CA:::0.00 USD,GB:::0.00 USD,IE:::0.00 USD,DE:::0.00 USD,FR:::0.00 USD,NL:::0.00 USD,BE:::0.00 USD,LU:::0.00 USD,AT:::0.00 USD,CH:::0.00 USD,IT:::0.00 USD,ES:::0.00 USD,PT:::0.00 USD,SE:::0.00 USD,NO:::0.00 USD,DK:::0.00 USD,FI:::0.00 USD,PL:::0.00 USD,CZ:::0.00 USD,SK:::0.00 USD,HU:::0.00 USD,RO:::0.00 USD,GR:::0.00 USD,TR:::0.00 USD,AU:::0.00 USD,NZ:::0.00 USD,JP:::0.00 USD,KR:::0.00 USD,SG:::0.00 USD,MY:::0.00 USD,TH:::0.00 USD,VN:::0.00 USD,PH:::0.00 USD,ID:::0.00 USD,IN:::0.00 USD,HK:::0.00 USD,TW:::0.00 USD,AE:::0.00 USD,SA:::0.00 USD,QA:::0.00 USD,KW:::0.00 USD,BH:::0.00 USD,OM:::0.00 USD,IL:::0.00 USD,ZA:::0.00 USD,NG:::0.00 USD,KE:::0.00 USD,EG:::0.00 USD,MA:::0.00 USD,BR:::0.00 USD,AR:::0.00 USD,CL:::0.00 USD,CO:::0.00 USD,MX:::0.00 USD,PE:::0.00 USD,UY:::0.00 USD,RU:::0.00 USD,UA:::0.00 USD,KZ:::0.00 USD,GE:::0.00 USD,PK:::0.00 USD,BD:::0.00 USD,LK:::0.00 USD,NP:::0.00 USD,CN:::0.00 USD	15 kg	used	InitVerse	500-1500	Pinecone	Air-cooled
bitmain-antminer-t21-190th	Bitmain Antminer T21 190 TH/s Bitcoin Miner	190 TH/s SHA-256 miner at 19 J/TH and 3610 W. Used stock, bench-tested, 180-day warranty, worldwide shipping. Model: Antminer T21 190 TH/s. Cooling: Air-cooled. Voltage: 200-240V AC. Hashrate: 190 TH/s. Included: Miner unit and PSU where applicable. Shipping: Worldwide, DDP available. Warranty: 180 days from shipping date. Algorithm: SHA-256 — in stock at Bitcoin Mining Depot. T21 pairs S21-generation chips with a lower purchase price, making it the value pick for 19 J/TH air-cooled hashrate. Every machine we ship is hash-tested on our bench, photographed and logged with its serial number before it leaves our Edmonton facility, so you know exactly what arrives at your door. Performance and specifications: this Bitmain miner runs the SHA-256 algorithm at 190 TH/s while drawing about 3610 W at the wall, giving a rated efficiency of 19 J/TH. Efficiency is the number that decides whether a miner stays profitable through a difficulty increase or a bear market, so compare 19 J/TH against your electricity cost before you buy. At roughly $0.05/kWh this machine remains cash-flow positive across a wide hashprice range; above $0.10/kWh you should model your break-even carefully or consider our hosting programme. Infrastructure… Buy the Bitmain Antminer T21 190 TH/s Bitcoin Miner from Bitcoin Mining Depot: verified used stock, crypto checkout, worldwide express delivery and hosting or repair support on request.	https://bitcoinminingdepot.net/products/bitmain-antminer-t21-190th	https://qdhcyorsmkzxhepdjugo.supabase.co/storage/v1/object/sign/product-images/ig/bitmain-antminer-t21-190th-1.jpg?token=eyJraWQiOiJzdG9yYWdlLXVybC1zaWduaW5nLWtleV82YzEzZTkyZS1iNGMzLTQ3OTgtODBhYS1hYzY2YjQxM2E1MzYiLCJhbGciOiJIUzI1NiJ9.eyJ1cmwiOiJwcm9kdWN0LWltYWdlcy9pZy9iaXRtYWluLWFudG1pbmVyLXQyMS0xOTB0aC0xLmpwZyIsInNjb3BlIjoiZG93bmxvYWQiLCJpYXQiOjE3ODU2Mjg0MzUsImV4cCI6MjEwMDk4ODQzNX0.q-sH4FvYMycNP_NdSjhyFxCZvMCHA5SmvwGB5ZDi5Fs	https://qdhcyorsmkzxhepdjugo.supabase.co/storage/v1/object/sign/product-images/ig/bitmain-antminer-t21-190th-2.jpg?token=eyJraWQiOiJzdG9yYWdlLXVybC1zaWduaW5nLWtleV82YzEzZTkyZS1iNGMzLTQ3OTgtODBhYS1hYzY2YjQxM2E1MzYiLCJhbGciOiJIUzI1NiJ9.eyJ1cmwiOiJwcm9kdWN0LWltYWdlcy9pZy9iaXRtYWluLWFudG1pbmVyLXQyMS0xOTB0aC0yLmpwZyIsInNjb3BlIjoiZG93bmxvYWQiLCJpYXQiOjE3ODU2Mjg0MzYsImV4cCI6MjEwMDk4ODQzNn0.7T5vy2cnzwbpvlfPQfQJ_ZZwUKV_C5rr2jqN9Gsev_s	in_stock	2650.00 USD		used	Bitmain	BITMAIN-ANTMINER-T21-190TH	yes	5710	Bitcoin Mining Hardware > Bitcoin Mining Machines	bitmain-used	190 TH/s hashrate on SHA-256,3610 W power draw,19 J/TH energy efficiency,Used unit, bench-tested before dispatch,Ships worldwide from Hong Kong by DHL / FedEx express,30-day functional warranty and in-house repair support,Cooling: Air-cooled,Voltage: 200-240V AC	US:::0.00 USD,CA:::0.00 USD,GB:::0.00 USD,IE:::0.00 USD,DE:::0.00 USD,FR:::0.00 USD,NL:::0.00 USD,BE:::0.00 USD,LU:::0.00 USD,AT:::0.00 USD,CH:::0.00 USD,IT:::0.00 USD,ES:::0.00 USD,PT:::0.00 USD,SE:::0.00 USD,NO:::0.00 USD,DK:::0.00 USD,FI:::0.00 USD,PL:::0.00 USD,CZ:::0.00 USD,SK:::0.00 USD,HU:::0.00 USD,RO:::0.00 USD,GR:::0.00 USD,TR:::0.00 USD,AU:::0.00 USD,NZ:::0.00 USD,JP:::0.00 USD,KR:::0.00 USD,SG:::0.00 USD,MY:::0.00 USD,TH:::0.00 USD,VN:::0.00 USD,PH:::0.00 USD,ID:::0.00 USD,IN:::0.00 USD,HK:::0.00 USD,TW:::0.00 USD,AE:::0.00 USD,SA:::0.00 USD,QA:::0.00 USD,KW:::0.00 USD,BH:::0.00 USD,OM:::0.00 USD,IL:::0.00 USD,ZA:::0.00 USD,NG:::0.00 USD,KE:::0.00 USD,EG:::0.00 USD,MA:::0.00 USD,BR:::0.00 USD,AR:::0.00 USD,CL:::0.00 USD,CO:::0.00 USD,MX:::0.00 USD,PE:::0.00 USD,UY:::0.00 USD,RU:::0.00 USD,UA:::0.00 USD,KZ:::0.00 USD,GE:::0.00 USD,PK:::0.00 USD,BD:::0.00 USD,LK:::0.00 USD,NP:::0.00 USD,CN:::0.00 USD	15 kg	used	SHA-256	1500-4000	Bitmain	Air-cooled
goldshell-ae-max-alephium-miner	Goldshell AE MAX 24 TH/s Alephium (ALPH) Miner	24 TH/s Blake3 miner at 137 J/TH and 3300 W. Used stock, bench-tested, 180-day warranty, worldwide shipping. Model: AE MAX 24 TH/s Alephium (ALPH) Miner. Cooling: Air-cooled. Voltage: 200-240V AC. Hashrate: 24 TH/s. Included: Miner unit and PSU where applicable. Shipping: Worldwide, DDP available. Warranty: 180 days from shipping date. Algorithm: Blake3 — in stock at Bitcoin Mining Depot. Purpose-built Blake3 ASIC for Alephium mining, the highest-hashrate ALPH machine available for farms diversifying beyond bitcoin. Every machine we ship is hash-tested on our bench, photographed and logged with its serial number before it leaves our Edmonton facility, so you know exactly what arrives at your door. Performance and specifications: this Goldshell miner runs the Blake3 algorithm at 24 TH/s while drawing about 3300 W at the wall, giving a rated efficiency of 137 J/TH. Efficiency is the number that decides whether a miner stays profitable through a difficulty increase or a bear market, so compare 137 J/TH against your electricity cost before you buy. At roughly $0.05/kWh this machine remains cash-flow positive across a wide hashprice range; above $0.10/kWh you should model your break-even carefully or consider our hosting programme.… Buy the Goldshell AE MAX 24 TH/s Alephium (ALPH) Miner from Bitcoin Mining Depot: verified used stock, crypto checkout, worldwide express delivery and hosting or repair support on request.	https://bitcoinminingdepot.net/products/goldshell-ae-max-alephium-miner	https://qdhcyorsmkzxhepdjugo.supabase.co/storage/v1/object/sign/product-images/ig/goldshell-ae-max-alephium-miner-1.jpg?token=eyJraWQiOiJzdG9yYWdlLXVybC1zaWduaW5nLWtleV82YzEzZTkyZS1iNGMzLTQ3OTgtODBhYS1hYzY2YjQxM2E1MzYiLCJhbGciOiJIUzI1NiJ9.eyJ1cmwiOiJwcm9kdWN0LWltYWdlcy9pZy9nb2xkc2hlbGwtYWUtbWF4LWFsZXBoaXVtLW1pbmVyLTEuanBnIiwic2NvcGUiOiJkb3dubG9hZCIsImlhdCI6MTc4NTYyODQzNiwiZXhwIjoyMTAwOTg4NDM2fQ.HsWgOu1UwnNyu2Bs0J4s-J5IqhfQrswNI261cXM8mcc	https://qdhcyorsmkzxhepdjugo.supabase.co/storage/v1/object/sign/product-images/ig/goldshell-ae-max-alephium-miner-2.jpg?token=eyJraWQiOiJzdG9yYWdlLXVybC1zaWduaW5nLWtleV82YzEzZTkyZS1iNGMzLTQ3OTgtODBhYS1hYzY2YjQxM2E1MzYiLCJhbGciOiJIUzI1NiJ9.eyJ1cmwiOiJwcm9kdWN0LWltYWdlcy9pZy9nb2xkc2hlbGwtYWUtbWF4LWFsZXBoaXVtLW1pbmVyLTIuanBnIiwic2NvcGUiOiJkb3dubG9hZCIsImlhdCI6MTc4NTYyODQzNiwiZXhwIjoyMTAwOTg4NDM2fQ.0i8aZfZFCTP91_wsLW_bzDGE2ptdTl5sZGfqURGsRNY	in_stock	2400.00 USD		used	Goldshell	GOLDSHELL-AE-MAX-ALEPHIUM-MINER	yes	5710	Bitcoin Mining Hardware > ASIC Miners	goldshell-used	24 TH/s hashrate on Blake3,3300 W power draw,137 J/TH energy efficiency,Used unit, bench-tested before dispatch,Ships worldwide from Hong Kong by DHL / FedEx express,30-day functional warranty and in-house repair support,Cooling: Air-cooled,Voltage: 200-240V AC	US:::0.00 USD,CA:::0.00 USD,GB:::0.00 USD,IE:::0.00 USD,DE:::0.00 USD,FR:::0.00 USD,NL:::0.00 USD,BE:::0.00 USD,LU:::0.00 USD,AT:::0.00 USD,CH:::0.00 USD,IT:::0.00 USD,ES:::0.00 USD,PT:::0.00 USD,SE:::0.00 USD,NO:::0.00 USD,DK:::0.00 USD,FI:::0.00 USD,PL:::0.00 USD,CZ:::0.00 USD,SK:::0.00 USD,HU:::0.00 USD,RO:::0.00 USD,GR:::0.00 USD,TR:::0.00 USD,AU:::0.00 USD,NZ:::0.00 USD,JP:::0.00 USD,KR:::0.00 USD,SG:::0.00 USD,MY:::0.00 USD,TH:::0.00 USD,VN:::0.00 USD,PH:::0.00 USD,ID:::0.00 USD,IN:::0.00 USD,HK:::0.00 USD,TW:::0.00 USD,AE:::0.00 USD,SA:::0.00 USD,QA:::0.00 USD,KW:::0.00 USD,BH:::0.00 USD,OM:::0.00 USD,IL:::0.00 USD,ZA:::0.00 USD,NG:::0.00 USD,KE:::0.00 USD,EG:::0.00 USD,MA:::0.00 USD,BR:::0.00 USD,AR:::0.00 USD,CL:::0.00 USD,CO:::0.00 USD,MX:::0.00 USD,PE:::0.00 USD,UY:::0.00 USD,RU:::0.00 USD,UA:::0.00 USD,KZ:::0.00 USD,GE:::0.00 USD,PK:::0.00 USD,BD:::0.00 USD,LK:::0.00 USD,NP:::0.00 USD,CN:::0.00 USD	15 kg	used	Blake3	1500-4000	Goldshell	Air-cooled
bitmain-antminer-s21-plus-235th	Bitmain Antminer S21+ 235 TH/s Bitcoin Miner	235 TH/s SHA-256 miner at 16.5 J/TH and 3878 W. Used stock, bench-tested, 180-day warranty, worldwide shipping. Model: Antminer S21+ 235 TH/s. Cooling: Air-cooled. Voltage: 200-240V AC. Hashrate: 235 TH/s. Included: Miner unit and PSU where applicable. Shipping: Worldwide, DDP available. Warranty: 180 days from shipping date. Algorithm: SHA-256 — in stock at Bitcoin Mining Depot. S21+ raises air-cooled output to 235 TH/s at 16.5 J/TH, an easy upgrade path from S19-class fleets on the same power budget. Every machine we ship is hash-tested on our bench, photographed and logged with its serial number before it leaves our Edmonton facility, so you know exactly what arrives at your door. Performance and specifications: this Bitmain miner runs the SHA-256 algorithm at 235 TH/s while drawing about 3878 W at the wall, giving a rated efficiency of 16.5 J/TH. Efficiency is the number that decides whether a miner stays profitable through a difficulty increase or a bear market, so compare 16.5 J/TH against your electricity cost before you buy. At roughly $0.05/kWh this machine remains cash-flow positive across a wide hashprice range; above $0.10/kWh you should model your break-even carefully or consider our hosting programme.… Buy the Bitmain Antminer S21+ 235 TH/s Bitcoin Miner from Bitcoin Mining Depot: verified used stock, crypto checkout, worldwide express delivery and hosting or repair support on request.	https://bitcoinminingdepot.net/products/bitmain-antminer-s21-plus-235th	https://qdhcyorsmkzxhepdjugo.supabase.co/storage/v1/object/sign/product-images/ig/bitmain-antminer-s21-plus-235th-1.jpg?token=eyJraWQiOiJzdG9yYWdlLXVybC1zaWduaW5nLWtleV82YzEzZTkyZS1iNGMzLTQ3OTgtODBhYS1hYzY2YjQxM2E1MzYiLCJhbGciOiJIUzI1NiJ9.eyJ1cmwiOiJwcm9kdWN0LWltYWdlcy9pZy9iaXRtYWluLWFudG1pbmVyLXMyMS1wbHVzLTIzNXRoLTEuanBnIiwic2NvcGUiOiJkb3dubG9hZCIsImlhdCI6MTc4NTYyODQzNiwiZXhwIjoyMTAwOTg4NDM2fQ.kkd6Xa4t3OLxTZ2jGf4wwwyYcZlpsDNqnprjhxEnCjM	https://qdhcyorsmkzxhepdjugo.supabase.co/storage/v1/object/sign/product-images/ig/bitmain-antminer-s21-plus-235th-2.jpg?token=eyJraWQiOiJzdG9yYWdlLXVybC1zaWduaW5nLWtleV82YzEzZTkyZS1iNGMzLTQ3OTgtODBhYS1hYzY2YjQxM2E1MzYiLCJhbGciOiJIUzI1NiJ9.eyJ1cmwiOiJwcm9kdWN0LWltYWdlcy9pZy9iaXRtYWluLWFudG1pbmVyLXMyMS1wbHVzLTIzNXRoLTIuanBnIiwic2NvcGUiOiJkb3dubG9hZCIsImlhdCI6MTc4NTYyODQzNiwiZXhwIjoyMTAwOTg4NDM2fQ.4ct0LfmrvqTwWPG0F9PuJk1mXiZP2iNML_vAJyyOYCE	in_stock	4200.00 USD		used	Bitmain	BITMAIN-ANTMINER-S21-PLUS-235TH	yes	5710	Bitcoin Mining Hardware > Bitcoin Mining Machines	bitmain-used	235 TH/s hashrate on SHA-256,3878 W power draw,16.5 J/TH energy efficiency,Used unit, bench-tested before dispatch,Ships worldwide from Hong Kong by DHL / FedEx express,30-day functional warranty and in-house repair support,Cooling: Air-cooled,Voltage: 200-240V AC	US:::0.00 USD,CA:::0.00 USD,GB:::0.00 USD,IE:::0.00 USD,DE:::0.00 USD,FR:::0.00 USD,NL:::0.00 USD,BE:::0.00 USD,LU:::0.00 USD,AT:::0.00 USD,CH:::0.00 USD,IT:::0.00 USD,ES:::0.00 USD,PT:::0.00 USD,SE:::0.00 USD,NO:::0.00 USD,DK:::0.00 USD,FI:::0.00 USD,PL:::0.00 USD,CZ:::0.00 USD,SK:::0.00 USD,HU:::0.00 USD,RO:::0.00 USD,GR:::0.00 USD,TR:::0.00 USD,AU:::0.00 USD,NZ:::0.00 USD,JP:::0.00 USD,KR:::0.00 USD,SG:::0.00 USD,MY:::0.00 USD,TH:::0.00 USD,VN:::0.00 USD,PH:::0.00 USD,ID:::0.00 USD,IN:::0.00 USD,HK:::0.00 USD,TW:::0.00 USD,AE:::0.00 USD,SA:::0.00 USD,QA:::0.00 USD,KW:::0.00 USD,BH:::0.00 USD,OM:::0.00 USD,IL:::0.00 USD,ZA:::0.00 USD,NG:::0.00 USD,KE:::0.00 USD,EG:::0.00 USD,MA:::0.00 USD,BR:::0.00 USD,AR:::0.00 USD,CL:::0.00 USD,CO:::0.00 USD,MX:::0.00 USD,PE:::0.00 USD,UY:::0.00 USD,RU:::0.00 USD,UA:::0.00 USD,KZ:::0.00 USD,GE:::0.00 USD,PK:::0.00 USD,BD:::0.00 USD,LK:::0.00 USD,NP:::0.00 USD,CN:::0.00 USD	15 kg	used	SHA-256	4000-10000	Bitmain	Air-cooled
bitmain-antminer-z15-420ksol	Bitmain Antminer Z15 420 kSol/s Zcash (ZEC) Miner	420 kSol/s Equihash miner at 3.6 W/kSol and 1510 W. Used stock, bench-tested, 180-day warranty, worldwide shipping. Model: Antminer Z15 420 kSol/s Zcash (ZEC) Miner. Cooling: Air-cooled. Voltage: 200-240V AC. Hashrate: 420 kSol/s. Included: Miner unit and PSU where applicable. Shipping: Worldwide, DDP available. Warranty: 180 days from shipping date. Algorithm: Equihash — in stock at Bitcoin Mining Depot. Equihash ASIC for Zcash, Horizen and other ZEC-family coins, still the accessible entry point into profitable Equihash mining. Every machine we ship is hash-tested on our bench, photographed and logged with its serial number before it leaves our Edmonton facility, so you know exactly what arrives at your door. Performance and specifications: this Bitmain miner runs the Equihash algorithm at 420 kSol/s while drawing about 1510 W at the wall, giving a rated efficiency of 3.6 W/kSol. Efficiency is the number that decides whether a miner stays profitable through a difficulty increase or a bear market, so compare 3.6 W/kSol against your electricity cost before you buy. At roughly $0.05/kWh this machine remains cash-flow positive across a wide hashprice range; above $0.10/kWh you should model your break-even carefully or consider our hosting programme.… Buy the Bitmain Antminer Z15 420 kSol/s Zcash (ZEC) Miner from Bitcoin Mining Depot: verified used stock, crypto checkout, worldwide express delivery and hosting or repair support on request.	https://bitcoinminingdepot.net/products/bitmain-antminer-z15-420ksol	https://qdhcyorsmkzxhepdjugo.supabase.co/storage/v1/object/sign/product-images/ig/bitmain-antminer-z15-420ksol-1.jpg?token=eyJraWQiOiJzdG9yYWdlLXVybC1zaWduaW5nLWtleV82YzEzZTkyZS1iNGMzLTQ3OTgtODBhYS1hYzY2YjQxM2E1MzYiLCJhbGciOiJIUzI1NiJ9.eyJ1cmwiOiJwcm9kdWN0LWltYWdlcy9pZy9iaXRtYWluLWFudG1pbmVyLXoxNS00MjBrc29sLTEuanBnIiwic2NvcGUiOiJkb3dubG9hZCIsImlhdCI6MTc4NTYyODQzNywiZXhwIjoyMTAwOTg4NDM3fQ.j6qZazWWe983cJdx_su6GY3en4k_V_02ZrasQizjXP0	https://qdhcyorsmkzxhepdjugo.supabase.co/storage/v1/object/sign/product-images/ig/bitmain-antminer-z15-420ksol-2.jpg?token=eyJraWQiOiJzdG9yYWdlLXVybC1zaWduaW5nLWtleV82YzEzZTkyZS1iNGMzLTQ3OTgtODBhYS1hYzY2YjQxM2E1MzYiLCJhbGciOiJIUzI1NiJ9.eyJ1cmwiOiJwcm9kdWN0LWltYWdlcy9pZy9iaXRtYWluLWFudG1pbmVyLXoxNS00MjBrc29sLTIuanBnIiwic2NvcGUiOiJkb3dubG9hZCIsImlhdCI6MTc4NTYyODQzNywiZXhwIjoyMTAwOTg4NDM3fQ.f0Cw8jsGVFKViBTeeou82Ozy_rwxUoeFL_72UVPIQaM	in_stock	1200.00 USD		used	Bitmain	BITMAIN-ANTMINER-Z15-420KSOL	yes	5710	Bitcoin Mining Hardware > ASIC Miners	bitmain-used	420 kSol/s hashrate on Equihash,1510 W power draw,3.6 W/kSol energy efficiency,Used unit, bench-tested before dispatch,Ships worldwide from Hong Kong by DHL / FedEx express,30-day functional warranty and in-house repair support,Cooling: Air-cooled,Voltage: 200-240V AC	US:::0.00 USD,CA:::0.00 USD,GB:::0.00 USD,IE:::0.00 USD,DE:::0.00 USD,FR:::0.00 USD,NL:::0.00 USD,BE:::0.00 USD,LU:::0.00 USD,AT:::0.00 USD,CH:::0.00 USD,IT:::0.00 USD,ES:::0.00 USD,PT:::0.00 USD,SE:::0.00 USD,NO:::0.00 USD,DK:::0.00 USD,FI:::0.00 USD,PL:::0.00 USD,CZ:::0.00 USD,SK:::0.00 USD,HU:::0.00 USD,RO:::0.00 USD,GR:::0.00 USD,TR:::0.00 USD,AU:::0.00 USD,NZ:::0.00 USD,JP:::0.00 USD,KR:::0.00 USD,SG:::0.00 USD,MY:::0.00 USD,TH:::0.00 USD,VN:::0.00 USD,PH:::0.00 USD,ID:::0.00 USD,IN:::0.00 USD,HK:::0.00 USD,TW:::0.00 USD,AE:::0.00 USD,SA:::0.00 USD,QA:::0.00 USD,KW:::0.00 USD,BH:::0.00 USD,OM:::0.00 USD,IL:::0.00 USD,ZA:::0.00 USD,NG:::0.00 USD,KE:::0.00 USD,EG:::0.00 USD,MA:::0.00 USD,BR:::0.00 USD,AR:::0.00 USD,CL:::0.00 USD,CO:::0.00 USD,MX:::0.00 USD,PE:::0.00 USD,UY:::0.00 USD,RU:::0.00 USD,UA:::0.00 USD,KZ:::0.00 USD,GE:::0.00 USD,PK:::0.00 USD,BD:::0.00 USD,LK:::0.00 USD,NP:::0.00 USD,CN:::0.00 USD	15 kg	used	Equihash	500-1500	Bitmain	Air-cooled
used-bitmain-antminer-s19k-pro-120th	Bitmain Used Bitmain Antminer S19k Pro 120 TH/s Bitcoin Miner	120 TH/s SHA-256 miner at 23 J/TH and 2760 W. Used stock, bench-tested, 180-day warranty, worldwide shipping. Model: Used Antminer S19k Pro 120 TH/s. Cooling: Air-cooled. Voltage: 200-240V AC. Hashrate: 120 TH/s. Included: Miner unit and PSU where applicable. Shipping: Worldwide, DDP available. Warranty: 180 days from shipping date. Algorithm: SHA-256 — in stock at Bitcoin Mining Depot. One of the most popular entry-level industrial miners, tested at full hashrate and covered by a 180-day warranty. Every machine we ship is hash-tested on our bench, photographed and logged with its serial number before it leaves our Edmonton facility, so you know exactly what arrives at your door. Performance and specifications: this Bitmain miner runs the SHA-256 algorithm at 120 TH/s while drawing about 2760 W at the wall, giving a rated efficiency of 23 J/TH. Efficiency is the number that decides whether a miner stays profitable through a difficulty increase or a bear market, so compare 23 J/TH against your electricity cost before you buy. At roughly $0.05/kWh this machine remains cash-flow positive across a wide hashprice range; above $0.10/kWh you should model your break-even carefully or consider our hosting programme. Infrastructure… Buy the Used Bitmain Antminer S19k Pro 120 TH/s Bitcoin Miner from Bitcoin Mining Depot: verified used stock, crypto checkout, worldwide express delivery and hosting or repair support on request.	https://bitcoinminingdepot.net/products/used-bitmain-antminer-s19k-pro-120th	https://qdhcyorsmkzxhepdjugo.supabase.co/storage/v1/object/sign/product-images/ig/used-bitmain-antminer-s19k-pro-120th-1.jpg?token=eyJraWQiOiJzdG9yYWdlLXVybC1zaWduaW5nLWtleV82YzEzZTkyZS1iNGMzLTQ3OTgtODBhYS1hYzY2YjQxM2E1MzYiLCJhbGciOiJIUzI1NiJ9.eyJ1cmwiOiJwcm9kdWN0LWltYWdlcy9pZy91c2VkLWJpdG1haW4tYW50bWluZXItczE5ay1wcm8tMTIwdGgtMS5qcGciLCJzY29wZSI6ImRvd25sb2FkIiwiaWF0IjoxNzg1NjI4NDMyLCJleHAiOjIxMDA5ODg0MzJ9.NhxMDaCQp5Pcr_PnxrxN5w9rq-H5pNDPPMeCZfnMQLs	https://qdhcyorsmkzxhepdjugo.supabase.co/storage/v1/object/sign/product-images/ig/used-bitmain-antminer-s19k-pro-120th-2.jpg?token=eyJraWQiOiJzdG9yYWdlLXVybC1zaWduaW5nLWtleV82YzEzZTkyZS1iNGMzLTQ3OTgtODBhYS1hYzY2YjQxM2E1MzYiLCJhbGciOiJIUzI1NiJ9.eyJ1cmwiOiJwcm9kdWN0LWltYWdlcy9pZy91c2VkLWJpdG1haW4tYW50bWluZXItczE5ay1wcm8tMTIwdGgtMi5qcGciLCJzY29wZSI6ImRvd25sb2FkIiwiaWF0IjoxNzg1NjI4NDMyLCJleHAiOjIxMDA5ODg0MzJ9.R5MiCef-i3ml_mTncB72eX7hf38xmahm4raHxQIvP0A,https://qdhcyorsmkzxhepdjugo.supabase.co/storage/v1/object/sign/product-images/ig2-DRbXYzliNER-1.jpg?token=eyJraWQiOiJzdG9yYWdlLXVybC1zaWduaW5nLWtleV82YzEzZTkyZS1iNGMzLTQ3OTgtODBhYS1hYzY2YjQxM2E1MzYiLCJhbGciOiJIUzI1NiJ9.eyJ1cmwiOiJwcm9kdWN0LWltYWdlcy9pZzItRFJiWFl6bGlORVItMS5qcGciLCJzY29wZSI6ImRvd25sb2FkIiwiaWF0IjoxNzg1NjMwNzMyLCJleHAiOjIxMDA5OTA3MzJ9.M0ePpaMd-CHJLtw0SYOTG2XE9W2TTFVQ_IHG-M5QXLI,https://qdhcyorsmkzxhepdjugo.supabase.co/storage/v1/object/sign/product-images/ig2-DRbXYzliNER-2.jpg?token=eyJraWQiOiJzdG9yYWdlLXVybC1zaWduaW5nLWtleV82YzEzZTkyZS1iNGMzLTQ3OTgtODBhYS1hYzY2YjQxM2E1MzYiLCJhbGciOiJIUzI1NiJ9.eyJ1cmwiOiJwcm9kdWN0LWltYWdlcy9pZzItRFJiWFl6bGlORVItMi5qcGciLCJzY29wZSI6ImRvd25sb2FkIiwiaWF0IjoxNzg1NjMwNzMyLCJleHAiOjIxMDA5OTA3MzJ9.9ZmCPqYctTe5xEQs_R6UsDkcF-P3npbLiv_ebTmqAhs,https://qdhcyorsmkzxhepdjugo.supabase.co/storage/v1/object/sign/product-images/ig2-DQUMhdqjPsx-1.jpg?token=eyJraWQiOiJzdG9yYWdlLXVybC1zaWduaW5nLWtleV82YzEzZTkyZS1iNGMzLTQ3OTgtODBhYS1hYzY2YjQxM2E1MzYiLCJhbGciOiJIUzI1NiJ9.eyJ1cmwiOiJwcm9kdWN0LWltYWdlcy9pZzItRFFVTWhkcWpQc3gtMS5qcGciLCJzY29wZSI6ImRvd25sb2FkIiwiaWF0IjoxNzg1NjMwNzI5LCJleHAiOjIxMDA5OTA3Mjl9.GY663GhMeqWEMfpB01el8IAwxeTuzramuzywUZEWwEE,https://qdhcyorsmkzxhepdjugo.supabase.co/storage/v1/object/sign/product-images/ig2-DQUMhdqjPsx-2.jpg?token=eyJraWQiOiJzdG9yYWdlLXVybC1zaWduaW5nLWtleV82YzEzZTkyZS1iNGMzLTQ3OTgtODBhYS1hYzY2YjQxM2E1MzYiLCJhbGciOiJIUzI1NiJ9.eyJ1cmwiOiJwcm9kdWN0LWltYWdlcy9pZzItRFFVTWhkcWpQc3gtMi5qcGciLCJzY29wZSI6ImRvd25sb2FkIiwiaWF0IjoxNzg1NjMwNzMwLCJleHAiOjIxMDA5OTA3MzB9.VSEImDuuwHzLEb6dbRyRShW5o8FKtwqZBcUMyJ0trQg,https://qdhcyorsmkzxhepdjugo.supabase.co/storage/v1/object/sign/product-images/ig2-DOZqDwsD12E-1.jpg?token=eyJraWQiOiJzdG9yYWdlLXVybC1zaWduaW5nLWtleV82YzEzZTkyZS1iNGMzLTQ3OTgtODBhYS1hYzY2YjQxM2E1MzYiLCJhbGciOiJIUzI1NiJ9.eyJ1cmwiOiJwcm9kdWN0LWltYWdlcy9pZzItRE9acUR3c0QxMkUtMS5qcGciLCJzY29wZSI6ImRvd25sb2FkIiwiaWF0IjoxNzg1NjMwNzI3LCJleHAiOjIxMDA5OTA3Mjd9.HANQ6aJre1xirrILfcv4ZE8s1DLIUM0B0leUS2_mwmY,https://qdhcyorsmkzxhepdjugo.supabase.co/storage/v1/object/sign/product-images/ig2-DOZqDwsD12E-2.jpg?token=eyJraWQiOiJzdG9yYWdlLXVybC1zaWduaW5nLWtleV82YzEzZTkyZS1iNGMzLTQ3OTgtODBhYS1hYzY2YjQxM2E1MzYiLCJhbGciOiJIUzI1NiJ9.eyJ1cmwiOiJwcm9kdWN0LWltYWdlcy9pZzItRE9acUR3c0QxMkUtMi5qcGciLCJzY29wZSI6ImRvd25sb2FkIiwiaWF0IjoxNzg1NjMwNzI3LCJleHAiOjIxMDA5OTA3Mjd9.fJP342XRliTW_d37wbSH4JTMx-jZyaR21yovxDibmsM,https://qdhcyorsmkzxhepdjugo.supabase.co/storage/v1/object/sign/product-images/ig2-DKj2RwIP_Ea-1.jpg?token=eyJraWQiOiJzdG9yYWdlLXVybC1zaWduaW5nLWtleV82YzEzZTkyZS1iNGMzLTQ3OTgtODBhYS1hYzY2YjQxM2E1MzYiLCJhbGciOiJIUzI1NiJ9.eyJ1cmwiOiJwcm9kdWN0LWltYWdlcy9pZzItREtqMlJ3SVBfRWEtMS5qcGciLCJzY29wZSI6ImRvd25sb2FkIiwiaWF0IjoxNzg1NjMwNzIyLCJleHAiOjIxMDA5OTA3MjJ9._sRkcZ7e8il4LoCNYs9v_60dV2PAYkuHoJwJorP_H64,https://qdhcyorsmkzxhepdjugo.supabase.co/storage/v1/object/sign/product-images/ig2-DKj2RwIP_Ea-2.jpg?token=eyJraWQiOiJzdG9yYWdlLXVybC1zaWduaW5nLWtleV82YzEzZTkyZS1iNGMzLTQ3OTgtODBhYS1hYzY2YjQxM2E1MzYiLCJhbGciOiJIUzI1NiJ9.eyJ1cmwiOiJwcm9kdWN0LWltYWdlcy9pZzItREtqMlJ3SVBfRWEtMi5qcGciLCJzY29wZSI6ImRvd25sb2FkIiwiaWF0IjoxNzg1NjMwNzIyLCJleHAiOjIxMDA5OTA3MjJ9.DZYSZ3sXVNims7PvYyHLrj9w2JiDbbekQ18hAZVXkG4	in_stock	1150.00 USD		used	Bitmain	USED-BITMAIN-ANTMINER-S19K-PRO-120TH	yes	5710	Bitcoin Mining Hardware > Used & Refurbished Miners	bitmain-used	120 TH/s hashrate on SHA-256,2760 W power draw,23 J/TH energy efficiency,Used unit, bench-tested before dispatch,Ships worldwide from Hong Kong by DHL / FedEx express,30-day functional warranty and in-house repair support,Cooling: Air-cooled,Voltage: 200-240V AC	US:::0.00 USD,CA:::0.00 USD,GB:::0.00 USD,IE:::0.00 USD,DE:::0.00 USD,FR:::0.00 USD,NL:::0.00 USD,BE:::0.00 USD,LU:::0.00 USD,AT:::0.00 USD,CH:::0.00 USD,IT:::0.00 USD,ES:::0.00 USD,PT:::0.00 USD,SE:::0.00 USD,NO:::0.00 USD,DK:::0.00 USD,FI:::0.00 USD,PL:::0.00 USD,CZ:::0.00 USD,SK:::0.00 USD,HU:::0.00 USD,RO:::0.00 USD,GR:::0.00 USD,TR:::0.00 USD,AU:::0.00 USD,NZ:::0.00 USD,JP:::0.00 USD,KR:::0.00 USD,SG:::0.00 USD,MY:::0.00 USD,TH:::0.00 USD,VN:::0.00 USD,PH:::0.00 USD,ID:::0.00 USD,IN:::0.00 USD,HK:::0.00 USD,TW:::0.00 USD,AE:::0.00 USD,SA:::0.00 USD,QA:::0.00 USD,KW:::0.00 USD,BH:::0.00 USD,OM:::0.00 USD,IL:::0.00 USD,ZA:::0.00 USD,NG:::0.00 USD,KE:::0.00 USD,EG:::0.00 USD,MA:::0.00 USD,BR:::0.00 USD,AR:::0.00 USD,CL:::0.00 USD,CO:::0.00 USD,MX:::0.00 USD,PE:::0.00 USD,UY:::0.00 USD,RU:::0.00 USD,UA:::0.00 USD,KZ:::0.00 USD,GE:::0.00 USD,PK:::0.00 USD,BD:::0.00 USD,LK:::0.00 USD,NP:::0.00 USD,CN:::0.00 USD	15 kg	used	SHA-256	500-1500	Bitmain	Air-cooled
used-bitmain-antminer-s19-xp-141th	Bitmain Used Bitmain Antminer S19 XP 141 TH/s Bitcoin Miner	141 TH/s SHA-256 miner at 21.5 J/TH and 3010 W. Used stock, bench-tested, 180-day warranty, worldwide shipping. Model: Used Antminer S19 XP 141 TH/s. Cooling: Air-cooled. Voltage: 200-240V AC. Hashrate: 141 TH/s. Included: Miner unit and PSU where applicable. Shipping: Worldwide, DDP available. Warranty: 180 days from shipping date. Algorithm: SHA-256 — in stock at Bitcoin Mining Depot. Used S19 XP at 141 TH/s and 21.5 J/TH — the most efficient air-cooled S19-series model, tested and warrantied for 180 days. Every machine we ship is hash-tested on our bench, photographed and logged with its serial number before it leaves our Edmonton facility, so you know exactly what arrives at your door. Performance and specifications: this Bitmain miner runs the SHA-256 algorithm at 141 TH/s while drawing about 3010 W at the wall, giving a rated efficiency of 21.5 J/TH. Efficiency is the number that decides whether a miner stays profitable through a difficulty increase or a bear market, so compare 21.5 J/TH against your electricity cost before you buy. At roughly $0.05/kWh this machine remains cash-flow positive across a wide hashprice range; above $0.10/kWh you should model your break-even carefully or consider our hosting programme.… Buy the Used Bitmain Antminer S19 XP 141 TH/s Bitcoin Miner from Bitcoin Mining Depot: verified used stock, crypto checkout, worldwide express delivery and hosting or repair support on request.	https://bitcoinminingdepot.net/products/used-bitmain-antminer-s19-xp-141th	https://qdhcyorsmkzxhepdjugo.supabase.co/storage/v1/object/sign/product-images/ig/used-bitmain-antminer-s19-xp-141th-1.jpg?token=eyJraWQiOiJzdG9yYWdlLXVybC1zaWduaW5nLWtleV82YzEzZTkyZS1iNGMzLTQ3OTgtODBhYS1hYzY2YjQxM2E1MzYiLCJhbGciOiJIUzI1NiJ9.eyJ1cmwiOiJwcm9kdWN0LWltYWdlcy9pZy91c2VkLWJpdG1haW4tYW50bWluZXItczE5LXhwLTE0MXRoLTEuanBnIiwic2NvcGUiOiJkb3dubG9hZCIsImlhdCI6MTc4NTYyODQzNywiZXhwIjoyMTAwOTg4NDM3fQ.suTR0VRe5PAXtUzzCZ6dWdmwwPKsVRsUwp_W9v8misQ	https://qdhcyorsmkzxhepdjugo.supabase.co/storage/v1/object/sign/product-images/ig/used-bitmain-antminer-s19-xp-141th-2.jpg?token=eyJraWQiOiJzdG9yYWdlLXVybC1zaWduaW5nLWtleV82YzEzZTkyZS1iNGMzLTQ3OTgtODBhYS1hYzY2YjQxM2E1MzYiLCJhbGciOiJIUzI1NiJ9.eyJ1cmwiOiJwcm9kdWN0LWltYWdlcy9pZy91c2VkLWJpdG1haW4tYW50bWluZXItczE5LXhwLTE0MXRoLTIuanBnIiwic2NvcGUiOiJkb3dubG9hZCIsImlhdCI6MTc4NTYyODQzNywiZXhwIjoyMTAwOTg4NDM3fQ.qK5s6w-Jb_PPswCg8CGODmLSeTDS1M2iwvLwpXIn6bg,https://qdhcyorsmkzxhepdjugo.supabase.co/storage/v1/object/sign/product-images/ig2-DLr-p1joL8g-1.jpg?token=eyJraWQiOiJzdG9yYWdlLXVybC1zaWduaW5nLWtleV82YzEzZTkyZS1iNGMzLTQ3OTgtODBhYS1hYzY2YjQxM2E1MzYiLCJhbGciOiJIUzI1NiJ9.eyJ1cmwiOiJwcm9kdWN0LWltYWdlcy9pZzItRExyLXAxam9MOGctMS5qcGciLCJzY29wZSI6ImRvd25sb2FkIiwiaWF0IjoxNzg1NjMwNzI0LCJleHAiOjIxMDA5OTA3MjR9.9fnPah5O6moA9nTguIWDF8DyPzH57WN6ki5ZxO5-wZk,https://qdhcyorsmkzxhepdjugo.supabase.co/storage/v1/object/sign/product-images/ig2-DLr-p1joL8g-2.jpg?token=eyJraWQiOiJzdG9yYWdlLXVybC1zaWduaW5nLWtleV82YzEzZTkyZS1iNGMzLTQ3OTgtODBhYS1hYzY2YjQxM2E1MzYiLCJhbGciOiJIUzI1NiJ9.eyJ1cmwiOiJwcm9kdWN0LWltYWdlcy9pZzItRExyLXAxam9MOGctMi5qcGciLCJzY29wZSI6ImRvd25sb2FkIiwiaWF0IjoxNzg1NjMwNzI0LCJleHAiOjIxMDA5OTA3MjR9.T780gyrx5Uo4ys--mvH22Meo8R3He_1Pcu7SfM4c9XI	in_stock	1750.00 USD		used	Bitmain	USED-BITMAIN-ANTMINER-S19-XP-141TH	yes	5710	Bitcoin Mining Hardware > Used & Refurbished Miners	bitmain-used	141 TH/s hashrate on SHA-256,3010 W power draw,21.5 J/TH energy efficiency,Used unit, bench-tested before dispatch,Ships worldwide from Hong Kong by DHL / FedEx express,30-day functional warranty and in-house repair support,Cooling: Air-cooled,Voltage: 200-240V AC	US:::0.00 USD,CA:::0.00 USD,GB:::0.00 USD,IE:::0.00 USD,DE:::0.00 USD,FR:::0.00 USD,NL:::0.00 USD,BE:::0.00 USD,LU:::0.00 USD,AT:::0.00 USD,CH:::0.00 USD,IT:::0.00 USD,ES:::0.00 USD,PT:::0.00 USD,SE:::0.00 USD,NO:::0.00 USD,DK:::0.00 USD,FI:::0.00 USD,PL:::0.00 USD,CZ:::0.00 USD,SK:::0.00 USD,HU:::0.00 USD,RO:::0.00 USD,GR:::0.00 USD,TR:::0.00 USD,AU:::0.00 USD,NZ:::0.00 USD,JP:::0.00 USD,KR:::0.00 USD,SG:::0.00 USD,MY:::0.00 USD,TH:::0.00 USD,VN:::0.00 USD,PH:::0.00 USD,ID:::0.00 USD,IN:::0.00 USD,HK:::0.00 USD,TW:::0.00 USD,AE:::0.00 USD,SA:::0.00 USD,QA:::0.00 USD,KW:::0.00 USD,BH:::0.00 USD,OM:::0.00 USD,IL:::0.00 USD,ZA:::0.00 USD,NG:::0.00 USD,KE:::0.00 USD,EG:::0.00 USD,MA:::0.00 USD,BR:::0.00 USD,AR:::0.00 USD,CL:::0.00 USD,CO:::0.00 USD,MX:::0.00 USD,PE:::0.00 USD,UY:::0.00 USD,RU:::0.00 USD,UA:::0.00 USD,KZ:::0.00 USD,GE:::0.00 USD,PK:::0.00 USD,BD:::0.00 USD,LK:::0.00 USD,NP:::0.00 USD,CN:::0.00 USD	15 kg	used	SHA-256	1500-4000	Bitmain	Air-cooled
used-bitmain-antminer-s19e-xp-hyd-251th	Bitmain Used Bitmain Antminer S19e XP Hyd 251 TH/s Hydro Bitcoin Miner	251 TH/s SHA-256 miner at 21.3 J/TH and 5350 W. Used stock, bench-tested, 180-day warranty, worldwide shipping. Model: Used Antminer S19e XP Hyd 251 TH/s Hydro. Cooling: Hydro / water-cooled. Voltage: 200-240V AC. Hashrate: 251 TH/s. Included: Miner unit and PSU where applicable. Shipping: Worldwide, DDP available. Warranty: 180 days from shipping date. Algorithm: SHA-256 — in stock at Bitcoin Mining Depot. Liquid-cooled S19e XP Hyd units at optimal hashrate with a 180-day warranty — never repaired, never refurbished. Every machine we ship is hash-tested on our bench, photographed and logged with its serial number before it leaves our Edmonton facility, so you know exactly what arrives at your door. Performance and specifications: this Bitmain miner runs the SHA-256 algorithm at 251 TH/s while drawing about 5350 W at the wall, giving a rated efficiency of 21.3 J/TH. Efficiency is the number that decides whether a miner stays profitable through a difficulty increase or a bear market, so compare 21.3 J/TH against your electricity cost before you buy. At roughly $0.05/kWh this machine remains cash-flow positive across a wide hashprice range; above $0.10/kWh you should model your break-even carefully or consider our hosting programme. Infrastructure… Buy the Used Bitmain Antminer S19e XP Hyd 251 TH/s Hydro Bitcoin Miner from Bitcoin Mining Depot: verified used stock, crypto checkout, worldwide express delivery and hosting or repair support on request.	https://bitcoinminingdepot.net/products/used-bitmain-antminer-s19e-xp-hyd-251th	https://qdhcyorsmkzxhepdjugo.supabase.co/storage/v1/object/sign/product-images/ig/used-bitmain-antminer-s19e-xp-hyd-251th-1.jpg?token=eyJraWQiOiJzdG9yYWdlLXVybC1zaWduaW5nLWtleV82YzEzZTkyZS1iNGMzLTQ3OTgtODBhYS1hYzY2YjQxM2E1MzYiLCJhbGciOiJIUzI1NiJ9.eyJ1cmwiOiJwcm9kdWN0LWltYWdlcy9pZy91c2VkLWJpdG1haW4tYW50bWluZXItczE5ZS14cC1oeWQtMjUxdGgtMS5qcGciLCJzY29wZSI6ImRvd25sb2FkIiwiaWF0IjoxNzg1NjI4NDM2LCJleHAiOjIxMDA5ODg0MzZ9.mo_IPBo2A8qhLtRRwoT3IPNyPhR4ZDwnh0J-pd7DBnY	https://qdhcyorsmkzxhepdjugo.supabase.co/storage/v1/object/sign/product-images/ig/used-bitmain-antminer-s19e-xp-hyd-251th-2.jpg?token=eyJraWQiOiJzdG9yYWdlLXVybC1zaWduaW5nLWtleV82YzEzZTkyZS1iNGMzLTQ3OTgtODBhYS1hYzY2YjQxM2E1MzYiLCJhbGciOiJIUzI1NiJ9.eyJ1cmwiOiJwcm9kdWN0LWltYWdlcy9pZy91c2VkLWJpdG1haW4tYW50bWluZXItczE5ZS14cC1oeWQtMjUxdGgtMi5qcGciLCJzY29wZSI6ImRvd25sb2FkIiwiaWF0IjoxNzg1NjI4NDM2LCJleHAiOjIxMDA5ODg0MzZ9.5nhEYGlibFPgpzVNt_XVJwo4VCeXx7fkNLiTnJtIAg4,https://qdhcyorsmkzxhepdjugo.supabase.co/storage/v1/object/sign/product-images/ig2-DLcEAClPuQr-1.jpg?token=eyJraWQiOiJzdG9yYWdlLXVybC1zaWduaW5nLWtleV82YzEzZTkyZS1iNGMzLTQ3OTgtODBhYS1hYzY2YjQxM2E1MzYiLCJhbGciOiJIUzI1NiJ9.eyJ1cmwiOiJwcm9kdWN0LWltYWdlcy9pZzItRExjRUFDbFB1UXItMS5qcGciLCJzY29wZSI6ImRvd25sb2FkIiwiaWF0IjoxNzg1NjMwNzIzLCJleHAiOjIxMDA5OTA3MjN9.kSH7kbHy_GqIHjoEC9XvkZrQEwHG7mTebCTZ9tjXBxk,https://qdhcyorsmkzxhepdjugo.supabase.co/storage/v1/object/sign/product-images/ig2-DLcEAClPuQr-2.jpg?token=eyJraWQiOiJzdG9yYWdlLXVybC1zaWduaW5nLWtleV82YzEzZTkyZS1iNGMzLTQ3OTgtODBhYS1hYzY2YjQxM2E1MzYiLCJhbGciOiJIUzI1NiJ9.eyJ1cmwiOiJwcm9kdWN0LWltYWdlcy9pZzItRExjRUFDbFB1UXItMi5qcGciLCJzY29wZSI6ImRvd25sb2FkIiwiaWF0IjoxNzg1NjMwNzIzLCJleHAiOjIxMDA5OTA3MjN9.JI4_6js2IW0CReCH6QmyJfXd46y0l4XQXWVE8R8f7ts	in_stock	2900.00 USD		used	Bitmain	USED-BITMAIN-ANTMINER-S19E-XP-HYD-251TH	yes	5710	Bitcoin Mining Hardware > Used & Refurbished Miners	bitmain-used	251 TH/s hashrate on SHA-256,5350 W power draw,21.3 J/TH energy efficiency,Used unit, bench-tested before dispatch,Ships worldwide from Hong Kong by DHL / FedEx express,30-day functional warranty and in-house repair support,Cooling: Hydro / water-cooled,Voltage: 200-240V AC	US:::0.00 USD,CA:::0.00 USD,GB:::0.00 USD,IE:::0.00 USD,DE:::0.00 USD,FR:::0.00 USD,NL:::0.00 USD,BE:::0.00 USD,LU:::0.00 USD,AT:::0.00 USD,CH:::0.00 USD,IT:::0.00 USD,ES:::0.00 USD,PT:::0.00 USD,SE:::0.00 USD,NO:::0.00 USD,DK:::0.00 USD,FI:::0.00 USD,PL:::0.00 USD,CZ:::0.00 USD,SK:::0.00 USD,HU:::0.00 USD,RO:::0.00 USD,GR:::0.00 USD,TR:::0.00 USD,AU:::0.00 USD,NZ:::0.00 USD,JP:::0.00 USD,KR:::0.00 USD,SG:::0.00 USD,MY:::0.00 USD,TH:::0.00 USD,VN:::0.00 USD,PH:::0.00 USD,ID:::0.00 USD,IN:::0.00 USD,HK:::0.00 USD,TW:::0.00 USD,AE:::0.00 USD,SA:::0.00 USD,QA:::0.00 USD,KW:::0.00 USD,BH:::0.00 USD,OM:::0.00 USD,IL:::0.00 USD,ZA:::0.00 USD,NG:::0.00 USD,KE:::0.00 USD,EG:::0.00 USD,MA:::0.00 USD,BR:::0.00 USD,AR:::0.00 USD,CL:::0.00 USD,CO:::0.00 USD,MX:::0.00 USD,PE:::0.00 USD,UY:::0.00 USD,RU:::0.00 USD,UA:::0.00 USD,KZ:::0.00 USD,GE:::0.00 USD,PK:::0.00 USD,BD:::0.00 USD,LK:::0.00 USD,NP:::0.00 USD,CN:::0.00 USD	15 kg	used	SHA-256	1500-4000	Bitmain	Hydro / water-cooled
bitmain-antminer-s21-200th	Bitmain Antminer S21 200 TH/s Bitcoin Miner	200 TH/s SHA-256 miner at 17.5 J/TH and 3500 W. Used stock, bench-tested, 180-day warranty, worldwide shipping. Model: Antminer S21 200 TH/s. Cooling: Air-cooled. Voltage: 200-240V AC. Hashrate: 200 TH/s. Included: Miner unit and PSU where applicable. Shipping: Worldwide, DDP available. Warranty: 180 days from shipping date. Algorithm: SHA-256 — in stock at Bitcoin Mining Depot. The air-cooled S21 delivers 200 TH/s at 17.5 J/TH — the efficiency benchmark for modern air-cooled bitcoin mining. Every machine we ship is hash-tested on our bench, photographed and logged with its serial number before it leaves our Edmonton facility, so you know exactly what arrives at your door. Performance and specifications: this Bitmain miner runs the SHA-256 algorithm at 200 TH/s while drawing about 3500 W at the wall, giving a rated efficiency of 17.5 J/TH. Efficiency is the number that decides whether a miner stays profitable through a difficulty increase or a bear market, so compare 17.5 J/TH against your electricity cost before you buy. At roughly $0.05/kWh this machine remains cash-flow positive across a wide hashprice range; above $0.10/kWh you should model your break-even carefully or consider our hosting programme. Infrastructure… Buy the Bitmain Antminer S21 200 TH/s Bitcoin Miner from Bitcoin Mining Depot: verified used stock, crypto checkout, worldwide express delivery and hosting or repair support on request.	https://bitcoinminingdepot.net/products/bitmain-antminer-s21-200th	https://qdhcyorsmkzxhepdjugo.supabase.co/storage/v1/object/sign/product-images/ig/bitmain-antminer-s21-200th-1.jpg?token=eyJraWQiOiJzdG9yYWdlLXVybC1zaWduaW5nLWtleV82YzEzZTkyZS1iNGMzLTQ3OTgtODBhYS1hYzY2YjQxM2E1MzYiLCJhbGciOiJIUzI1NiJ9.eyJ1cmwiOiJwcm9kdWN0LWltYWdlcy9pZy9iaXRtYWluLWFudG1pbmVyLXMyMS0yMDB0aC0xLmpwZyIsInNjb3BlIjoiZG93bmxvYWQiLCJpYXQiOjE3ODU2Mjg0MzMsImV4cCI6MjEwMDk4ODQzM30.X0rwEY0mpOwM1ciJ3rw3p-CLJrUPfkX1ifxbXcsV3Qg	https://qdhcyorsmkzxhepdjugo.supabase.co/storage/v1/object/sign/product-images/ig/bitmain-antminer-s21-200th-2.jpg?token=eyJraWQiOiJzdG9yYWdlLXVybC1zaWduaW5nLWtleV82YzEzZTkyZS1iNGMzLTQ3OTgtODBhYS1hYzY2YjQxM2E1MzYiLCJhbGciOiJIUzI1NiJ9.eyJ1cmwiOiJwcm9kdWN0LWltYWdlcy9pZy9iaXRtYWluLWFudG1pbmVyLXMyMS0yMDB0aC0yLmpwZyIsInNjb3BlIjoiZG93bmxvYWQiLCJpYXQiOjE3ODU2Mjg0MzMsImV4cCI6MjEwMDk4ODQzM30.SyA_JQKIh_mV9AX25zeIiu5hzjf35wkLNeQM5mhuIKE,https://qdhcyorsmkzxhepdjugo.supabase.co/storage/v1/object/sign/product-images/ig2-DKJflxvvhOF-1.jpg?token=eyJraWQiOiJzdG9yYWdlLXVybC1zaWduaW5nLWtleV82YzEzZTkyZS1iNGMzLTQ3OTgtODBhYS1hYzY2YjQxM2E1MzYiLCJhbGciOiJIUzI1NiJ9.eyJ1cmwiOiJwcm9kdWN0LWltYWdlcy9pZzItREtKZmx4dnZoT0YtMS5qcGciLCJzY29wZSI6ImRvd25sb2FkIiwiaWF0IjoxNzg1NjMwNzIxLCJleHAiOjIxMDA5OTA3MjF9.QFslAPp_4A2T3Zpq-LXuIy_2vDWohAgLIWUeLtHLndU,https://qdhcyorsmkzxhepdjugo.supabase.co/storage/v1/object/sign/product-images/ig2-DKJflxvvhOF-2.jpg?token=eyJraWQiOiJzdG9yYWdlLXVybC1zaWduaW5nLWtleV82YzEzZTkyZS1iNGMzLTQ3OTgtODBhYS1hYzY2YjQxM2E1MzYiLCJhbGciOiJIUzI1NiJ9.eyJ1cmwiOiJwcm9kdWN0LWltYWdlcy9pZzItREtKZmx4dnZoT0YtMi5qcGciLCJzY29wZSI6ImRvd25sb2FkIiwiaWF0IjoxNzg1NjMwNzIxLCJleHAiOjIxMDA5OTA3MjF9.4AydDVd_OCNjF21Ln-RCpUXDdOWbSGm0M6qyWvC5JNo,https://qdhcyorsmkzxhepdjugo.supabase.co/storage/v1/object/sign/product-images/ig2-DI-nsLAhcMY-1.jpg?token=eyJraWQiOiJzdG9yYWdlLXVybC1zaWduaW5nLWtleV82YzEzZTkyZS1iNGMzLTQ3OTgtODBhYS1hYzY2YjQxM2E1MzYiLCJhbGciOiJIUzI1NiJ9.eyJ1cmwiOiJwcm9kdWN0LWltYWdlcy9pZzItREktbnNMQWhjTVktMS5qcGciLCJzY29wZSI6ImRvd25sb2FkIiwiaWF0IjoxNzg1NjMwNzE0LCJleHAiOjIxMDA5OTA3MTR9.B2YHs4PI-svndQTtYrxWulhwpYQBTRnc-4-99gqmCt8,https://qdhcyorsmkzxhepdjugo.supabase.co/storage/v1/object/sign/product-images/ig2-DI-nsLAhcMY-2.jpg?token=eyJraWQiOiJzdG9yYWdlLXVybC1zaWduaW5nLWtleV82YzEzZTkyZS1iNGMzLTQ3OTgtODBhYS1hYzY2YjQxM2E1MzYiLCJhbGciOiJIUzI1NiJ9.eyJ1cmwiOiJwcm9kdWN0LWltYWdlcy9pZzItREktbnNMQWhjTVktMi5qcGciLCJzY29wZSI6ImRvd25sb2FkIiwiaWF0IjoxNzg1NjMwNzE0LCJleHAiOjIxMDA5OTA3MTR9.dmXVZFvG0dqchDJBnsy2cTqq-7qWGdGfPIyMLwGxl8w	in_stock	3450.00 USD		used	Bitmain	BITMAIN-ANTMINER-S21-200TH	yes	5710	Bitcoin Mining Hardware > Bitcoin Mining Machines	bitmain-used	200 TH/s hashrate on SHA-256,3500 W power draw,17.5 J/TH energy efficiency,Used unit, bench-tested before dispatch,Ships worldwide from Hong Kong by DHL / FedEx express,30-day functional warranty and in-house repair support,Cooling: Air-cooled,Voltage: 200-240V AC	US:::0.00 USD,CA:::0.00 USD,GB:::0.00 USD,IE:::0.00 USD,DE:::0.00 USD,FR:::0.00 USD,NL:::0.00 USD,BE:::0.00 USD,LU:::0.00 USD,AT:::0.00 USD,CH:::0.00 USD,IT:::0.00 USD,ES:::0.00 USD,PT:::0.00 USD,SE:::0.00 USD,NO:::0.00 USD,DK:::0.00 USD,FI:::0.00 USD,PL:::0.00 USD,CZ:::0.00 USD,SK:::0.00 USD,HU:::0.00 USD,RO:::0.00 USD,GR:::0.00 USD,TR:::0.00 USD,AU:::0.00 USD,NZ:::0.00 USD,JP:::0.00 USD,KR:::0.00 USD,SG:::0.00 USD,MY:::0.00 USD,TH:::0.00 USD,VN:::0.00 USD,PH:::0.00 USD,ID:::0.00 USD,IN:::0.00 USD,HK:::0.00 USD,TW:::0.00 USD,AE:::0.00 USD,SA:::0.00 USD,QA:::0.00 USD,KW:::0.00 USD,BH:::0.00 USD,OM:::0.00 USD,IL:::0.00 USD,ZA:::0.00 USD,NG:::0.00 USD,KE:::0.00 USD,EG:::0.00 USD,MA:::0.00 USD,BR:::0.00 USD,AR:::0.00 USD,CL:::0.00 USD,CO:::0.00 USD,MX:::0.00 USD,PE:::0.00 USD,UY:::0.00 USD,RU:::0.00 USD,UA:::0.00 USD,KZ:::0.00 USD,GE:::0.00 USD,PK:::0.00 USD,BD:::0.00 USD,LK:::0.00 USD,NP:::0.00 USD,CN:::0.00 USD	15 kg	used	SHA-256	1500-4000	Bitmain	Air-cooled
bitmain-antminer-s19-home-miner-30th-700w-wifi-used	Bitmain Antminer S19 Home Miner 30TH/s – 700W, 28 J/TH, WiFi Capable Used ASIC 30 TH/s	Quiet used Antminer S19 home Bitcoin miner tuned to 30 TH/s at just 700W with WiFi connectivity – perfect for apartments, garages and heat reuse. Coins: BTC / BCH. Model: Bitmain Antminer S19 Home Miner 30TH/s. Cooling: Air cooling. Voltage: 220-240V. Hashrate: 30 TH/s. Warranty: 30-day functional warranty. Algorithm: SHA-256. Condition: Used – tested working The Bitmain Antminer S19 Home Miner 30TH/s – 700W, 28 J/TH, WiFi Capable Used ASIC is a fully tested, used SHA-256 ASIC Bitcoin miner supplied by Bitcoin Mining Depot. Rated at 30 TH/s hashrate with a 700W power draw and roughly 28 J/TH efficiency, this second-hand Bitmain Antminer gives home miners, small farms and hosted-rack operators the cheapest realistic route into Bitcoin mining hardware in 2026. Performance and efficiency Every used Antminer we ship is bench-tested under load, hashboards are verified chip-by-chip, fans and PSUs are inspected, and custom firmware (Braiins OS+ / Vnish OS / Luxor OS where listed) is pre-installed so you can autotune the miner for maximum profitability or minimum power cost. Expect stable operation at 30 TH/s on a 220–240V circuit unless the listing specifies 110V plug-and-play operation. Infrastructure requirements Plan for a dedicated breaker… Buy the Bitmain Antminer S19 Home Miner 30TH/s – 700W, 28 J/TH, WiFi Capable Used ASIC from Bitcoin Mining Depot: verified used stock, crypto checkout, worldwide express delivery and hosting or repair support on request.	https://bitcoinminingdepot.net/products/bitmain-antminer-s19-home-miner-30th-700w-wifi-used	https://qdhcyorsmkzxhepdjugo.supabase.co/storage/v1/object/sign/product-images/bitmain-antminer-s19-home-miner-30th-700w-wifi-used-1.jpg?token=eyJraWQiOiI2YzEzZTkyZS1iNGMzLTQ3OTgtODBhYS1hYzY2YjQxM2E1MzYiLCJhbGciOiJIUzI1NiJ9.eyJ1cmwiOiJwcm9kdWN0LWltYWdlcy9iaXRtYWluLWFudG1pbmVyLXMxOS1ob21lLW1pbmVyLTMwdGgtNzAwdy13aWZpLXVzZWQtMS5qcGciLCJzY29wZSI6ImRvd25sb2FkIiwiaWF0IjoxNzg3NzkwOTgzLCJleHAiOjIxMDMxNTA5ODN9.58WpPSqo9TUChpKTABy4eJs22CPWGD5q9U3YOdKU_gA		in_stock	349.99 USD		used	Bitmain	BITMAIN-ANTMINER-S19-HOME-MINER-30TH-700W-WIFI-USED	yes	5710	Bitcoin Mining Hardware > Used & Refurbished Miners	bitmain-used	30 TH/s hashrate on SHA-256,700W power draw,28 J/TH energy efficiency,Used unit, bench-tested before dispatch,Ships worldwide from Hong Kong by DHL / FedEx express,30-day functional warranty and in-house repair support,Cooling: Air cooling,Voltage: 220-240V,Coins: BTC / BCH	US:::0.00 USD,CA:::0.00 USD,GB:::0.00 USD,IE:::0.00 USD,DE:::0.00 USD,FR:::0.00 USD,NL:::0.00 USD,BE:::0.00 USD,LU:::0.00 USD,AT:::0.00 USD,CH:::0.00 USD,IT:::0.00 USD,ES:::0.00 USD,PT:::0.00 USD,SE:::0.00 USD,NO:::0.00 USD,DK:::0.00 USD,FI:::0.00 USD,PL:::0.00 USD,CZ:::0.00 USD,SK:::0.00 USD,HU:::0.00 USD,RO:::0.00 USD,GR:::0.00 USD,TR:::0.00 USD,AU:::0.00 USD,NZ:::0.00 USD,JP:::0.00 USD,KR:::0.00 USD,SG:::0.00 USD,MY:::0.00 USD,TH:::0.00 USD,VN:::0.00 USD,PH:::0.00 USD,ID:::0.00 USD,IN:::0.00 USD,HK:::0.00 USD,TW:::0.00 USD,AE:::0.00 USD,SA:::0.00 USD,QA:::0.00 USD,KW:::0.00 USD,BH:::0.00 USD,OM:::0.00 USD,IL:::0.00 USD,ZA:::0.00 USD,NG:::0.00 USD,KE:::0.00 USD,EG:::0.00 USD,MA:::0.00 USD,BR:::0.00 USD,AR:::0.00 USD,CL:::0.00 USD,CO:::0.00 USD,MX:::0.00 USD,PE:::0.00 USD,UY:::0.00 USD,RU:::0.00 USD,UA:::0.00 USD,KZ:::0.00 USD,GE:::0.00 USD,PK:::0.00 USD,BD:::0.00 USD,LK:::0.00 USD,NP:::0.00 USD,CN:::0.00 USD	15 kg	used	SHA-256	under-500	Bitmain	Air cooling
bitmain-antminer-s19j-pro-105th-braiins-vnish-30-day-warranty-used	Bitmain Antminer S19j Pro 105TH Used ASIC Miner – Braiins/Vnish OS, 30-Day Warranty 105 TH/s	Refurbished Antminer S19j Pro boosted to 105 TH/s on Braiins or Vnish OS and backed by a 30-day warranty from Bitcoin Mining Depot. Coins: BTC / BCH. Model: Bitmain Antminer S19j Pro 105TH Used ASIC Miner. Cooling: Air cooling. Voltage: 220-240V. Hashrate: 105 TH/s. Warranty: 30-day functional warranty. Algorithm: SHA-256. Condition: Used – tested working The Bitmain Antminer S19j Pro 105TH Used ASIC Miner – Braiins/Vnish OS, 30-Day Warranty is a fully tested, used SHA-256 ASIC Bitcoin miner supplied by Bitcoin Mining Depot. Rated at 105 TH/s hashrate with a 3100W power draw and roughly 29.5 J/TH efficiency, this second-hand Bitmain Antminer gives home miners, small farms and hosted-rack operators the cheapest realistic route into Bitcoin mining hardware in 2026. Performance and efficiency Every used Antminer we ship is bench-tested under load, hashboards are verified chip-by-chip, fans and PSUs are inspected, and custom firmware (Braiins OS+ / Vnish OS / Luxor OS where listed) is pre-installed so you can autotune the miner for maximum profitability or minimum power cost. Expect stable operation at 105 TH/s on a 220–240V circuit unless the listing specifies 110V plug-and-play operation. Infrastructure requirements Plan for a dedicated… Buy the Bitmain Antminer S19j Pro 105TH Used ASIC Miner – Braiins/Vnish OS, 30-Day Warranty from Bitcoin Mining Depot: verified used stock, crypto checkout, worldwide express delivery and hosting or repair support on request.	https://bitcoinminingdepot.net/products/bitmain-antminer-s19j-pro-105th-braiins-vnish-30-day-warranty-used	https://qdhcyorsmkzxhepdjugo.supabase.co/storage/v1/object/sign/product-images/bitmain-antminer-s19j-pro-105th-braiins-vnish-30-day-warranty-used-1.jpg?token=eyJraWQiOiI2YzEzZTkyZS1iNGMzLTQ3OTgtODBhYS1hYzY2YjQxM2E1MzYiLCJhbGciOiJIUzI1NiJ9.eyJ1cmwiOiJwcm9kdWN0LWltYWdlcy9iaXRtYWluLWFudG1pbmVyLXMxOWotcHJvLTEwNXRoLWJyYWlpbnMtdm5pc2gtMzAtZGF5LXdhcnJhbnR5LXVzZWQtMS5qcGciLCJzY29wZSI6ImRvd25sb2FkIiwiaWF0IjoxNzg3NzkwOTgzLCJleHAiOjIxMDMxNTA5ODN9.Uplf4KiCdSZBOlrF47wDzABN5mlqPTS6W68dSsY8E0g		in_stock	194.99 USD		used	Bitmain	BITMAIN-ANTMINER-S19J-PRO-105TH-BRAIINS-VNISH-30-DAY-WARRANTY-USED	yes	5710	Bitcoin Mining Hardware > Used & Refurbished Miners	bitmain-used	105 TH/s hashrate on SHA-256,3100W power draw,29.5 J/TH energy efficiency,Used unit, bench-tested before dispatch,Ships worldwide from Hong Kong by DHL / FedEx express,30-day functional warranty and in-house repair support,Cooling: Air cooling,Voltage: 220-240V,Coins: BTC / BCH	US:::0.00 USD,CA:::0.00 USD,GB:::0.00 USD,IE:::0.00 USD,DE:::0.00 USD,FR:::0.00 USD,NL:::0.00 USD,BE:::0.00 USD,LU:::0.00 USD,AT:::0.00 USD,CH:::0.00 USD,IT:::0.00 USD,ES:::0.00 USD,PT:::0.00 USD,SE:::0.00 USD,NO:::0.00 USD,DK:::0.00 USD,FI:::0.00 USD,PL:::0.00 USD,CZ:::0.00 USD,SK:::0.00 USD,HU:::0.00 USD,RO:::0.00 USD,GR:::0.00 USD,TR:::0.00 USD,AU:::0.00 USD,NZ:::0.00 USD,JP:::0.00 USD,KR:::0.00 USD,SG:::0.00 USD,MY:::0.00 USD,TH:::0.00 USD,VN:::0.00 USD,PH:::0.00 USD,ID:::0.00 USD,IN:::0.00 USD,HK:::0.00 USD,TW:::0.00 USD,AE:::0.00 USD,SA:::0.00 USD,QA:::0.00 USD,KW:::0.00 USD,BH:::0.00 USD,OM:::0.00 USD,IL:::0.00 USD,ZA:::0.00 USD,NG:::0.00 USD,KE:::0.00 USD,EG:::0.00 USD,MA:::0.00 USD,BR:::0.00 USD,AR:::0.00 USD,CL:::0.00 USD,CO:::0.00 USD,MX:::0.00 USD,PE:::0.00 USD,UY:::0.00 USD,RU:::0.00 USD,UA:::0.00 USD,KZ:::0.00 USD,GE:::0.00 USD,PK:::0.00 USD,BD:::0.00 USD,LK:::0.00 USD,NP:::0.00 USD,CN:::0.00 USD	15 kg	used	SHA-256	under-500	Bitmain	Air cooling
antminer-s19-loki-rig-42th-1000w-110v-used	Bitmain Antminer S19 95TH/s Loki Rig – 42TH 1000W Plug-and-Play 110V Home Bitcoin Miner 42 TH/s	Used Antminer S19 Loki Rig delivering 42 TH/s at 1000W on standard 110V household power, pre-flashed with Luxor OS for quiet plug-and-play home Bitcoin mining. Coins: BTC / BCH. Model: Antminer S19 95TH/s Loki Rig. Cooling: Air cooling. Voltage: 110V. Hashrate: 42 TH/s. Warranty: 30-day functional warranty. Algorithm: SHA-256. Condition: Used – tested working The Antminer S19 95TH/s Loki Rig – 42TH 1000W Plug-and-Play 110V Home Bitcoin Miner is a fully tested, used SHA-256 ASIC Bitcoin miner supplied by Bitcoin Mining Depot. Rated at 42 TH/s hashrate with a 1000W power draw and roughly 23.8 J/TH efficiency, this second-hand Bitmain Antminer gives home miners, small farms and hosted-rack operators the cheapest realistic route into Bitcoin mining hardware in 2026. Performance and efficiency Every used Antminer we ship is bench-tested under load, hashboards are verified chip-by-chip, fans and PSUs are inspected, and custom firmware (Braiins OS+ / Vnish OS / Luxor OS where listed) is pre-installed so you can autotune the miner for maximum profitability or minimum power cost. Expect stable operation at 42 TH/s on a 220–240V circuit unless the listing specifies 110V plug-and-play operation. Infrastructure requirements Plan for a dedicated breaker… Buy the Antminer S19 95TH/s Loki Rig – 42TH 1000W Plug-and-Play 110V Home Bitcoin Miner from Bitcoin Mining Depot: verified used stock, crypto checkout, worldwide express delivery and hosting or repair support on request.	https://bitcoinminingdepot.net/products/antminer-s19-loki-rig-42th-1000w-110v-used	https://qdhcyorsmkzxhepdjugo.supabase.co/storage/v1/object/sign/product-images/antminer-s19-loki-rig-42th-1000w-110v-used-1.jpg?token=eyJraWQiOiI2YzEzZTkyZS1iNGMzLTQ3OTgtODBhYS1hYzY2YjQxM2E1MzYiLCJhbGciOiJIUzI1NiJ9.eyJ1cmwiOiJwcm9kdWN0LWltYWdlcy9hbnRtaW5lci1zMTktbG9raS1yaWctNDJ0aC0xMDAwdy0xMTB2LXVzZWQtMS5qcGciLCJzY29wZSI6ImRvd25sb2FkIiwiaWF0IjoxNzg3NzkwOTgzLCJleHAiOjIxMDMxNTA5ODN9.6kmNtHSrD_FwSXDo4nUVxOz1K3KxhDmHy-JVM1lhecw		in_stock	375.00 USD		used	Bitmain	ANTMINER-S19-LOKI-RIG-42TH-1000W-110V-USED	yes	5710	Bitcoin Mining Hardware > Used & Refurbished Miners	bitmain-used	42 TH/s hashrate on SHA-256,1000W power draw,23.8 J/TH energy efficiency,Used unit, bench-tested before dispatch,Ships worldwide from Hong Kong by DHL / FedEx express,30-day functional warranty and in-house repair support,Cooling: Air cooling,Voltage: 110V,Coins: BTC / BCH	US:::0.00 USD,CA:::0.00 USD,GB:::0.00 USD,IE:::0.00 USD,DE:::0.00 USD,FR:::0.00 USD,NL:::0.00 USD,BE:::0.00 USD,LU:::0.00 USD,AT:::0.00 USD,CH:::0.00 USD,IT:::0.00 USD,ES:::0.00 USD,PT:::0.00 USD,SE:::0.00 USD,NO:::0.00 USD,DK:::0.00 USD,FI:::0.00 USD,PL:::0.00 USD,CZ:::0.00 USD,SK:::0.00 USD,HU:::0.00 USD,RO:::0.00 USD,GR:::0.00 USD,TR:::0.00 USD,AU:::0.00 USD,NZ:::0.00 USD,JP:::0.00 USD,KR:::0.00 USD,SG:::0.00 USD,MY:::0.00 USD,TH:::0.00 USD,VN:::0.00 USD,PH:::0.00 USD,ID:::0.00 USD,IN:::0.00 USD,HK:::0.00 USD,TW:::0.00 USD,AE:::0.00 USD,SA:::0.00 USD,QA:::0.00 USD,KW:::0.00 USD,BH:::0.00 USD,OM:::0.00 USD,IL:::0.00 USD,ZA:::0.00 USD,NG:::0.00 USD,KE:::0.00 USD,EG:::0.00 USD,MA:::0.00 USD,BR:::0.00 USD,AR:::0.00 USD,CL:::0.00 USD,CO:::0.00 USD,MX:::0.00 USD,PE:::0.00 USD,UY:::0.00 USD,RU:::0.00 USD,UA:::0.00 USD,KZ:::0.00 USD,GE:::0.00 USD,PK:::0.00 USD,BD:::0.00 USD,LK:::0.00 USD,NP:::0.00 USD,CN:::0.00 USD	15 kg	used	SHA-256	under-500	Bitmain	Air cooling
bitmain-antminer-s19-105th-boosted-vnish-os-used	Bitmain Antminer S19 105TH/s Boosted Used ASIC Bitcoin Miner – Vnish OS Tuned 105 TH/s	Overclocked used Antminer S19 pushing 105 TH/s on Vnish OS – a low-cost entry into SHA-256 Bitcoin mining with autotune and per-chip monitoring. Coins: BTC / BCH. Model: Bitmain Antminer S19 105TH/s Boosted Used ASIC Bitcoin Miner. Cooling: Air cooling. Voltage: 220-240V. Hashrate: 105 TH/s. Warranty: 30-day functional warranty. Algorithm: SHA-256. Condition: Used – tested working The Bitmain Antminer S19 105TH/s Boosted Used ASIC Bitcoin Miner – Vnish OS Tuned is a fully tested, used SHA-256 ASIC Bitcoin miner supplied by Bitcoin Mining Depot. Rated at 105 TH/s hashrate with a 3400W power draw and roughly 32.4 J/TH efficiency, this second-hand Bitmain Antminer gives home miners, small farms and hosted-rack operators the cheapest realistic route into Bitcoin mining hardware in 2026. Performance and efficiency Every used Antminer we ship is bench-tested under load, hashboards are verified chip-by-chip, fans and PSUs are inspected, and custom firmware (Braiins OS+ / Vnish OS / Luxor OS where listed) is pre-installed so you can autotune the miner for maximum profitability or minimum power cost. Expect stable operation at 105 TH/s on a 220–240V circuit unless the listing specifies 110V plug-and-play operation. Infrastructure requirements Plan for a dedicated breaker… Buy the Bitmain Antminer S19 105TH/s Boosted Used ASIC Bitcoin Miner – Vnish OS Tuned from Bitcoin Mining Depot: verified used stock, crypto checkout, worldwide express delivery and hosting or repair support on request.	https://bitcoinminingdepot.net/products/bitmain-antminer-s19-105th-boosted-vnish-os-used	https://qdhcyorsmkzxhepdjugo.supabase.co/storage/v1/object/sign/product-images/bitmain-antminer-s19-105th-boosted-vnish-os-used-1.jpg?token=eyJraWQiOiI2YzEzZTkyZS1iNGMzLTQ3OTgtODBhYS1hYzY2YjQxM2E1MzYiLCJhbGciOiJIUzI1NiJ9.eyJ1cmwiOiJwcm9kdWN0LWltYWdlcy9iaXRtYWluLWFudG1pbmVyLXMxOS0xMDV0aC1ib29zdGVkLXZuaXNoLW9zLXVzZWQtMS5qcGciLCJzY29wZSI6ImRvd25sb2FkIiwiaWF0IjoxNzg3NzkwOTgxLCJleHAiOjIxMDMxNTA5ODF9.oaH--mgg5NXrS7k61sWtiBvqVvDWLiOeMEXvzyfG-nY	https://qdhcyorsmkzxhepdjugo.supabase.co/storage/v1/object/sign/product-images/bitmain-antminer-s19-105th-boosted-vnish-os-used-2.jpg?token=eyJraWQiOiI2YzEzZTkyZS1iNGMzLTQ3OTgtODBhYS1hYzY2YjQxM2E1MzYiLCJhbGciOiJIUzI1NiJ9.eyJ1cmwiOiJwcm9kdWN0LWltYWdlcy9iaXRtYWluLWFudG1pbmVyLXMxOS0xMDV0aC1ib29zdGVkLXZuaXNoLW9zLXVzZWQtMi5qcGciLCJzY29wZSI6ImRvd25sb2FkIiwiaWF0IjoxNzg3NzkwOTgxLCJleHAiOjIxMDMxNTA5ODF9.bRwr4t_VSz9phvP_aVZl6ukuzOXvUsyJE14RypNr_Ao,https://qdhcyorsmkzxhepdjugo.supabase.co/storage/v1/object/sign/product-images/bitmain-antminer-s19-105th-boosted-vnish-os-used-3.jpg?token=eyJraWQiOiI2YzEzZTkyZS1iNGMzLTQ3OTgtODBhYS1hYzY2YjQxM2E1MzYiLCJhbGciOiJIUzI1NiJ9.eyJ1cmwiOiJwcm9kdWN0LWltYWdlcy9iaXRtYWluLWFudG1pbmVyLXMxOS0xMDV0aC1ib29zdGVkLXZuaXNoLW9zLXVzZWQtMy5qcGciLCJzY29wZSI6ImRvd25sb2FkIiwiaWF0IjoxNzg3NzkwOTgxLCJleHAiOjIxMDMxNTA5ODF9.hPV4hrBUZI7LAH1WEESPUxj5M76QXH_kiMVW1UQMVNI,https://qdhcyorsmkzxhepdjugo.supabase.co/storage/v1/object/sign/product-images/bitmain-antminer-s19-105th-boosted-vnish-os-used-4.jpg?token=eyJraWQiOiI2YzEzZTkyZS1iNGMzLTQ3OTgtODBhYS1hYzY2YjQxM2E1MzYiLCJhbGciOiJIUzI1NiJ9.eyJ1cmwiOiJwcm9kdWN0LWltYWdlcy9iaXRtYWluLWFudG1pbmVyLXMxOS0xMDV0aC1ib29zdGVkLXZuaXNoLW9zLXVzZWQtNC5qcGciLCJzY29wZSI6ImRvd25sb2FkIiwiaWF0IjoxNzg3NzkwOTgyLCJleHAiOjIxMDMxNTA5ODJ9.mvtRrMU6qVbehqWVICs_8zDAV919-LKytGiCiXBV_Pg,https://qdhcyorsmkzxhepdjugo.supabase.co/storage/v1/object/sign/product-images/bitmain-antminer-s19-105th-boosted-vnish-os-used-5.jpg?token=eyJraWQiOiI2YzEzZTkyZS1iNGMzLTQ3OTgtODBhYS1hYzY2YjQxM2E1MzYiLCJhbGciOiJIUzI1NiJ9.eyJ1cmwiOiJwcm9kdWN0LWltYWdlcy9iaXRtYWluLWFudG1pbmVyLXMxOS0xMDV0aC1ib29zdGVkLXZuaXNoLW9zLXVzZWQtNS5qcGciLCJzY29wZSI6ImRvd25sb2FkIiwiaWF0IjoxNzg3NzkwOTgyLCJleHAiOjIxMDMxNTA5ODJ9.me6TX7ITn772EaizDiLfvRj_M-H5oB_6c75HGYp9lZo	in_stock	150.00 USD		used	Bitmain	BITMAIN-ANTMINER-S19-105TH-BOOSTED-VNISH-OS-USED	yes	5710	Bitcoin Mining Hardware > Used & Refurbished Miners	bitmain-used	105 TH/s hashrate on SHA-256,3400W power draw,32.4 J/TH energy efficiency,Used unit, bench-tested before dispatch,Ships worldwide from Hong Kong by DHL / FedEx express,30-day functional warranty and in-house repair support,Cooling: Air cooling,Voltage: 220-240V,Coins: BTC / BCH	US:::0.00 USD,CA:::0.00 USD,GB:::0.00 USD,IE:::0.00 USD,DE:::0.00 USD,FR:::0.00 USD,NL:::0.00 USD,BE:::0.00 USD,LU:::0.00 USD,AT:::0.00 USD,CH:::0.00 USD,IT:::0.00 USD,ES:::0.00 USD,PT:::0.00 USD,SE:::0.00 USD,NO:::0.00 USD,DK:::0.00 USD,FI:::0.00 USD,PL:::0.00 USD,CZ:::0.00 USD,SK:::0.00 USD,HU:::0.00 USD,RO:::0.00 USD,GR:::0.00 USD,TR:::0.00 USD,AU:::0.00 USD,NZ:::0.00 USD,JP:::0.00 USD,KR:::0.00 USD,SG:::0.00 USD,MY:::0.00 USD,TH:::0.00 USD,VN:::0.00 USD,PH:::0.00 USD,ID:::0.00 USD,IN:::0.00 USD,HK:::0.00 USD,TW:::0.00 USD,AE:::0.00 USD,SA:::0.00 USD,QA:::0.00 USD,KW:::0.00 USD,BH:::0.00 USD,OM:::0.00 USD,IL:::0.00 USD,ZA:::0.00 USD,NG:::0.00 USD,KE:::0.00 USD,EG:::0.00 USD,MA:::0.00 USD,BR:::0.00 USD,AR:::0.00 USD,CL:::0.00 USD,CO:::0.00 USD,MX:::0.00 USD,PE:::0.00 USD,UY:::0.00 USD,RU:::0.00 USD,UA:::0.00 USD,KZ:::0.00 USD,GE:::0.00 USD,PK:::0.00 USD,BD:::0.00 USD,LK:::0.00 USD,NP:::0.00 USD,CN:::0.00 USD	15 kg	used	SHA-256	under-500	Bitmain	Air cooling
bitmain-antminer-s19j-pro-108th-braiins-os-boosted-used	Bitmain Antminer S19j Pro 108TH Used ASIC Bitcoin Miner – Braiins OS Boosted 108 TH/s	Used Antminer S19j Pro boosted from 92TH to 108 TH/s with Braiins OS+ autotuning – one of the best value-per-terahash used SHA-256 miners available. Coins: BTC / BCH. Model: Bitmain Antminer S19j Pro 108TH Used ASIC Bitcoin Miner. Cooling: Air cooling. Voltage: 220-240V. Hashrate: 108 TH/s. Warranty: 30-day functional warranty. Algorithm: SHA-256. Condition: Used – tested working The Bitmain Antminer S19j Pro 108TH Used ASIC Bitcoin Miner – Braiins OS Boosted is a fully tested, used SHA-256 ASIC Bitcoin miner supplied by Bitcoin Mining Depot. Rated at 108 TH/s hashrate with a 3250W power draw and roughly 30.1 J/TH efficiency, this second-hand Bitmain Antminer gives home miners, small farms and hosted-rack operators the cheapest realistic route into Bitcoin mining hardware in 2026. Performance and efficiency Every used Antminer we ship is bench-tested under load, hashboards are verified chip-by-chip, fans and PSUs are inspected, and custom firmware (Braiins OS+ / Vnish OS / Luxor OS where listed) is pre-installed so you can autotune the miner for maximum profitability or minimum power cost. Expect stable operation at 108 TH/s on a 220–240V circuit unless the listing specifies 110V plug-and-play operation. Infrastructure requirements Plan for a dedicated breaker… Buy the Bitmain Antminer S19j Pro 108TH Used ASIC Bitcoin Miner – Braiins OS Boosted from Bitcoin Mining Depot: verified used stock, crypto checkout, worldwide express delivery and hosting or repair support on request.	https://bitcoinminingdepot.net/products/bitmain-antminer-s19j-pro-108th-braiins-os-boosted-used	https://qdhcyorsmkzxhepdjugo.supabase.co/storage/v1/object/sign/product-images/bitmain-antminer-s19j-pro-108th-braiins-os-boosted-used-1.jpg?token=eyJraWQiOiI2YzEzZTkyZS1iNGMzLTQ3OTgtODBhYS1hYzY2YjQxM2E1MzYiLCJhbGciOiJIUzI1NiJ9.eyJ1cmwiOiJwcm9kdWN0LWltYWdlcy9iaXRtYWluLWFudG1pbmVyLXMxOWotcHJvLTEwOHRoLWJyYWlpbnMtb3MtYm9vc3RlZC11c2VkLTEuanBnIiwic2NvcGUiOiJkb3dubG9hZCIsImlhdCI6MTc4Nzc5MDk4MywiZXhwIjoyMTAzMTUwOTgzfQ.7ojNX-vc4vGw2YhDjgtM_cINSVBezJBC5HKcsd4VKaM		in_stock	299.99 USD		used	Bitmain	BITMAIN-ANTMINER-S19J-PRO-108TH-BRAIINS-OS-BOOSTED-USED	yes	5710	Bitcoin Mining Hardware > Used & Refurbished Miners	bitmain-used	108 TH/s hashrate on SHA-256,3250W power draw,30.1 J/TH energy efficiency,Used unit, bench-tested before dispatch,Ships worldwide from Hong Kong by DHL / FedEx express,30-day functional warranty and in-house repair support,Cooling: Air cooling,Voltage: 220-240V,Coins: BTC / BCH	US:::0.00 USD,CA:::0.00 USD,GB:::0.00 USD,IE:::0.00 USD,DE:::0.00 USD,FR:::0.00 USD,NL:::0.00 USD,BE:::0.00 USD,LU:::0.00 USD,AT:::0.00 USD,CH:::0.00 USD,IT:::0.00 USD,ES:::0.00 USD,PT:::0.00 USD,SE:::0.00 USD,NO:::0.00 USD,DK:::0.00 USD,FI:::0.00 USD,PL:::0.00 USD,CZ:::0.00 USD,SK:::0.00 USD,HU:::0.00 USD,RO:::0.00 USD,GR:::0.00 USD,TR:::0.00 USD,AU:::0.00 USD,NZ:::0.00 USD,JP:::0.00 USD,KR:::0.00 USD,SG:::0.00 USD,MY:::0.00 USD,TH:::0.00 USD,VN:::0.00 USD,PH:::0.00 USD,ID:::0.00 USD,IN:::0.00 USD,HK:::0.00 USD,TW:::0.00 USD,AE:::0.00 USD,SA:::0.00 USD,QA:::0.00 USD,KW:::0.00 USD,BH:::0.00 USD,OM:::0.00 USD,IL:::0.00 USD,ZA:::0.00 USD,NG:::0.00 USD,KE:::0.00 USD,EG:::0.00 USD,MA:::0.00 USD,BR:::0.00 USD,AR:::0.00 USD,CL:::0.00 USD,CO:::0.00 USD,MX:::0.00 USD,PE:::0.00 USD,UY:::0.00 USD,RU:::0.00 USD,UA:::0.00 USD,KZ:::0.00 USD,GE:::0.00 USD,PK:::0.00 USD,BD:::0.00 USD,LK:::0.00 USD,NP:::0.00 USD,CN:::0.00 USD	15 kg	used	SHA-256	under-500	Bitmain	Air cooling
bitmain-antminer-s19-95th-vnish-os-crypto-miner-used	Bitmain Antminer S19 95TH/s Used Bitcoin ASIC Miner with Vnish OS Firmware 95 TH/s	Tested used Bitmain Antminer S19 95TH/s crypto mining rig running Vnish OS, ideal for hosted racks, warehouses and low-cost hashrate expansion. Coins: BTC / BCH. Model: Bitmain Antminer S19 95TH/s Used Bitcoin ASIC Miner with Vnish OS Firmware. Cooling: Air cooling. Voltage: 220-240V. Hashrate: 95 TH/s. Warranty: 30-day functional warranty. Algorithm: SHA-256. Condition: Used – tested working The Bitmain Antminer S19 95TH/s Used Bitcoin ASIC Miner with Vnish OS Firmware is a fully tested, used SHA-256 ASIC Bitcoin miner supplied by Bitcoin Mining Depot. Rated at 95 TH/s hashrate with a 3250W power draw and roughly 34.2 J/TH efficiency, this second-hand Bitmain Antminer gives home miners, small farms and hosted-rack operators the cheapest realistic route into Bitcoin mining hardware in 2026. Performance and efficiency Every used Antminer we ship is bench-tested under load, hashboards are verified chip-by-chip, fans and PSUs are inspected, and custom firmware (Braiins OS+ / Vnish OS / Luxor OS where listed) is pre-installed so you can autotune the miner for maximum profitability or minimum power cost. Expect stable operation at 95 TH/s on a 220–240V circuit unless the listing specifies 110V plug-and-play operation. Infrastructure requirements Plan for a dedicated breaker… Buy the Bitmain Antminer S19 95TH/s Used Bitcoin ASIC Miner with Vnish OS Firmware from Bitcoin Mining Depot: verified used stock, crypto checkout, worldwide express delivery and hosting or repair support on request.	https://bitcoinminingdepot.net/products/bitmain-antminer-s19-95th-vnish-os-crypto-miner-used	https://qdhcyorsmkzxhepdjugo.supabase.co/storage/v1/object/sign/product-images/bitmain-antminer-s19-95th-vnish-os-crypto-miner-used-1.jpg?token=eyJraWQiOiI2YzEzZTkyZS1iNGMzLTQ3OTgtODBhYS1hYzY2YjQxM2E1MzYiLCJhbGciOiJIUzI1NiJ9.eyJ1cmwiOiJwcm9kdWN0LWltYWdlcy9iaXRtYWluLWFudG1pbmVyLXMxOS05NXRoLXZuaXNoLW9zLWNyeXB0by1taW5lci11c2VkLTEuanBnIiwic2NvcGUiOiJkb3dubG9hZCIsImlhdCI6MTc4Nzc5MDk4MiwiZXhwIjoyMTAzMTUwOTgyfQ.0hreU4NJAU5oXkC7y2RsB4PlqCInrC2QQwv1BD_qi8E		in_stock	159.99 USD		used	Bitmain	BITMAIN-ANTMINER-S19-95TH-VNISH-OS-CRYPTO-MINER-USED	yes	5710	Bitcoin Mining Hardware > Used & Refurbished Miners	bitmain-used	95 TH/s hashrate on SHA-256,3250W power draw,34.2 J/TH energy efficiency,Used unit, bench-tested before dispatch,Ships worldwide from Hong Kong by DHL / FedEx express,30-day functional warranty and in-house repair support,Cooling: Air cooling,Voltage: 220-240V,Coins: BTC / BCH	US:::0.00 USD,CA:::0.00 USD,GB:::0.00 USD,IE:::0.00 USD,DE:::0.00 USD,FR:::0.00 USD,NL:::0.00 USD,BE:::0.00 USD,LU:::0.00 USD,AT:::0.00 USD,CH:::0.00 USD,IT:::0.00 USD,ES:::0.00 USD,PT:::0.00 USD,SE:::0.00 USD,NO:::0.00 USD,DK:::0.00 USD,FI:::0.00 USD,PL:::0.00 USD,CZ:::0.00 USD,SK:::0.00 USD,HU:::0.00 USD,RO:::0.00 USD,GR:::0.00 USD,TR:::0.00 USD,AU:::0.00 USD,NZ:::0.00 USD,JP:::0.00 USD,KR:::0.00 USD,SG:::0.00 USD,MY:::0.00 USD,TH:::0.00 USD,VN:::0.00 USD,PH:::0.00 USD,ID:::0.00 USD,IN:::0.00 USD,HK:::0.00 USD,TW:::0.00 USD,AE:::0.00 USD,SA:::0.00 USD,QA:::0.00 USD,KW:::0.00 USD,BH:::0.00 USD,OM:::0.00 USD,IL:::0.00 USD,ZA:::0.00 USD,NG:::0.00 USD,KE:::0.00 USD,EG:::0.00 USD,MA:::0.00 USD,BR:::0.00 USD,AR:::0.00 USD,CL:::0.00 USD,CO:::0.00 USD,MX:::0.00 USD,PE:::0.00 USD,UY:::0.00 USD,RU:::0.00 USD,UA:::0.00 USD,KZ:::0.00 USD,GE:::0.00 USD,PK:::0.00 USD,BD:::0.00 USD,LK:::0.00 USD,NP:::0.00 USD,CN:::0.00 USD	15 kg	used	SHA-256	under-500	Bitmain	Air cooling
bitmain-antminer-s19-95th-blackout-vnish-os-used	Bitmain Antminer S19 95TH/s Used ASIC Bitcoin Miner – Blackout Temp Coat, Vnish OS 95 TH/s	Budget used Bitmain Antminer S19 95TH/s SHA-256 ASIC miner with blackout temperature coating and Vnish OS firmware for tuned efficiency and underclocking. Coins: BTC / BCH. Model: Bitmain Antminer S19 95TH/s Used ASIC Bitcoin Miner. Cooling: Air cooling. Voltage: 220-240V. Hashrate: 95 TH/s. Warranty: 30-day functional warranty. Algorithm: SHA-256. Condition: Used – tested working The Bitmain Antminer S19 95TH/s Used ASIC Bitcoin Miner – Blackout Temp Coat, Vnish OS is a fully tested, used SHA-256 ASIC Bitcoin miner supplied by Bitcoin Mining Depot. Rated at 95 TH/s hashrate with a 3250W power draw and roughly 34.2 J/TH efficiency, this second-hand Bitmain Antminer gives home miners, small farms and hosted-rack operators the cheapest realistic route into Bitcoin mining hardware in 2026. Performance and efficiency Every used Antminer we ship is bench-tested under load, hashboards are verified chip-by-chip, fans and PSUs are inspected, and custom firmware (Braiins OS+ / Vnish OS / Luxor OS where listed) is pre-installed so you can autotune the miner for maximum profitability or minimum power cost. Expect stable operation at 95 TH/s on a 220–240V circuit unless the listing specifies 110V plug-and-play operation. Infrastructure requirements Plan for a dedicated… Buy the Bitmain Antminer S19 95TH/s Used ASIC Bitcoin Miner – Blackout Temp Coat, Vnish OS from Bitcoin Mining Depot: verified used stock, crypto checkout, worldwide express delivery and hosting or repair support on request.	https://bitcoinminingdepot.net/products/bitmain-antminer-s19-95th-blackout-vnish-os-used	https://qdhcyorsmkzxhepdjugo.supabase.co/storage/v1/object/sign/product-images/bitmain-antminer-s19-95th-blackout-vnish-os-used-1.jpg?token=eyJraWQiOiI2YzEzZTkyZS1iNGMzLTQ3OTgtODBhYS1hYzY2YjQxM2E1MzYiLCJhbGciOiJIUzI1NiJ9.eyJ1cmwiOiJwcm9kdWN0LWltYWdlcy9iaXRtYWluLWFudG1pbmVyLXMxOS05NXRoLWJsYWNrb3V0LXZuaXNoLW9zLXVzZWQtMS5qcGciLCJzY29wZSI6ImRvd25sb2FkIiwiaWF0IjoxNzg3NzkwOTc5LCJleHAiOjIxMDMxNTA5Nzl9.jEJDmD1gotaspz4dT04-Vmq1p7FDWC5Yj5ePx82EM5A	https://qdhcyorsmkzxhepdjugo.supabase.co/storage/v1/object/sign/product-images/bitmain-antminer-s19-95th-blackout-vnish-os-used-2.jpg?token=eyJraWQiOiI2YzEzZTkyZS1iNGMzLTQ3OTgtODBhYS1hYzY2YjQxM2E1MzYiLCJhbGciOiJIUzI1NiJ9.eyJ1cmwiOiJwcm9kdWN0LWltYWdlcy9iaXRtYWluLWFudG1pbmVyLXMxOS05NXRoLWJsYWNrb3V0LXZuaXNoLW9zLXVzZWQtMi5qcGciLCJzY29wZSI6ImRvd25sb2FkIiwiaWF0IjoxNzg3NzkwOTgwLCJleHAiOjIxMDMxNTA5ODB9.xUQ8OgctGF-7ea6DrzKv_Gz8n8QTGOpqVYlZS0PVRn0,https://qdhcyorsmkzxhepdjugo.supabase.co/storage/v1/object/sign/product-images/bitmain-antminer-s19-95th-blackout-vnish-os-used-3.jpg?token=eyJraWQiOiI2YzEzZTkyZS1iNGMzLTQ3OTgtODBhYS1hYzY2YjQxM2E1MzYiLCJhbGciOiJIUzI1NiJ9.eyJ1cmwiOiJwcm9kdWN0LWltYWdlcy9iaXRtYWluLWFudG1pbmVyLXMxOS05NXRoLWJsYWNrb3V0LXZuaXNoLW9zLXVzZWQtMy5qcGciLCJzY29wZSI6ImRvd25sb2FkIiwiaWF0IjoxNzg3NzkwOTgwLCJleHAiOjIxMDMxNTA5ODB9.Wr8FTK9wl19T5FOaksj5ARS5kqBpPrEiCSqHXDbajAw,https://qdhcyorsmkzxhepdjugo.supabase.co/storage/v1/object/sign/product-images/bitmain-antminer-s19-95th-blackout-vnish-os-used-4.jpg?token=eyJraWQiOiI2YzEzZTkyZS1iNGMzLTQ3OTgtODBhYS1hYzY2YjQxM2E1MzYiLCJhbGciOiJIUzI1NiJ9.eyJ1cmwiOiJwcm9kdWN0LWltYWdlcy9iaXRtYWluLWFudG1pbmVyLXMxOS05NXRoLWJsYWNrb3V0LXZuaXNoLW9zLXVzZWQtNC5qcGciLCJzY29wZSI6ImRvd25sb2FkIiwiaWF0IjoxNzg3NzkwOTgwLCJleHAiOjIxMDMxNTA5ODB9.H6x7o_gvO4-s3yI0cTGB0XCnsebQnscRgZ7HinkjBUY,https://qdhcyorsmkzxhepdjugo.supabase.co/storage/v1/object/sign/product-images/bitmain-antminer-s19-95th-blackout-vnish-os-used-5.jpg?token=eyJraWQiOiI2YzEzZTkyZS1iNGMzLTQ3OTgtODBhYS1hYzY2YjQxM2E1MzYiLCJhbGciOiJIUzI1NiJ9.eyJ1cmwiOiJwcm9kdWN0LWltYWdlcy9iaXRtYWluLWFudG1pbmVyLXMxOS05NXRoLWJsYWNrb3V0LXZuaXNoLW9zLXVzZWQtNS5qcGciLCJzY29wZSI6ImRvd25sb2FkIiwiaWF0IjoxNzg3NzkwOTgxLCJleHAiOjIxMDMxNTA5ODF9.X8_CV6HhyK965-shCSKUDI8pT8ofOC6GuD9v7Sclg_s	in_stock	157.49 USD		used	Bitmain	BITMAIN-ANTMINER-S19-95TH-BLACKOUT-VNISH-OS-USED	yes	5710	Bitcoin Mining Hardware > Used & Refurbished Miners	bitmain-used	95 TH/s hashrate on SHA-256,3250W power draw,34.2 J/TH energy efficiency,Used unit, bench-tested before dispatch,Ships worldwide from Hong Kong by DHL / FedEx express,30-day functional warranty and in-house repair support,Cooling: Air cooling,Voltage: 220-240V,Coins: BTC / BCH	US:::0.00 USD,CA:::0.00 USD,GB:::0.00 USD,IE:::0.00 USD,DE:::0.00 USD,FR:::0.00 USD,NL:::0.00 USD,BE:::0.00 USD,LU:::0.00 USD,AT:::0.00 USD,CH:::0.00 USD,IT:::0.00 USD,ES:::0.00 USD,PT:::0.00 USD,SE:::0.00 USD,NO:::0.00 USD,DK:::0.00 USD,FI:::0.00 USD,PL:::0.00 USD,CZ:::0.00 USD,SK:::0.00 USD,HU:::0.00 USD,RO:::0.00 USD,GR:::0.00 USD,TR:::0.00 USD,AU:::0.00 USD,NZ:::0.00 USD,JP:::0.00 USD,KR:::0.00 USD,SG:::0.00 USD,MY:::0.00 USD,TH:::0.00 USD,VN:::0.00 USD,PH:::0.00 USD,ID:::0.00 USD,IN:::0.00 USD,HK:::0.00 USD,TW:::0.00 USD,AE:::0.00 USD,SA:::0.00 USD,QA:::0.00 USD,KW:::0.00 USD,BH:::0.00 USD,OM:::0.00 USD,IL:::0.00 USD,ZA:::0.00 USD,NG:::0.00 USD,KE:::0.00 USD,EG:::0.00 USD,MA:::0.00 USD,BR:::0.00 USD,AR:::0.00 USD,CL:::0.00 USD,CO:::0.00 USD,MX:::0.00 USD,PE:::0.00 USD,UY:::0.00 USD,RU:::0.00 USD,UA:::0.00 USD,KZ:::0.00 USD,GE:::0.00 USD,PK:::0.00 USD,BD:::0.00 USD,LK:::0.00 USD,NP:::0.00 USD,CN:::0.00 USD	15 kg	used	SHA-256	under-500	Bitmain	Air cooling
bitdeer-sealminer-a4-ultra-hydro-886-th-s-bitcoin-miner	Bitdeer SealMiner A4 Ultra Hydro 886 TH/s Bitcoin Miner	Bitdeer SealMiner A4 Ultra Hydro 886 TH/s Bitcoin Miner — 886 TH/s on SHA-256 at 8372W (9.4 J/TH). Hydro cooled, factory sealed, PSU included, worldwide shipping from Bitcoin Mining Depot. PSU: Included. Model: Sealminer A4 Ultra Hydro. Power: 8372W. Cooling: Hydro. Voltage: 380 -480v. Hashrate: 886 TH/s. Humidity: 10 – 90 %. Size w/o: 665 X 482 X 86mm The Bitdeer SealMiner A4 Ultra Hydro is one of the most efficient Bitcoin miners in production: 886 TH/s at roughly 9.4 J/TH in a 1U-profile hydro sled. Buy the at Bitcoin Mining Depot with transparent pricing, verified stock and worldwide logistics. Every unit ships factory sealed with its power supply, and our engineers stay with you through commissioning so your first hashrate reading matches the spec sheet. Performance and efficiency: rated hashrate is 886 TH/s on the SHA-256 algorithm with a wall draw of 8372W, giving an efficiency of about 9.4 J/TH. Efficiency is what decides whether a machine survives the next difficulty cycle — at this rating the Bitdeer SealMiner keeps positive margins across a wide band of hosting rates, and it hashes profitably wherever your all-in power cost is competitive. Cooling and infrastructure: this is a liquid-cooled ASIC. It needs a closed hydro… Buy the Bitdeer SealMiner A4 Ultra Hydro 886 TH/s Bitcoin Miner from Bitcoin Mining Depot: verified new stock, crypto checkout, worldwide express delivery and hosting or repair support on request.	https://bitcoinminingdepot.net/products/bitdeer-sealminer-a4-ultra-hydro-886-th-s-bitcoin-miner	https://qdhcyorsmkzxhepdjugo.supabase.co/storage/v1/object/sign/product-images/bitdeer-sealminer-a4-ultra-hydro-886-th-s-bitcoin-miner.webp?token=eyJraWQiOiJzdG9yYWdlLXVybC1zaWduaW5nLWtleV82YzEzZTkyZS1iNGMzLTQ3OTgtODBhYS1hYzY2YjQxM2E1MzYiLCJhbGciOiJIUzI1NiJ9.eyJ1cmwiOiJwcm9kdWN0LWltYWdlcy9iaXRkZWVyLXNlYWxtaW5lci1hNC11bHRyYS1oeWRyby04ODYtdGgtcy1iaXRjb2luLW1pbmVyLndlYnAiLCJzY29wZSI6ImRvd25sb2FkIiwiaWF0IjoxNzg1NTg1ODM1LCJleHAiOjIxMDA5NDU4MzV9.TGIGuuzUVU-PpWZ5cu7Zw13I_4fEQx0epzRTfpMmU8E		in_stock	9999.00 USD		new	Bitdeer	BITDEER-SEALMINER-A4-ULTRA-HYDRO-886-TH-S-BITCOIN-MINER	yes	5710	Bitcoin Mining Hardware > ASIC Miners	bitdeer-new	886 TH/s hashrate on SHA-256,8372W power draw,9.4 J/TH energy efficiency,New unit, bench-tested before dispatch,Ships worldwide from Hong Kong by DHL / FedEx express,30-day functional warranty and in-house repair support,Cooling: Hydro,Voltage: 380 -480v	US:::0.00 USD,CA:::0.00 USD,GB:::0.00 USD,IE:::0.00 USD,DE:::0.00 USD,FR:::0.00 USD,NL:::0.00 USD,BE:::0.00 USD,LU:::0.00 USD,AT:::0.00 USD,CH:::0.00 USD,IT:::0.00 USD,ES:::0.00 USD,PT:::0.00 USD,SE:::0.00 USD,NO:::0.00 USD,DK:::0.00 USD,FI:::0.00 USD,PL:::0.00 USD,CZ:::0.00 USD,SK:::0.00 USD,HU:::0.00 USD,RO:::0.00 USD,GR:::0.00 USD,TR:::0.00 USD,AU:::0.00 USD,NZ:::0.00 USD,JP:::0.00 USD,KR:::0.00 USD,SG:::0.00 USD,MY:::0.00 USD,TH:::0.00 USD,VN:::0.00 USD,PH:::0.00 USD,ID:::0.00 USD,IN:::0.00 USD,HK:::0.00 USD,TW:::0.00 USD,AE:::0.00 USD,SA:::0.00 USD,QA:::0.00 USD,KW:::0.00 USD,BH:::0.00 USD,OM:::0.00 USD,IL:::0.00 USD,ZA:::0.00 USD,NG:::0.00 USD,KE:::0.00 USD,EG:::0.00 USD,MA:::0.00 USD,BR:::0.00 USD,AR:::0.00 USD,CL:::0.00 USD,CO:::0.00 USD,MX:::0.00 USD,PE:::0.00 USD,UY:::0.00 USD,RU:::0.00 USD,UA:::0.00 USD,KZ:::0.00 USD,GE:::0.00 USD,PK:::0.00 USD,BD:::0.00 USD,LK:::0.00 USD,NP:::0.00 USD,CN:::0.00 USD	15 kg	new	SHA-256	4000-10000	Bitdeer	Hydro
bitdeer-sealminer-a4-pro-hydro-680-th-s-bitcoin-miner	Bitdeer SealMiner A4 Pro Hydro 680 TH/s Bitcoin Miner	Bitdeer SealMiner A4 Pro Hydro 680 TH/s Bitcoin Miner — 680 TH/s on SHA-256 at 7412W (10.9 J/TH). Hydro cooled, factory sealed, PSU included, worldwide shipping from Bitcoin Mining Depot. PSU: Included. Model: Sealminer A4 Pro Hydro. Power: 7412W. Cooling: Hydro. Voltage: 380 -480v. Hashrate: 680 TH/s. Humidity: 10 – 90 %. Size w/o: 665 X 482 X 86mm The Bitdeer SealMiner A4 Pro Hydro pairs 680 TH/s with 10.9 J/TH efficiency and tolerates coolant inlet temperatures up to 55 °C, ideal for heat-reuse and warm-climate farms. Buy the at Bitcoin Mining Depot with transparent pricing, verified stock and worldwide logistics. Every unit ships factory sealed with its power supply, and our engineers stay with you through commissioning so your first hashrate reading matches the spec sheet. Performance and efficiency: rated hashrate is 680 TH/s on the SHA-256 algorithm with a wall draw of 7412W, giving an efficiency of about 10.9 J/TH. Efficiency is what decides whether a machine survives the next difficulty cycle — at this rating the Bitdeer SealMiner keeps positive margins across a wide band of hosting rates, and it hashes profitably wherever your all-in power cost is competitive. Cooling and infrastructure: this is a liquid-cooled ASIC. It… Buy the Bitdeer SealMiner A4 Pro Hydro 680 TH/s Bitcoin Miner from Bitcoin Mining Depot: verified new stock, crypto checkout, worldwide express delivery and hosting or repair support on request.	https://bitcoinminingdepot.net/products/bitdeer-sealminer-a4-pro-hydro-680-th-s-bitcoin-miner	https://qdhcyorsmkzxhepdjugo.supabase.co/storage/v1/object/sign/product-images/bitdeer-sealminer-a4-pro-hydro-680-th-s-bitcoin-miner.webp?token=eyJraWQiOiJzdG9yYWdlLXVybC1zaWduaW5nLWtleV82YzEzZTkyZS1iNGMzLTQ3OTgtODBhYS1hYzY2YjQxM2E1MzYiLCJhbGciOiJIUzI1NiJ9.eyJ1cmwiOiJwcm9kdWN0LWltYWdlcy9iaXRkZWVyLXNlYWxtaW5lci1hNC1wcm8taHlkcm8tNjgwLXRoLXMtYml0Y29pbi1taW5lci53ZWJwIiwic2NvcGUiOiJkb3dubG9hZCIsImlhdCI6MTc4NTU4NTgzNSwiZXhwIjoyMTAwOTQ1ODM1fQ.LkEUXyeW8vI3I7fc-2TYmndQ83PZUquC_Huy4ENBuhs		in_stock	8699.00 USD		new	Bitdeer	BITDEER-SEALMINER-A4-PRO-HYDRO-680-TH-S-BITCOIN-MINER	yes	5710	Bitcoin Mining Hardware > ASIC Miners	bitdeer-new	680 TH/s hashrate on SHA-256,7412W power draw,10.9 J/TH energy efficiency,New unit, bench-tested before dispatch,Ships worldwide from Hong Kong by DHL / FedEx express,30-day functional warranty and in-house repair support,Cooling: Hydro,Voltage: 380 -480v	US:::0.00 USD,CA:::0.00 USD,GB:::0.00 USD,IE:::0.00 USD,DE:::0.00 USD,FR:::0.00 USD,NL:::0.00 USD,BE:::0.00 USD,LU:::0.00 USD,AT:::0.00 USD,CH:::0.00 USD,IT:::0.00 USD,ES:::0.00 USD,PT:::0.00 USD,SE:::0.00 USD,NO:::0.00 USD,DK:::0.00 USD,FI:::0.00 USD,PL:::0.00 USD,CZ:::0.00 USD,SK:::0.00 USD,HU:::0.00 USD,RO:::0.00 USD,GR:::0.00 USD,TR:::0.00 USD,AU:::0.00 USD,NZ:::0.00 USD,JP:::0.00 USD,KR:::0.00 USD,SG:::0.00 USD,MY:::0.00 USD,TH:::0.00 USD,VN:::0.00 USD,PH:::0.00 USD,ID:::0.00 USD,IN:::0.00 USD,HK:::0.00 USD,TW:::0.00 USD,AE:::0.00 USD,SA:::0.00 USD,QA:::0.00 USD,KW:::0.00 USD,BH:::0.00 USD,OM:::0.00 USD,IL:::0.00 USD,ZA:::0.00 USD,NG:::0.00 USD,KE:::0.00 USD,EG:::0.00 USD,MA:::0.00 USD,BR:::0.00 USD,AR:::0.00 USD,CL:::0.00 USD,CO:::0.00 USD,MX:::0.00 USD,PE:::0.00 USD,UY:::0.00 USD,RU:::0.00 USD,UA:::0.00 USD,KZ:::0.00 USD,GE:::0.00 USD,PK:::0.00 USD,BD:::0.00 USD,LK:::0.00 USD,NP:::0.00 USD,CN:::0.00 USD	15 kg	new	SHA-256	4000-10000	Bitdeer	Hydro
bitmain-antminer-s23e-hydro-2u-865-th-s-bitcoin-miner	Bitmain Antminer S23e Hydro 2U 865 TH/s Bitcoin Miner	Bitmain Antminer S23e Hydro 2U 865 TH/s Bitcoin Miner — 865 TH/s on SHA-256 at 8650W (10.0 J/TH). Hydro cooled, factory sealed, PSU included, worldwide shipping from Bitcoin Mining Depot. PSU: Included. Model: Antminer S23e Hydro 2U. Power: 8650W. Cooling: Hydro. Voltage: 380-415v. Hashrate: 865 TH/s. Humidity: 10 – 90 %. Size w/o: 509 X 481 X 87mm The Antminer S23e Hydro 2U is a flagship-class Bitcoin miner: 865 TH/s at 10.0 J/TH inside a 2U liquid-cooled sled built for megawatt-scale hydro farms. Buy the at Bitcoin Mining Depot with transparent pricing, verified stock and worldwide logistics. Every unit ships factory sealed with its power supply, and our engineers stay with you through commissioning so your first hashrate reading matches the spec sheet. Performance and efficiency: rated hashrate is 865 TH/s on the SHA-256 algorithm with a wall draw of 8650W, giving an efficiency of about 10.0 J/TH. Efficiency is what decides whether a machine survives the next difficulty cycle — at this rating the Bitmain Antminer keeps positive margins across a wide band of hosting rates, and it hashes profitably wherever your all-in power cost is competitive. Cooling and infrastructure: this is a liquid-cooled ASIC. It needs a closed hydro… Buy the Bitmain Antminer S23e Hydro 2U 865 TH/s Bitcoin Miner from Bitcoin Mining Depot: verified new stock, crypto checkout, worldwide express delivery and hosting or repair support on request.	https://bitcoinminingdepot.net/products/bitmain-antminer-s23e-hydro-2u-865-th-s-bitcoin-miner	https://qdhcyorsmkzxhepdjugo.supabase.co/storage/v1/object/sign/product-images/bitmain-antminer-s23e-hydro-2u-865-th-s-bitcoin-miner.webp?token=eyJraWQiOiJzdG9yYWdlLXVybC1zaWduaW5nLWtleV82YzEzZTkyZS1iNGMzLTQ3OTgtODBhYS1hYzY2YjQxM2E1MzYiLCJhbGciOiJIUzI1NiJ9.eyJ1cmwiOiJwcm9kdWN0LWltYWdlcy9iaXRtYWluLWFudG1pbmVyLXMyM2UtaHlkcm8tMnUtODY1LXRoLXMtYml0Y29pbi1taW5lci53ZWJwIiwic2NvcGUiOiJkb3dubG9hZCIsImlhdCI6MTc4NTU4NTgyOCwiZXhwIjoyMTAwOTQ1ODI4fQ.3z-dKjPh12hSR9RXg2VcltkKViPIa0Rhtg7Ofkcd-8Y		in_stock	19999.00 USD		new	Bitmain	BITMAIN-ANTMINER-S23E-HYDRO-2U-865-TH-S-BITCOIN-MINER	yes	5710	Bitcoin Mining Hardware > ASIC Miners	bitmain-new	865 TH/s hashrate on SHA-256,8650W power draw,10.0 J/TH energy efficiency,New unit, bench-tested before dispatch,Ships worldwide from Hong Kong by DHL / FedEx express,30-day functional warranty and in-house repair support,Cooling: Hydro,Voltage: 380-415v	US:::0.00 USD,CA:::0.00 USD,GB:::0.00 USD,IE:::0.00 USD,DE:::0.00 USD,FR:::0.00 USD,NL:::0.00 USD,BE:::0.00 USD,LU:::0.00 USD,AT:::0.00 USD,CH:::0.00 USD,IT:::0.00 USD,ES:::0.00 USD,PT:::0.00 USD,SE:::0.00 USD,NO:::0.00 USD,DK:::0.00 USD,FI:::0.00 USD,PL:::0.00 USD,CZ:::0.00 USD,SK:::0.00 USD,HU:::0.00 USD,RO:::0.00 USD,GR:::0.00 USD,TR:::0.00 USD,AU:::0.00 USD,NZ:::0.00 USD,JP:::0.00 USD,KR:::0.00 USD,SG:::0.00 USD,MY:::0.00 USD,TH:::0.00 USD,VN:::0.00 USD,PH:::0.00 USD,ID:::0.00 USD,IN:::0.00 USD,HK:::0.00 USD,TW:::0.00 USD,AE:::0.00 USD,SA:::0.00 USD,QA:::0.00 USD,KW:::0.00 USD,BH:::0.00 USD,OM:::0.00 USD,IL:::0.00 USD,ZA:::0.00 USD,NG:::0.00 USD,KE:::0.00 USD,EG:::0.00 USD,MA:::0.00 USD,BR:::0.00 USD,AR:::0.00 USD,CL:::0.00 USD,CO:::0.00 USD,MX:::0.00 USD,PE:::0.00 USD,UY:::0.00 USD,RU:::0.00 USD,UA:::0.00 USD,KZ:::0.00 USD,GE:::0.00 USD,PK:::0.00 USD,BD:::0.00 USD,LK:::0.00 USD,NP:::0.00 USD,CN:::0.00 USD	15 kg	new	SHA-256	10000-plus	Bitmain	Hydro
ipollo-clawpc-a1-mini-crypto-mining-ai-mini-pc	iPollo ClawPC A1 Mini Crypto Mining & AI Mini PC BPU accelerated	iPollo ClawPC A1 Mini Crypto Mining & AI Mini PC — BPU accelerated on CPU / BPU hybrid at 65W (—). Air cooled, factory sealed, PSU included, worldwide shipping from Bitcoin Mining Depot. OS: Pre-installed Ubuntu. PSU: Included. Size: 11.4 × 10.6 × 3.75 mm. Model: R5-5600H Processor. Cooling: Air. Network: 10M/100M/1000M RJ45 LAN port, Wi-Fi 6, Bluetooth 5.2. Storage: M.2 2280 and M.2 2242 (256G/512G/1T/2T(×2)). Graphics: AMD Radeon Vega7 The iPollo ClawPC A1 Mini is a hybrid desktop: a Ryzen 5 5600H mini PC with an onboard BPU that can mine CPU-friendly coins, run AI agents and still work as an everyday Ubuntu workstation. Buy the at Bitcoin Mining Depot with transparent pricing, verified stock and worldwide logistics. Every unit ships factory sealed with its power supply, and our engineers stay with you through commissioning so your first hashrate reading matches the spec sheet. Performance and efficiency: rated hashrate is BPU accelerated on the CPU / BPU hybrid algorithm with a wall draw of 65W, giving an efficiency of about —. Efficiency is what decides whether a machine survives the next difficulty cycle — at this rating the iPollo ClawPC keeps positive margins across a wide band of hosting rates, and it hashes profitably wherever your all-in power cost is competitive. Cooling and installation: this unit is air… Buy the iPollo ClawPC A1 Mini Crypto Mining & AI Mini PC from Bitcoin Mining Depot: verified new stock, crypto checkout, worldwide express delivery and hosting or repair support on request.	https://bitcoinminingdepot.net/products/ipollo-clawpc-a1-mini-crypto-mining-ai-mini-pc	https://qdhcyorsmkzxhepdjugo.supabase.co/storage/v1/object/sign/product-images/ipollo-clawpc-a1-mini-crypto-mining-ai-mini-pc.webp?token=eyJraWQiOiJzdG9yYWdlLXVybC1zaWduaW5nLWtleV82YzEzZTkyZS1iNGMzLTQ3OTgtODBhYS1hYzY2YjQxM2E1MzYiLCJhbGciOiJIUzI1NiJ9.eyJ1cmwiOiJwcm9kdWN0LWltYWdlcy9pcG9sbG8tY2xhd3BjLWExLW1pbmktY3J5cHRvLW1pbmluZy1haS1taW5pLXBjLndlYnAiLCJzY29wZSI6ImRvd25sb2FkIiwiaWF0IjoxNzg1NTg1ODMwLCJleHAiOjIxMDA5NDU4MzB9.tBELl8RGXyJCpCOKk8GW4bTTNyKRTcZD4XlmVNGgY-Q		in_stock	549.00 USD		new	iPollo	IPOLLO-CLAWPC-A1-MINI-CRYPTO-MINING-AI-MINI-PC	yes	5710	Bitcoin Mining Hardware > Mining Accessories	ipollo-new	BPU accelerated hashrate on CPU / BPU hybrid,65W power draw,— energy efficiency,New unit, bench-tested before dispatch,Ships worldwide from Hong Kong by DHL / FedEx express,30-day functional warranty and in-house repair support,Cooling: Air	US:::0.00 USD,CA:::0.00 USD,GB:::0.00 USD,IE:::0.00 USD,DE:::0.00 USD,FR:::0.00 USD,NL:::0.00 USD,BE:::0.00 USD,LU:::0.00 USD,AT:::0.00 USD,CH:::0.00 USD,IT:::0.00 USD,ES:::0.00 USD,PT:::0.00 USD,SE:::0.00 USD,NO:::0.00 USD,DK:::0.00 USD,FI:::0.00 USD,PL:::0.00 USD,CZ:::0.00 USD,SK:::0.00 USD,HU:::0.00 USD,RO:::0.00 USD,GR:::0.00 USD,TR:::0.00 USD,AU:::0.00 USD,NZ:::0.00 USD,JP:::0.00 USD,KR:::0.00 USD,SG:::0.00 USD,MY:::0.00 USD,TH:::0.00 USD,VN:::0.00 USD,PH:::0.00 USD,ID:::0.00 USD,IN:::0.00 USD,HK:::0.00 USD,TW:::0.00 USD,AE:::0.00 USD,SA:::0.00 USD,QA:::0.00 USD,KW:::0.00 USD,BH:::0.00 USD,OM:::0.00 USD,IL:::0.00 USD,ZA:::0.00 USD,NG:::0.00 USD,KE:::0.00 USD,EG:::0.00 USD,MA:::0.00 USD,BR:::0.00 USD,AR:::0.00 USD,CL:::0.00 USD,CO:::0.00 USD,MX:::0.00 USD,PE:::0.00 USD,UY:::0.00 USD,RU:::0.00 USD,UA:::0.00 USD,KZ:::0.00 USD,GE:::0.00 USD,PK:::0.00 USD,BD:::0.00 USD,LK:::0.00 USD,NP:::0.00 USD,CN:::0.00 USD	15 kg	new	CPU / BPU hybrid	500-1500	iPollo	Air
pinecone-matches-inibox-pro-2-4-gh-s-initverse-ini-miner	Pinecone Matches INIBOX Pro 2.4 GH/s Initverse (INI) Miner	Pinecone Matches INIBOX Pro 2.4 GH/s Initverse (INI) Miner — 2.4 GH/s on VersaHash at 1280W (533 W/GH). Air cooled, factory sealed, PSU included, worldwide shipping from Bitcoin Mining Depot. Fan: 2. PSU: Included. Size: 270 x 184 x 291mm. Model: Matches INIBOX Pro. Power: 1280W. Weight: 10.7kg. Cooling: Air. Voltage: 220v The Pinecone Matches INIBOX Pro is a purpose-built Initverse (INI) miner running the VersaHash algorithm at 2.4 GH/s from ordinary 220V single-phase power. Buy the at Bitcoin Mining Depot with transparent pricing, verified stock and worldwide logistics. Every unit ships factory sealed with its power supply, and our engineers stay with you through commissioning so your first hashrate reading matches the spec sheet. Performance and efficiency: rated hashrate is 2.4 GH/s on the VersaHash algorithm with a wall draw of 1280W, giving an efficiency of about 533 W/GH. Efficiency is what decides whether a machine survives the next difficulty cycle — at this rating the Pinecone Matches keeps positive margins across a wide band of hosting rates, and it hashes profitably wherever your all-in power cost is competitive. Cooling and installation: this unit is air cooled, so no plumbing is required.… Buy the Pinecone Matches INIBOX Pro 2.4 GH/s Initverse (INI) Miner from Bitcoin Mining Depot: verified new stock, crypto checkout, worldwide express delivery and hosting or repair support on request.	https://bitcoinminingdepot.net/products/pinecone-matches-inibox-pro-2-4-gh-s-initverse-ini-miner	https://qdhcyorsmkzxhepdjugo.supabase.co/storage/v1/object/sign/product-images/pinecone-matches-inibox-pro-2-4-gh-s-initverse-ini-miner.webp?token=eyJraWQiOiJzdG9yYWdlLXVybC1zaWduaW5nLWtleV82YzEzZTkyZS1iNGMzLTQ3OTgtODBhYS1hYzY2YjQxM2E1MzYiLCJhbGciOiJIUzI1NiJ9.eyJ1cmwiOiJwcm9kdWN0LWltYWdlcy9waW5lY29uZS1tYXRjaGVzLWluaWJveC1wcm8tMi00LWdoLXMtaW5pdHZlcnNlLWluaS1taW5lci53ZWJwIiwic2NvcGUiOiJkb3dubG9hZCIsImlhdCI6MTc4NTU4NTgzMiwiZXhwIjoyMTAwOTQ1ODMyfQ.v2lOHQX3iBXnj0Sd6ftIz2NU8yCdWR29iSQQcgE2RXI		in_stock	8499.00 USD		new	Pinecone	PINECONE-MATCHES-INIBOX-PRO-2-4-GH-S-INITVERSE-INI-MINER	yes	5710	Bitcoin Mining Hardware > ASIC Miners	pinecone-new	2.4 GH/s hashrate on VersaHash,1280W power draw,533 W/GH energy efficiency,New unit, bench-tested before dispatch,Ships worldwide from Hong Kong by DHL / FedEx express,30-day functional warranty and in-house repair support,Cooling: Air,Voltage: 220v	US:::0.00 USD,CA:::0.00 USD,GB:::0.00 USD,IE:::0.00 USD,DE:::0.00 USD,FR:::0.00 USD,NL:::0.00 USD,BE:::0.00 USD,LU:::0.00 USD,AT:::0.00 USD,CH:::0.00 USD,IT:::0.00 USD,ES:::0.00 USD,PT:::0.00 USD,SE:::0.00 USD,NO:::0.00 USD,DK:::0.00 USD,FI:::0.00 USD,PL:::0.00 USD,CZ:::0.00 USD,SK:::0.00 USD,HU:::0.00 USD,RO:::0.00 USD,GR:::0.00 USD,TR:::0.00 USD,AU:::0.00 USD,NZ:::0.00 USD,JP:::0.00 USD,KR:::0.00 USD,SG:::0.00 USD,MY:::0.00 USD,TH:::0.00 USD,VN:::0.00 USD,PH:::0.00 USD,ID:::0.00 USD,IN:::0.00 USD,HK:::0.00 USD,TW:::0.00 USD,AE:::0.00 USD,SA:::0.00 USD,QA:::0.00 USD,KW:::0.00 USD,BH:::0.00 USD,OM:::0.00 USD,IL:::0.00 USD,ZA:::0.00 USD,NG:::0.00 USD,KE:::0.00 USD,EG:::0.00 USD,MA:::0.00 USD,BR:::0.00 USD,AR:::0.00 USD,CL:::0.00 USD,CO:::0.00 USD,MX:::0.00 USD,PE:::0.00 USD,UY:::0.00 USD,RU:::0.00 USD,UA:::0.00 USD,KZ:::0.00 USD,GE:::0.00 USD,PK:::0.00 USD,BD:::0.00 USD,LK:::0.00 USD,NP:::0.00 USD,CN:::0.00 USD	15 kg	new	VersaHash	4000-10000	Pinecone	Air
bitaxe-gamma-turbo-gt-801-2-15-th-s-solo-bitcoin-miner	Bitaxe Gamma Turbo GT 801 2.15 TH/s Solo Bitcoin Miner	Bitaxe Gamma Turbo GT 801 2.15 TH/s Solo Bitcoin Miner — 2.15 TH/s on SHA-256 at 43W (20 J/TH). Air cooled, factory sealed, PSU included, worldwide shipping from Bitcoin Mining Depot. PSU: Included. Model: Gamma Turbo GT 801. Power: 43W. Fan(s): 1. Cooling: Air. Display: Removable 0.91″ OLED Bitaxe display. Hashrate: 2.15 TH/s. Humidity: 10 – 95 % The Bitaxe Gamma Turbo GT 801 is an open-source solo lottery miner: two BM1370 chips, 2.15 TH/s, 43W, an OLED display and WiFi setup in a 60mm cube. Buy the at Bitcoin Mining Depot with transparent pricing, verified stock and worldwide logistics. Every unit ships factory sealed with its power supply, and our engineers stay with you through commissioning so your first hashrate reading matches the spec sheet. Performance and efficiency: rated hashrate is 2.15 TH/s on the SHA-256 algorithm with a wall draw of 43W, giving an efficiency of about 20 J/TH. Efficiency is what decides whether a machine survives the next difficulty cycle — at this rating the Bitaxe Gamma keeps positive margins across a wide band of hosting rates, and it hashes profitably wherever your all-in power cost is competitive. Cooling and installation: this unit is air cooled, so no plumbing is required. Give it filtered… Buy the Bitaxe Gamma Turbo GT 801 2.15 TH/s Solo Bitcoin Miner from Bitcoin Mining Depot: verified new stock, crypto checkout, worldwide express delivery and hosting or repair support on request.	https://bitcoinminingdepot.net/products/bitaxe-gamma-turbo-gt-801-2-15-th-s-solo-bitcoin-miner	https://qdhcyorsmkzxhepdjugo.supabase.co/storage/v1/object/sign/product-images/bitaxe-gamma-turbo-gt-801-2-15-th-s-solo-bitcoin-miner.webp?token=eyJraWQiOiJzdG9yYWdlLXVybC1zaWduaW5nLWtleV82YzEzZTkyZS1iNGMzLTQ3OTgtODBhYS1hYzY2YjQxM2E1MzYiLCJhbGciOiJIUzI1NiJ9.eyJ1cmwiOiJwcm9kdWN0LWltYWdlcy9iaXRheGUtZ2FtbWEtdHVyYm8tZ3QtODAxLTItMTUtdGgtcy1zb2xvLWJpdGNvaW4tbWluZXIud2VicCIsInNjb3BlIjoiZG93bmxvYWQiLCJpYXQiOjE3ODU1ODU4MzIsImV4cCI6MjEwMDk0NTgzMn0.BxQDU35kvTGIMycSxylU2ynLvogJGXSCMSBin8U0aGM		in_stock	139.00 USD		new	Bitaxe	BITAXE-GAMMA-TURBO-GT-801-2-15-TH-S-SOLO-BITCOIN-MINER	yes	5710	Bitcoin Mining Hardware > ASIC Miners	bitaxe-new	2.15 TH/s hashrate on SHA-256,43W power draw,20 J/TH energy efficiency,New unit, bench-tested before dispatch,Ships worldwide from Hong Kong by DHL / FedEx express,30-day functional warranty and in-house repair support,Cooling: Air	US:::0.00 USD,CA:::0.00 USD,GB:::0.00 USD,IE:::0.00 USD,DE:::0.00 USD,FR:::0.00 USD,NL:::0.00 USD,BE:::0.00 USD,LU:::0.00 USD,AT:::0.00 USD,CH:::0.00 USD,IT:::0.00 USD,ES:::0.00 USD,PT:::0.00 USD,SE:::0.00 USD,NO:::0.00 USD,DK:::0.00 USD,FI:::0.00 USD,PL:::0.00 USD,CZ:::0.00 USD,SK:::0.00 USD,HU:::0.00 USD,RO:::0.00 USD,GR:::0.00 USD,TR:::0.00 USD,AU:::0.00 USD,NZ:::0.00 USD,JP:::0.00 USD,KR:::0.00 USD,SG:::0.00 USD,MY:::0.00 USD,TH:::0.00 USD,VN:::0.00 USD,PH:::0.00 USD,ID:::0.00 USD,IN:::0.00 USD,HK:::0.00 USD,TW:::0.00 USD,AE:::0.00 USD,SA:::0.00 USD,QA:::0.00 USD,KW:::0.00 USD,BH:::0.00 USD,OM:::0.00 USD,IL:::0.00 USD,ZA:::0.00 USD,NG:::0.00 USD,KE:::0.00 USD,EG:::0.00 USD,MA:::0.00 USD,BR:::0.00 USD,AR:::0.00 USD,CL:::0.00 USD,CO:::0.00 USD,MX:::0.00 USD,PE:::0.00 USD,UY:::0.00 USD,RU:::0.00 USD,UA:::0.00 USD,KZ:::0.00 USD,GE:::0.00 USD,PK:::0.00 USD,BD:::0.00 USD,LK:::0.00 USD,NP:::0.00 USD,CN:::0.00 USD	15 kg	new	SHA-256	under-500	Bitaxe	Air
bitdeer-sealminer-a4-pro-air-336-th-s-bitcoin-miner	Bitdeer SealMiner A4 Pro Air 336 TH/s Bitcoin Miner	Bitdeer SealMiner A4 Pro Air 336 TH/s Bitcoin Miner — 336 TH/s on SHA-256 at 3662W (10.9 J/TH). Air cooled, factory sealed, PSU included, worldwide shipping from Bitcoin Mining Depot. PSU: Included. Model: Sealminer A4 Pro Air. Power: 3662W. Fan(s): 4. Cooling: Air. Voltage: 220-277v. Hashrate: 336 TH/s. Humidity: 10 – 90 % The Bitdeer SealMiner A4 Pro Air brings hydro-class efficiency to air cooling: 336 TH/s at 10.9 J/TH on standard 220–277V single-phase power, with no plumbing required. Buy the at Bitcoin Mining Depot with transparent pricing, verified stock and worldwide logistics. Every unit ships factory sealed with its power supply, and our engineers stay with you through commissioning so your first hashrate reading matches the spec sheet. Performance and efficiency: rated hashrate is 336 TH/s on the SHA-256 algorithm with a wall draw of 3662W, giving an efficiency of about 10.9 J/TH. Efficiency is what decides whether a machine survives the next difficulty cycle — at this rating the Bitdeer SealMiner keeps positive margins across a wide band of hosting rates, and it hashes profitably wherever your all-in power cost is competitive. Cooling and installation: this unit is air cooled, so no plumbing is… Buy the Bitdeer SealMiner A4 Pro Air 336 TH/s Bitcoin Miner from Bitcoin Mining Depot: verified new stock, crypto checkout, worldwide express delivery and hosting or repair support on request.	https://bitcoinminingdepot.net/products/bitdeer-sealminer-a4-pro-air-336-th-s-bitcoin-miner	https://qdhcyorsmkzxhepdjugo.supabase.co/storage/v1/object/sign/product-images/bitdeer-sealminer-a4-pro-air-336-th-s-bitcoin-miner.webp?token=eyJraWQiOiJzdG9yYWdlLXVybC1zaWduaW5nLWtleV82YzEzZTkyZS1iNGMzLTQ3OTgtODBhYS1hYzY2YjQxM2E1MzYiLCJhbGciOiJIUzI1NiJ9.eyJ1cmwiOiJwcm9kdWN0LWltYWdlcy9iaXRkZWVyLXNlYWxtaW5lci1hNC1wcm8tYWlyLTMzNi10aC1zLWJpdGNvaW4tbWluZXIud2VicCIsInNjb3BlIjoiZG93bmxvYWQiLCJpYXQiOjE3ODU1ODU4MzMsImV4cCI6MjEwMDk0NTgzM30.uY2puWo_yxkoAeQM1RlvauqHJfES9Dd_GUje_p0NMVk		in_stock	3999.00 USD		new	Bitdeer	BITDEER-SEALMINER-A4-PRO-AIR-336-TH-S-BITCOIN-MINER	yes	5710	Bitcoin Mining Hardware > ASIC Miners	bitdeer-new	336 TH/s hashrate on SHA-256,3662W power draw,10.9 J/TH energy efficiency,New unit, bench-tested before dispatch,Ships worldwide from Hong Kong by DHL / FedEx express,30-day functional warranty and in-house repair support,Cooling: Air,Voltage: 220-277v	US:::0.00 USD,CA:::0.00 USD,GB:::0.00 USD,IE:::0.00 USD,DE:::0.00 USD,FR:::0.00 USD,NL:::0.00 USD,BE:::0.00 USD,LU:::0.00 USD,AT:::0.00 USD,CH:::0.00 USD,IT:::0.00 USD,ES:::0.00 USD,PT:::0.00 USD,SE:::0.00 USD,NO:::0.00 USD,DK:::0.00 USD,FI:::0.00 USD,PL:::0.00 USD,CZ:::0.00 USD,SK:::0.00 USD,HU:::0.00 USD,RO:::0.00 USD,GR:::0.00 USD,TR:::0.00 USD,AU:::0.00 USD,NZ:::0.00 USD,JP:::0.00 USD,KR:::0.00 USD,SG:::0.00 USD,MY:::0.00 USD,TH:::0.00 USD,VN:::0.00 USD,PH:::0.00 USD,ID:::0.00 USD,IN:::0.00 USD,HK:::0.00 USD,TW:::0.00 USD,AE:::0.00 USD,SA:::0.00 USD,QA:::0.00 USD,KW:::0.00 USD,BH:::0.00 USD,OM:::0.00 USD,IL:::0.00 USD,ZA:::0.00 USD,NG:::0.00 USD,KE:::0.00 USD,EG:::0.00 USD,MA:::0.00 USD,BR:::0.00 USD,AR:::0.00 USD,CL:::0.00 USD,CO:::0.00 USD,MX:::0.00 USD,PE:::0.00 USD,UY:::0.00 USD,RU:::0.00 USD,UA:::0.00 USD,KZ:::0.00 USD,GE:::0.00 USD,PK:::0.00 USD,BD:::0.00 USD,LK:::0.00 USD,NP:::0.00 USD,CN:::0.00 USD	15 kg	new	SHA-256	1500-4000	Bitdeer	Air
lucky-miner-lv07-pro-3-th-s-quiet-home-bitcoin-miner	Lucky Miner LV07 Pro 3 TH/s Quiet Home Bitcoin Miner	Lucky Miner LV07 Pro 3 TH/s Quiet Home Bitcoin Miner — 3 TH/s on SHA-256 at 50W (16.7 J/TH). Air cooled, factory sealed, PSU included, worldwide shipping from Bitcoin Mining Depot. PSU: Included. Model: LV07 Pro. Power: 50W. Cooling: Air. Voltage: 100-240v. Hashrate: 3 TH/s. Humidity: 5 – 95 %. Size w/o: 200 x 148 x 68mm The Lucky Miner LV07 Pro is a 370-gram, 50W desktop Bitcoin miner producing 3 TH/s at 38 dB — quiet enough for a bedroom or office and cheap enough to leave running 24/7. Buy the at Bitcoin Mining Depot with transparent pricing, verified stock and worldwide logistics. Every unit ships factory sealed with its power supply, and our engineers stay with you through commissioning so your first hashrate reading matches the spec sheet. Performance and efficiency: rated hashrate is 3 TH/s on the SHA-256 algorithm with a wall draw of 50W, giving an efficiency of about 16.7 J/TH. Efficiency is what decides whether a machine survives the next difficulty cycle — at this rating the Lucky Miner Miner keeps positive margins across a wide band of hosting rates, and it hashes profitably wherever your all-in power cost is competitive. Cooling and installation: this unit is air cooled, so no plumbing is… Buy the Lucky Miner LV07 Pro 3 TH/s Quiet Home Bitcoin Miner from Bitcoin Mining Depot: verified new stock, crypto checkout, worldwide express delivery and hosting or repair support on request.	https://bitcoinminingdepot.net/products/lucky-miner-lv07-pro-3-th-s-quiet-home-bitcoin-miner	https://qdhcyorsmkzxhepdjugo.supabase.co/storage/v1/object/sign/product-images/lucky-miner-lv07-pro-3-th-s-quiet-home-bitcoin-miner.webp?token=eyJraWQiOiJzdG9yYWdlLXVybC1zaWduaW5nLWtleV82YzEzZTkyZS1iNGMzLTQ3OTgtODBhYS1hYzY2YjQxM2E1MzYiLCJhbGciOiJIUzI1NiJ9.eyJ1cmwiOiJwcm9kdWN0LWltYWdlcy9sdWNreS1taW5lci1sdjA3LXByby0zLXRoLXMtcXVpZXQtaG9tZS1iaXRjb2luLW1pbmVyLndlYnAiLCJzY29wZSI6ImRvd25sb2FkIiwiaWF0IjoxNzg1NTg1ODM0LCJleHAiOjIxMDA5NDU4MzR9.9YPKK8SmYNnEeZToEOypRaHla8Qs3XVs5QDEKTs5ayQ		in_stock	199.00 USD		new	Lucky Miner	LUCKY-MINER-LV07-PRO-3-TH-S-QUIET-HOME-BITCOIN-MINER	yes	5710	Bitcoin Mining Hardware > ASIC Miners	lucky-miner-new	3 TH/s hashrate on SHA-256,50W power draw,16.7 J/TH energy efficiency,New unit, bench-tested before dispatch,Ships worldwide from Hong Kong by DHL / FedEx express,30-day functional warranty and in-house repair support,Cooling: Air,Voltage: 100-240v	US:::0.00 USD,CA:::0.00 USD,GB:::0.00 USD,IE:::0.00 USD,DE:::0.00 USD,FR:::0.00 USD,NL:::0.00 USD,BE:::0.00 USD,LU:::0.00 USD,AT:::0.00 USD,CH:::0.00 USD,IT:::0.00 USD,ES:::0.00 USD,PT:::0.00 USD,SE:::0.00 USD,NO:::0.00 USD,DK:::0.00 USD,FI:::0.00 USD,PL:::0.00 USD,CZ:::0.00 USD,SK:::0.00 USD,HU:::0.00 USD,RO:::0.00 USD,GR:::0.00 USD,TR:::0.00 USD,AU:::0.00 USD,NZ:::0.00 USD,JP:::0.00 USD,KR:::0.00 USD,SG:::0.00 USD,MY:::0.00 USD,TH:::0.00 USD,VN:::0.00 USD,PH:::0.00 USD,ID:::0.00 USD,IN:::0.00 USD,HK:::0.00 USD,TW:::0.00 USD,AE:::0.00 USD,SA:::0.00 USD,QA:::0.00 USD,KW:::0.00 USD,BH:::0.00 USD,OM:::0.00 USD,IL:::0.00 USD,ZA:::0.00 USD,NG:::0.00 USD,KE:::0.00 USD,EG:::0.00 USD,MA:::0.00 USD,BR:::0.00 USD,AR:::0.00 USD,CL:::0.00 USD,CO:::0.00 USD,MX:::0.00 USD,PE:::0.00 USD,UY:::0.00 USD,RU:::0.00 USD,UA:::0.00 USD,KZ:::0.00 USD,GE:::0.00 USD,PK:::0.00 USD,BD:::0.00 USD,LK:::0.00 USD,NP:::0.00 USD,CN:::0.00 USD	15 kg	new	SHA-256	under-500	Lucky Miner	Air
microbt-whatsminer-m63s-plus-hydro-430-th-s-bitcoin-miner	MicroBT Whatsminer M63S+ Hydro 430 TH/s Bitcoin Miner	MicroBT Whatsminer M63S+ Hydro 430 TH/s Bitcoin Miner — 430 TH/s on SHA-256 at 7208W (16.8 J/TH). Hydro cooled, factory sealed, PSU included, worldwide shipping from Bitcoin Mining Depot. PSU: Included. Size: 663 x 86 x 483mm. Model: Whatsminer M63S+ Hydro. Power: 7208W. Cooling: Hydro. Voltage: 380-480V. Hashrate: 430 TH/s. Humidity: 5 – 95 % The Whatsminer M63S+ Hydro delivers 430 TH/s from a 4U blade rack-mountable chassis that needs only about 1 litre of coolant per machine — a proven workhorse for hydro retrofits. Buy the at Bitcoin Mining Depot with transparent pricing, verified stock and worldwide logistics. Every unit ships factory sealed with its power supply, and our engineers stay with you through commissioning so your first hashrate reading matches the spec sheet. Performance and efficiency: rated hashrate is 430 TH/s on the SHA-256 algorithm with a wall draw of 7208W, giving an efficiency of about 16.8 J/TH. Efficiency is what decides whether a machine survives the next difficulty cycle — at this rating the MicroBT Whatsminer keeps positive margins across a wide band of hosting rates, and it hashes profitably wherever your all-in power cost is competitive. Cooling and infrastructure: this is a liquid-cooled ASIC.… Buy the MicroBT Whatsminer M63S+ Hydro 430 TH/s Bitcoin Miner from Bitcoin Mining Depot: verified new stock, crypto checkout, worldwide express delivery and hosting or repair support on request.	https://bitcoinminingdepot.net/products/microbt-whatsminer-m63s-plus-hydro-430-th-s-bitcoin-miner	https://qdhcyorsmkzxhepdjugo.supabase.co/storage/v1/object/sign/product-images/microbt-whatsminer-m63s-plus-hydro-430-th-s-bitcoin-miner.webp?token=eyJraWQiOiJzdG9yYWdlLXVybC1zaWduaW5nLWtleV82YzEzZTkyZS1iNGMzLTQ3OTgtODBhYS1hYzY2YjQxM2E1MzYiLCJhbGciOiJIUzI1NiJ9.eyJ1cmwiOiJwcm9kdWN0LWltYWdlcy9taWNyb2J0LXdoYXRzbWluZXItbTYzcy1wbHVzLWh5ZHJvLTQzMC10aC1zLWJpdGNvaW4tbWluZXIud2VicCIsInNjb3BlIjoiZG93bmxvYWQiLCJpYXQiOjE3ODU1ODU4MjksImV4cCI6MjEwMDk0NTgyOX0.oFqrrbT1naWVht3WuFXT0YztoJd8_pkv9P9v3qXBicE		in_stock	4099.00 USD		new	MicroBT	MICROBT-WHATSMINER-M63S-PLUS-HYDRO-430-TH-S-BITCOIN-MINER	yes	5710	Bitcoin Mining Hardware > ASIC Miners	microbt-new	430 TH/s hashrate on SHA-256,7208W power draw,16.8 J/TH energy efficiency,New unit, bench-tested before dispatch,Ships worldwide from Hong Kong by DHL / FedEx express,30-day functional warranty and in-house repair support,Cooling: Hydro,Voltage: 380-480V	US:::0.00 USD,CA:::0.00 USD,GB:::0.00 USD,IE:::0.00 USD,DE:::0.00 USD,FR:::0.00 USD,NL:::0.00 USD,BE:::0.00 USD,LU:::0.00 USD,AT:::0.00 USD,CH:::0.00 USD,IT:::0.00 USD,ES:::0.00 USD,PT:::0.00 USD,SE:::0.00 USD,NO:::0.00 USD,DK:::0.00 USD,FI:::0.00 USD,PL:::0.00 USD,CZ:::0.00 USD,SK:::0.00 USD,HU:::0.00 USD,RO:::0.00 USD,GR:::0.00 USD,TR:::0.00 USD,AU:::0.00 USD,NZ:::0.00 USD,JP:::0.00 USD,KR:::0.00 USD,SG:::0.00 USD,MY:::0.00 USD,TH:::0.00 USD,VN:::0.00 USD,PH:::0.00 USD,ID:::0.00 USD,IN:::0.00 USD,HK:::0.00 USD,TW:::0.00 USD,AE:::0.00 USD,SA:::0.00 USD,QA:::0.00 USD,KW:::0.00 USD,BH:::0.00 USD,OM:::0.00 USD,IL:::0.00 USD,ZA:::0.00 USD,NG:::0.00 USD,KE:::0.00 USD,EG:::0.00 USD,MA:::0.00 USD,BR:::0.00 USD,AR:::0.00 USD,CL:::0.00 USD,CO:::0.00 USD,MX:::0.00 USD,PE:::0.00 USD,UY:::0.00 USD,RU:::0.00 USD,UA:::0.00 USD,KZ:::0.00 USD,GE:::0.00 USD,PK:::0.00 USD,BD:::0.00 USD,LK:::0.00 USD,NP:::0.00 USD,CN:::0.00 USD	15 kg	new	SHA-256	4000-10000	MicroBT	Hydro
magicminer-wm02-pro-550-mh-s-dogecoin-litecoin-scrypt-miner	Magicminer WM02 Pro 550 MH/s Dogecoin & Litecoin Miner	Magicminer WM02 Pro 550 MH/s Dogecoin & Litecoin Miner — 550 MH/s on Scrypt at 140W (0.25 W/MH). Air cooled, factory sealed, PSU included, worldwide shipping from Bitcoin Mining Depot. PSU: Included. Model: WM02 Pro. Power: 140W. Fan(s): 2. Cooling: Air. Voltage: 110-240v. Hashrate: 550 MH/s. Humidity: 0 – 90 % The Magicminer WM02 Pro is a compact Scrypt ASIC that merge-mines Dogecoin and Litecoin at 550 MH/s while drawing just 140W from a normal wall socket. Buy the at Bitcoin Mining Depot with transparent pricing, verified stock and worldwide logistics. Every unit ships factory sealed with its power supply, and our engineers stay with you through commissioning so your first hashrate reading matches the spec sheet. Performance and efficiency: rated hashrate is 550 MH/s on the Scrypt algorithm with a wall draw of 140W, giving an efficiency of about 0.25 W/MH. Efficiency is what decides whether a machine survives the next difficulty cycle — at this rating the Magicminer WM02 keeps positive margins across a wide band of hosting rates, and it hashes profitably wherever your all-in power cost is competitive. Cooling and installation: this unit is air cooled, so no plumbing is required. Give it… Buy the Magicminer WM02 Pro 550 MH/s Dogecoin & Litecoin Miner from Bitcoin Mining Depot: verified new stock, crypto checkout, worldwide express delivery and hosting or repair support on request.	https://bitcoinminingdepot.net/products/magicminer-wm02-pro-550-mh-s-dogecoin-litecoin-scrypt-miner	https://qdhcyorsmkzxhepdjugo.supabase.co/storage/v1/object/sign/product-images/magicminer-wm02-pro-550-mh-s-dogecoin-litecoin-scrypt-miner.webp?token=eyJraWQiOiJzdG9yYWdlLXVybC1zaWduaW5nLWtleV82YzEzZTkyZS1iNGMzLTQ3OTgtODBhYS1hYzY2YjQxM2E1MzYiLCJhbGciOiJIUzI1NiJ9.eyJ1cmwiOiJwcm9kdWN0LWltYWdlcy9tYWdpY21pbmVyLXdtMDItcHJvLTU1MC1taC1zLWRvZ2Vjb2luLWxpdGVjb2luLXNjcnlwdC1taW5lci53ZWJwIiwic2NvcGUiOiJkb3dubG9hZCIsImlhdCI6MTc4NTU4NTgzNCwiZXhwIjoyMTAwOTQ1ODM0fQ.lln-LAzvVgxGzOV9Y9jST84FBF8EgOV78BmJPnxh2Rw		in_stock	329.00 USD		new	Magicminer	MAGICMINER-WM02-PRO-550-MH-S-DOGECOIN-LITECOIN-SCRYPT-MINER	yes	5710	Bitcoin Mining Hardware > ASIC Miners	magicminer-new	550 MH/s hashrate on Scrypt,140W power draw,0.25 W/MH energy efficiency,New unit, bench-tested before dispatch,Ships worldwide from Hong Kong by DHL / FedEx express,30-day functional warranty and in-house repair support,Cooling: Air,Voltage: 110-240v	US:::0.00 USD,CA:::0.00 USD,GB:::0.00 USD,IE:::0.00 USD,DE:::0.00 USD,FR:::0.00 USD,NL:::0.00 USD,BE:::0.00 USD,LU:::0.00 USD,AT:::0.00 USD,CH:::0.00 USD,IT:::0.00 USD,ES:::0.00 USD,PT:::0.00 USD,SE:::0.00 USD,NO:::0.00 USD,DK:::0.00 USD,FI:::0.00 USD,PL:::0.00 USD,CZ:::0.00 USD,SK:::0.00 USD,HU:::0.00 USD,RO:::0.00 USD,GR:::0.00 USD,TR:::0.00 USD,AU:::0.00 USD,NZ:::0.00 USD,JP:::0.00 USD,KR:::0.00 USD,SG:::0.00 USD,MY:::0.00 USD,TH:::0.00 USD,VN:::0.00 USD,PH:::0.00 USD,ID:::0.00 USD,IN:::0.00 USD,HK:::0.00 USD,TW:::0.00 USD,AE:::0.00 USD,SA:::0.00 USD,QA:::0.00 USD,KW:::0.00 USD,BH:::0.00 USD,OM:::0.00 USD,IL:::0.00 USD,ZA:::0.00 USD,NG:::0.00 USD,KE:::0.00 USD,EG:::0.00 USD,MA:::0.00 USD,BR:::0.00 USD,AR:::0.00 USD,CL:::0.00 USD,CO:::0.00 USD,MX:::0.00 USD,PE:::0.00 USD,UY:::0.00 USD,RU:::0.00 USD,UA:::0.00 USD,KZ:::0.00 USD,GE:::0.00 USD,PK:::0.00 USD,BD:::0.00 USD,LK:::0.00 USD,NP:::0.00 USD,CN:::0.00 USD	15 kg	new	Scrypt	under-500	Magicminer	Air
bitmain-antminer-x9-1-mh-s-randomx-monero-xmr-miner	Bitmain Antminer X9 1 MH/s Monero (XMR) RandomX Miner 1000 KH/s	Bitmain Antminer X9 1 MH/s Monero (XMR) RandomX Miner — 1000 KH/s on RandomX at 2472W (2.47 W/KH). Air cooled, factory sealed, PSU included, worldwide shipping from Bitcoin Mining Depot. PSU: Included. Model: Antminer X9 (1Mh/s). Power: 2472W. Fan(s): 4. Cooling: Air. Voltage: 220-277V. Hashrate: 1000 KH/s. Humidity: 10 – 90 % The Antminer X9 is Bitmain's first production RandomX machine, delivering roughly 1 MH/s on Monero and Zephyr — hashrate that previously required hundreds of CPU cores and racks of servers. Buy the at Bitcoin Mining Depot with transparent pricing, verified stock and worldwide logistics. Every unit ships factory sealed with its power supply, and our engineers stay with you through commissioning so your first hashrate reading matches the spec sheet. Performance and efficiency: rated hashrate is 1000 KH/s on the RandomX algorithm with a wall draw of 2472W, giving an efficiency of about 2.47 W/KH. Efficiency is what decides whether a machine survives the next difficulty cycle — at this rating the Bitmain Antminer keeps positive margins across a wide band of hosting rates, and it hashes profitably wherever your all-in power cost is competitive. Cooling and installation: this unit is air… Buy the Bitmain Antminer X9 1 MH/s Monero (XMR) RandomX Miner from Bitcoin Mining Depot: verified new stock, crypto checkout, worldwide express delivery and hosting or repair support on request.	https://bitcoinminingdepot.net/products/bitmain-antminer-x9-1-mh-s-randomx-monero-xmr-miner	https://qdhcyorsmkzxhepdjugo.supabase.co/storage/v1/object/sign/product-images/bitmain-antminer-x9-1-mh-s-randomx-monero-xmr-miner.webp?token=eyJraWQiOiJzdG9yYWdlLXVybC1zaWduaW5nLWtleV82YzEzZTkyZS1iNGMzLTQ3OTgtODBhYS1hYzY2YjQxM2E1MzYiLCJhbGciOiJIUzI1NiJ9.eyJ1cmwiOiJwcm9kdWN0LWltYWdlcy9iaXRtYWluLWFudG1pbmVyLXg5LTEtbWgtcy1yYW5kb214LW1vbmVyby14bXItbWluZXIud2VicCIsInNjb3BlIjoiZG93bmxvYWQiLCJpYXQiOjE3ODU1ODU4MjgsImV4cCI6MjEwMDk0NTgyOH0.Zd4TBGf_E-AG2_4CPlznusiNP7QfSBflKYTDi_fA1aU		in_stock	6999.00 USD		new	Bitmain	BITMAIN-ANTMINER-X9-1-MH-S-RANDOMX-MONERO-XMR-MINER	yes	5710	Bitcoin Mining Hardware > ASIC Miners	bitmain-new	1000 KH/s hashrate on RandomX,2472W power draw,2.47 W/KH energy efficiency,New unit, bench-tested before dispatch,Ships worldwide from Hong Kong by DHL / FedEx express,30-day functional warranty and in-house repair support,Cooling: Air,Voltage: 220-277V	US:::0.00 USD,CA:::0.00 USD,GB:::0.00 USD,IE:::0.00 USD,DE:::0.00 USD,FR:::0.00 USD,NL:::0.00 USD,BE:::0.00 USD,LU:::0.00 USD,AT:::0.00 USD,CH:::0.00 USD,IT:::0.00 USD,ES:::0.00 USD,PT:::0.00 USD,SE:::0.00 USD,NO:::0.00 USD,DK:::0.00 USD,FI:::0.00 USD,PL:::0.00 USD,CZ:::0.00 USD,SK:::0.00 USD,HU:::0.00 USD,RO:::0.00 USD,GR:::0.00 USD,TR:::0.00 USD,AU:::0.00 USD,NZ:::0.00 USD,JP:::0.00 USD,KR:::0.00 USD,SG:::0.00 USD,MY:::0.00 USD,TH:::0.00 USD,VN:::0.00 USD,PH:::0.00 USD,ID:::0.00 USD,IN:::0.00 USD,HK:::0.00 USD,TW:::0.00 USD,AE:::0.00 USD,SA:::0.00 USD,QA:::0.00 USD,KW:::0.00 USD,BH:::0.00 USD,OM:::0.00 USD,IL:::0.00 USD,ZA:::0.00 USD,NG:::0.00 USD,KE:::0.00 USD,EG:::0.00 USD,MA:::0.00 USD,BR:::0.00 USD,AR:::0.00 USD,CL:::0.00 USD,CO:::0.00 USD,MX:::0.00 USD,PE:::0.00 USD,UY:::0.00 USD,RU:::0.00 USD,UA:::0.00 USD,KZ:::0.00 USD,GE:::0.00 USD,PK:::0.00 USD,BD:::0.00 USD,LK:::0.00 USD,NP:::0.00 USD,CN:::0.00 USD	15 kg	new	RandomX	4000-10000	Bitmain	Air
microbt-whatsminer-m6ds-plus-hydro-540-th-s-bitcoin-miner	MicroBT Whatsminer M6DS+ Hydro 540 TH/s Bitcoin Miner	MicroBT Whatsminer M6DS+ Hydro 540 TH/s Bitcoin Miner — 540 TH/s on SHA-256 at 9200W (17.0 J/TH). Hydro cooled, factory sealed, PSU included, worldwide shipping from Bitcoin Mining Depot. PSU: Included. Model: Whatsminer M6DS+. Power: 9200W. Weight: 29.5kg. Cooling: Hydro. Voltage: 380 -480v. Hashrate: 540 TH/s. Humidity: 10 – 90 % The Whatsminer M6DS+ is a high-density hydro unit rated at 540 TH/s (580 TH/s batches available), aimed at operators who value dollars-per-terahash over headline efficiency. Buy the at Bitcoin Mining Depot with transparent pricing, verified stock and worldwide logistics. Every unit ships factory sealed with its power supply, and our engineers stay with you through commissioning so your first hashrate reading matches the spec sheet. Performance and efficiency: rated hashrate is 540 TH/s on the SHA-256 algorithm with a wall draw of 9200W, giving an efficiency of about 17.0 J/TH. Efficiency is what decides whether a machine survives the next difficulty cycle — at this rating the MicroBT Whatsminer keeps positive margins across a wide band of hosting rates, and it hashes profitably wherever your all-in power cost is competitive. Cooling and infrastructure: this is a liquid-cooled ASIC. It… Buy the MicroBT Whatsminer M6DS+ Hydro 540 TH/s Bitcoin Miner from Bitcoin Mining Depot: verified new stock, crypto checkout, worldwide express delivery and hosting or repair support on request.	https://bitcoinminingdepot.net/products/microbt-whatsminer-m6ds-plus-hydro-540-th-s-bitcoin-miner	https://qdhcyorsmkzxhepdjugo.supabase.co/storage/v1/object/sign/product-images/microbt-whatsminer-m6ds-plus-hydro-540-th-s-bitcoin-miner.webp?token=eyJraWQiOiJzdG9yYWdlLXVybC1zaWduaW5nLWtleV82YzEzZTkyZS1iNGMzLTQ3OTgtODBhYS1hYzY2YjQxM2E1MzYiLCJhbGciOiJIUzI1NiJ9.eyJ1cmwiOiJwcm9kdWN0LWltYWdlcy9taWNyb2J0LXdoYXRzbWluZXItbTZkcy1wbHVzLWh5ZHJvLTU0MC10aC1zLWJpdGNvaW4tbWluZXIud2VicCIsInNjb3BlIjoiZG93bmxvYWQiLCJpYXQiOjE3ODU1ODU4MzAsImV4cCI6MjEwMDk0NTgzMH0.8eNpk2Gs3gysuFN-D6GqlUwuuK2z6XpFwgEuEnLvZfQ		in_stock	4699.00 USD		new	MicroBT	MICROBT-WHATSMINER-M6DS-PLUS-HYDRO-540-TH-S-BITCOIN-MINER	yes	5710	Bitcoin Mining Hardware > ASIC Miners	microbt-new	540 TH/s hashrate on SHA-256,9200W power draw,17.0 J/TH energy efficiency,New unit, bench-tested before dispatch,Ships worldwide from Hong Kong by DHL / FedEx express,30-day functional warranty and in-house repair support,Cooling: Hydro,Voltage: 380 -480v	US:::0.00 USD,CA:::0.00 USD,GB:::0.00 USD,IE:::0.00 USD,DE:::0.00 USD,FR:::0.00 USD,NL:::0.00 USD,BE:::0.00 USD,LU:::0.00 USD,AT:::0.00 USD,CH:::0.00 USD,IT:::0.00 USD,ES:::0.00 USD,PT:::0.00 USD,SE:::0.00 USD,NO:::0.00 USD,DK:::0.00 USD,FI:::0.00 USD,PL:::0.00 USD,CZ:::0.00 USD,SK:::0.00 USD,HU:::0.00 USD,RO:::0.00 USD,GR:::0.00 USD,TR:::0.00 USD,AU:::0.00 USD,NZ:::0.00 USD,JP:::0.00 USD,KR:::0.00 USD,SG:::0.00 USD,MY:::0.00 USD,TH:::0.00 USD,VN:::0.00 USD,PH:::0.00 USD,ID:::0.00 USD,IN:::0.00 USD,HK:::0.00 USD,TW:::0.00 USD,AE:::0.00 USD,SA:::0.00 USD,QA:::0.00 USD,KW:::0.00 USD,BH:::0.00 USD,OM:::0.00 USD,IL:::0.00 USD,ZA:::0.00 USD,NG:::0.00 USD,KE:::0.00 USD,EG:::0.00 USD,MA:::0.00 USD,BR:::0.00 USD,AR:::0.00 USD,CL:::0.00 USD,CO:::0.00 USD,MX:::0.00 USD,PE:::0.00 USD,UY:::0.00 USD,RU:::0.00 USD,UA:::0.00 USD,KZ:::0.00 USD,GE:::0.00 USD,PK:::0.00 USD,BD:::0.00 USD,LK:::0.00 USD,NP:::0.00 USD,CN:::0.00 USD	15 kg	new	SHA-256	4000-10000	MicroBT	Hydro
microbt-whatsminer-m6ds-plus-plus-hydro-592-th-s-bitcoin-miner	MicroBT Whatsminer M6DS++ Hydro 592 TH/s Bitcoin Miner	MicroBT Whatsminer M6DS++ Hydro 592 TH/s Bitcoin Miner — 592 TH/s on SHA-256 at 9200W (15.5 J/TH). Hydro cooled, factory sealed, PSU included, worldwide shipping from Bitcoin Mining Depot. PSU: Included. Model: Whatsminer M6DS++. Power: 9200W. Weight: 29.5kg. Cooling: Hydro. Voltage: 380 -480v. Hashrate: 592 TH/s. Humidity: 10 – 90 % The Whatsminer M6DS++ takes the same 9200W hydro platform to 592 TH/s (600 TH/s batches available), improving efficiency without changing your power or plumbing budget. Buy the at Bitcoin Mining Depot with transparent pricing, verified stock and worldwide logistics. Every unit ships factory sealed with its power supply, and our engineers stay with you through commissioning so your first hashrate reading matches the spec sheet. Performance and efficiency: rated hashrate is 592 TH/s on the SHA-256 algorithm with a wall draw of 9200W, giving an efficiency of about 15.5 J/TH. Efficiency is what decides whether a machine survives the next difficulty cycle — at this rating the MicroBT Whatsminer keeps positive margins across a wide band of hosting rates, and it hashes profitably wherever your all-in power cost is competitive. Cooling and infrastructure: this is a liquid-cooled ASIC. It needs… Buy the MicroBT Whatsminer M6DS++ Hydro 592 TH/s Bitcoin Miner from Bitcoin Mining Depot: verified new stock, crypto checkout, worldwide express delivery and hosting or repair support on request.	https://bitcoinminingdepot.net/products/microbt-whatsminer-m6ds-plus-plus-hydro-592-th-s-bitcoin-miner	https://qdhcyorsmkzxhepdjugo.supabase.co/storage/v1/object/sign/product-images/microbt-whatsminer-m6ds-plus-plus-hydro-592-th-s-bitcoin-miner.webp?token=eyJraWQiOiJzdG9yYWdlLXVybC1zaWduaW5nLWtleV82YzEzZTkyZS1iNGMzLTQ3OTgtODBhYS1hYzY2YjQxM2E1MzYiLCJhbGciOiJIUzI1NiJ9.eyJ1cmwiOiJwcm9kdWN0LWltYWdlcy9taWNyb2J0LXdoYXRzbWluZXItbTZkcy1wbHVzLXBsdXMtaHlkcm8tNTkyLXRoLXMtYml0Y29pbi1taW5lci53ZWJwIiwic2NvcGUiOiJkb3dubG9hZCIsImlhdCI6MTc4NTU4NTgzMSwiZXhwIjoyMTAwOTQ1ODMxfQ.vblZXmRKfUxYQ0KsHIQCBIkZ9OiQ7lPQUHr330BJ_wI		in_stock	4959.00 USD		new	MicroBT	MICROBT-WHATSMINER-M6DS-PLUS-PLUS-HYDRO-592-TH-S-BITCOIN-MINER	yes	5710	Bitcoin Mining Hardware > ASIC Miners	microbt-new	592 TH/s hashrate on SHA-256,9200W power draw,15.5 J/TH energy efficiency,New unit, bench-tested before dispatch,Ships worldwide from Hong Kong by DHL / FedEx express,30-day functional warranty and in-house repair support,Cooling: Hydro,Voltage: 380 -480v	US:::0.00 USD,CA:::0.00 USD,GB:::0.00 USD,IE:::0.00 USD,DE:::0.00 USD,FR:::0.00 USD,NL:::0.00 USD,BE:::0.00 USD,LU:::0.00 USD,AT:::0.00 USD,CH:::0.00 USD,IT:::0.00 USD,ES:::0.00 USD,PT:::0.00 USD,SE:::0.00 USD,NO:::0.00 USD,DK:::0.00 USD,FI:::0.00 USD,PL:::0.00 USD,CZ:::0.00 USD,SK:::0.00 USD,HU:::0.00 USD,RO:::0.00 USD,GR:::0.00 USD,TR:::0.00 USD,AU:::0.00 USD,NZ:::0.00 USD,JP:::0.00 USD,KR:::0.00 USD,SG:::0.00 USD,MY:::0.00 USD,TH:::0.00 USD,VN:::0.00 USD,PH:::0.00 USD,ID:::0.00 USD,IN:::0.00 USD,HK:::0.00 USD,TW:::0.00 USD,AE:::0.00 USD,SA:::0.00 USD,QA:::0.00 USD,KW:::0.00 USD,BH:::0.00 USD,OM:::0.00 USD,IL:::0.00 USD,ZA:::0.00 USD,NG:::0.00 USD,KE:::0.00 USD,EG:::0.00 USD,MA:::0.00 USD,BR:::0.00 USD,AR:::0.00 USD,CL:::0.00 USD,CO:::0.00 USD,MX:::0.00 USD,PE:::0.00 USD,UY:::0.00 USD,RU:::0.00 USD,UA:::0.00 USD,KZ:::0.00 USD,GE:::0.00 USD,PK:::0.00 USD,BD:::0.00 USD,LK:::0.00 USD,NP:::0.00 USD,CN:::0.00 USD	15 kg	new	SHA-256	4000-10000	MicroBT	Hydro
bitmain-antminer-s21j-xp-hydro-495-th-s-bitcoin-miner	Bitmain Antminer S21j XP Hydro 495 TH/s Bitcoin Miner	Bitmain Antminer S21j XP Hydro 495 TH/s Bitcoin Miner — 495 TH/s on SHA-256 at 5940W (12.0 J/TH). Hydro cooled, factory sealed, PSU included, worldwide shipping from Bitcoin Mining Depot. PSU: Included. Model: Antminer S21j XP Hydro. Power: 5940W. Cooling: Hydro. Voltage: 380-415v. Hashrate: 495 TH/s. Humidity: 10 – 90 %. Size w/o: 430 X 176X 208mm The Antminer S21j XP Hydro combines 495 TH/s with 12 J/TH efficiency and a documented 8–10 L/min coolant loop spec, making it one of the easiest flagship hydro units to commission. Buy the at Bitcoin Mining Depot with transparent pricing, verified stock and worldwide logistics. Every unit ships factory sealed with its power supply, and our engineers stay with you through commissioning so your first hashrate reading matches the spec sheet. Performance and efficiency: rated hashrate is 495 TH/s on the SHA-256 algorithm with a wall draw of 5940W, giving an efficiency of about 12.0 J/TH. Efficiency is what decides whether a machine survives the next difficulty cycle — at this rating the Bitmain Antminer keeps positive margins across a wide band of hosting rates, and it hashes profitably wherever your all-in power cost is competitive. Cooling and infrastructure: this is a liquid-cooled ASIC.… Buy the Bitmain Antminer S21j XP Hydro 495 TH/s Bitcoin Miner from Bitcoin Mining Depot: verified new stock, crypto checkout, worldwide express delivery and hosting or repair support on request.	https://bitcoinminingdepot.net/products/bitmain-antminer-s21j-xp-hydro-495-th-s-bitcoin-miner	https://qdhcyorsmkzxhepdjugo.supabase.co/storage/v1/object/sign/product-images/bitmain-antminer-s21j-xp-hydro-495-th-s-bitcoin-miner.webp?token=eyJraWQiOiJzdG9yYWdlLXVybC1zaWduaW5nLWtleV82YzEzZTkyZS1iNGMzLTQ3OTgtODBhYS1hYzY2YjQxM2E1MzYiLCJhbGciOiJIUzI1NiJ9.eyJ1cmwiOiJwcm9kdWN0LWltYWdlcy9iaXRtYWluLWFudG1pbmVyLXMyMWoteHAtaHlkcm8tNDk1LXRoLXMtYml0Y29pbi1taW5lci53ZWJwIiwic2NvcGUiOiJkb3dubG9hZCIsImlhdCI6MTc4NTU4NTgyOSwiZXhwIjoyMTAwOTQ1ODI5fQ.Zn81_AQMp1GD7CGZx3SKyLIRSF5IUQQbuKgglJv0Vq8		in_stock	6579.00 USD		new	Bitmain	BITMAIN-ANTMINER-S21J-XP-HYDRO-495-TH-S-BITCOIN-MINER	yes	5710	Bitcoin Mining Hardware > ASIC Miners	bitmain-new	495 TH/s hashrate on SHA-256,5940W power draw,12.0 J/TH energy efficiency,New unit, bench-tested before dispatch,Ships worldwide from Hong Kong by DHL / FedEx express,30-day functional warranty and in-house repair support,Cooling: Hydro,Voltage: 380-415v	US:::0.00 USD,CA:::0.00 USD,GB:::0.00 USD,IE:::0.00 USD,DE:::0.00 USD,FR:::0.00 USD,NL:::0.00 USD,BE:::0.00 USD,LU:::0.00 USD,AT:::0.00 USD,CH:::0.00 USD,IT:::0.00 USD,ES:::0.00 USD,PT:::0.00 USD,SE:::0.00 USD,NO:::0.00 USD,DK:::0.00 USD,FI:::0.00 USD,PL:::0.00 USD,CZ:::0.00 USD,SK:::0.00 USD,HU:::0.00 USD,RO:::0.00 USD,GR:::0.00 USD,TR:::0.00 USD,AU:::0.00 USD,NZ:::0.00 USD,JP:::0.00 USD,KR:::0.00 USD,SG:::0.00 USD,MY:::0.00 USD,TH:::0.00 USD,VN:::0.00 USD,PH:::0.00 USD,ID:::0.00 USD,IN:::0.00 USD,HK:::0.00 USD,TW:::0.00 USD,AE:::0.00 USD,SA:::0.00 USD,QA:::0.00 USD,KW:::0.00 USD,BH:::0.00 USD,OM:::0.00 USD,IL:::0.00 USD,ZA:::0.00 USD,NG:::0.00 USD,KE:::0.00 USD,EG:::0.00 USD,MA:::0.00 USD,BR:::0.00 USD,AR:::0.00 USD,CL:::0.00 USD,CO:::0.00 USD,MX:::0.00 USD,PE:::0.00 USD,UY:::0.00 USD,RU:::0.00 USD,UA:::0.00 USD,KZ:::0.00 USD,GE:::0.00 USD,PK:::0.00 USD,BD:::0.00 USD,LK:::0.00 USD,NP:::0.00 USD,CN:::0.00 USD	15 kg	new	SHA-256	4000-10000	Bitmain	Hydro
microbt-whatsminer-m78s-hydro-472-th-s-sha-256-bitcoin-miner	MicroBT Whatsminer M78S Hydro 472 TH/s Bitcoin Miner	MicroBT Whatsminer M78S Hydro 472 TH/s Bitcoin Miner — 472 TH/s on SHA-256 at 6550W (13.9 J/TH). Hydro cooled, factory sealed, PSU included, worldwide shipping from Bitcoin Mining Depot. PSU: Included. Size: 401 x 267 x 147mm. Model: Whatsminer M78S. Power: 5200W. Weight: 22000g. Cooling: Hydro. Voltage: 380 -480v. Hashrate: 472 TH/s The Whatsminer M78S Hydro pushes 472 TH/s from a single 4U liquid-cooled chassis, making it one of the highest hashrate-per-rack-unit Bitcoin miners MicroBT has shipped. Buy the at Bitcoin Mining Depot with transparent pricing, verified stock and worldwide logistics. Every unit ships factory sealed with its power supply, and our engineers stay with you through commissioning so your first hashrate reading matches the spec sheet. Performance and efficiency: rated hashrate is 472 TH/s on the SHA-256 algorithm with a wall draw of 6550W, giving an efficiency of about 13.9 J/TH. Efficiency is what decides whether a machine survives the next difficulty cycle — at this rating the MicroBT Whatsminer keeps positive margins across a wide band of hosting rates, and it hashes profitably wherever your all-in power cost is competitive. Cooling and infrastructure: this is a liquid-cooled ASIC. It needs… Buy the MicroBT Whatsminer M78S Hydro 472 TH/s Bitcoin Miner from Bitcoin Mining Depot: verified new stock, crypto checkout, worldwide express delivery and hosting or repair support on request.	https://bitcoinminingdepot.net/products/microbt-whatsminer-m78s-hydro-472-th-s-sha-256-bitcoin-miner	https://qdhcyorsmkzxhepdjugo.supabase.co/storage/v1/object/sign/product-images/microbt-whatsminer-m78s-hydro-472-th-s-sha-256-bitcoin-miner.webp?token=eyJraWQiOiJzdG9yYWdlLXVybC1zaWduaW5nLWtleV82YzEzZTkyZS1iNGMzLTQ3OTgtODBhYS1hYzY2YjQxM2E1MzYiLCJhbGciOiJIUzI1NiJ9.eyJ1cmwiOiJwcm9kdWN0LWltYWdlcy9taWNyb2J0LXdoYXRzbWluZXItbTc4cy1oeWRyby00NzItdGgtcy1zaGEtMjU2LWJpdGNvaW4tbWluZXIud2VicCIsInNjb3BlIjoiZG93bmxvYWQiLCJpYXQiOjE3ODU1ODU4MjcsImV4cCI6MjEwMDk0NTgyN30.UmxWAskfwwv_ywtS9RmmHTRO08g9SctHjBY01DsjAMc		in_stock	8699.00 USD		new	MicroBT	MICROBT-WHATSMINER-M78S-HYDRO-472-TH-S-SHA-256-BITCOIN-MINER	yes	5710	Bitcoin Mining Hardware > ASIC Miners	microbt-new	472 TH/s hashrate on SHA-256,6550W power draw,13.9 J/TH energy efficiency,New unit, bench-tested before dispatch,Ships worldwide from Hong Kong by DHL / FedEx express,30-day functional warranty and in-house repair support,Cooling: Hydro,Voltage: 380 -480v	US:::0.00 USD,CA:::0.00 USD,GB:::0.00 USD,IE:::0.00 USD,DE:::0.00 USD,FR:::0.00 USD,NL:::0.00 USD,BE:::0.00 USD,LU:::0.00 USD,AT:::0.00 USD,CH:::0.00 USD,IT:::0.00 USD,ES:::0.00 USD,PT:::0.00 USD,SE:::0.00 USD,NO:::0.00 USD,DK:::0.00 USD,FI:::0.00 USD,PL:::0.00 USD,CZ:::0.00 USD,SK:::0.00 USD,HU:::0.00 USD,RO:::0.00 USD,GR:::0.00 USD,TR:::0.00 USD,AU:::0.00 USD,NZ:::0.00 USD,JP:::0.00 USD,KR:::0.00 USD,SG:::0.00 USD,MY:::0.00 USD,TH:::0.00 USD,VN:::0.00 USD,PH:::0.00 USD,ID:::0.00 USD,IN:::0.00 USD,HK:::0.00 USD,TW:::0.00 USD,AE:::0.00 USD,SA:::0.00 USD,QA:::0.00 USD,KW:::0.00 USD,BH:::0.00 USD,OM:::0.00 USD,IL:::0.00 USD,ZA:::0.00 USD,NG:::0.00 USD,KE:::0.00 USD,EG:::0.00 USD,MA:::0.00 USD,BR:::0.00 USD,AR:::0.00 USD,CL:::0.00 USD,CO:::0.00 USD,MX:::0.00 USD,PE:::0.00 USD,UY:::0.00 USD,RU:::0.00 USD,UA:::0.00 USD,KZ:::0.00 USD,GE:::0.00 USD,PK:::0.00 USD,BD:::0.00 USD,LK:::0.00 USD,NP:::0.00 USD,CN:::0.00 USD	15 kg	new	SHA-256	4000-10000	MicroBT	Hydro
antminer-s21-xp-hyd	Bitmain Antminer S21 XP Hyd 473 TH/s Hydro Bitcoin Miner	The Antminer S21 XP Hyd delivers 473 TH/s at 12 J/TH, making it the most efficient hydro-cooled SHA-256 bitcoin miner for large-scale farms. Chip: BM1372. Noise: ~50 dB. Cooling: Hydro (closed water loop). Voltage: 200-240V / 380-415V. Warranty: 180 days. Flow rate: 6-8 L/min. Rack size: 3U. Water inlet temp: 20-45 C The Bitmain Antminer S21 XP Hyd is a hydro-cooled bitcoin mining rig built for industrial SHA-256 deployments where power efficiency decides profitability. Rated at 473 TH/s and 5676 W, it works out to roughly 12 J/TH — around 35% more efficient than air-cooled S21 units, which means lower electricity cost per bitcoin mined and a shorter payback window even at compressed hashprice. Hydro cooling removes heat through a closed water loop instead of high-RPM fans, so the S21 XP Hyd runs quieter (about 50 dB), holds stable chip temperatures, and slots into 3U rack positions for very high hashrate density per square metre. Recommended water inlet temperature is 20-45 degrees C at 6-8 L/min per unit, fed from a dry cooler, CDU or heat-recovery loop. Power input is 200-240V single phase (or 380-415V three phase with the matching PSU), and the unit ships with Bitmain firmware supporting… Buy the Bitmain Antminer S21 XP Hyd 473 TH/s Hydro Bitcoin Miner from Bitcoin Mining Depot: verified new stock, crypto checkout, worldwide express delivery and hosting or repair support on request.	https://bitcoinminingdepot.net/products/antminer-s21-xp-hyd	https://qdhcyorsmkzxhepdjugo.supabase.co/storage/v1/object/sign/product-images/antminer-s21-xp-hyd/bitmain-antminer-s21-xp-hyd-473-th-s-hydro-bitcoin-miner.jpg?token=eyJraWQiOiJzdG9yYWdlLXVybC1zaWduaW5nLWtleV82YzEzZTkyZS1iNGMzLTQ3OTgtODBhYS1hYzY2YjQxM2E1MzYiLCJhbGciOiJIUzI1NiJ9.eyJ1cmwiOiJwcm9kdWN0LWltYWdlcy9hbnRtaW5lci1zMjEteHAtaHlkL2JpdG1haW4tYW50bWluZXItczIxLXhwLWh5ZC00NzMtdGgtcy1oeWRyby1iaXRjb2luLW1pbmVyLmpwZyIsInNjb3BlIjoiZG93bmxvYWQiLCJpYXQiOjE3ODU1Nzk2NDUsImV4cCI6MjEwMDkzOTY0NX0.PSBcqj41UsgEPgE0RiFe92E5ZIow8hwixtwfxi5uLzA		in_stock	9200.00 USD	8650.00 USD	new	Bitmain	ANTMINER-S21-XP-HYD	yes	5710	Bitcoin Mining Hardware > ASIC Miners	bitmain-new	473 TH/s hashrate on SHA-256,5676 W power draw,12 J/TH energy efficiency,New unit, bench-tested before dispatch,Ships worldwide from Hong Kong by DHL / FedEx express,30-day functional warranty and in-house repair support,Cooling: Hydro (closed water loop),Voltage: 200-240V / 380-415V,Chip: BM1372,Noise: ~50 dB	US:::0.00 USD,CA:::0.00 USD,GB:::0.00 USD,IE:::0.00 USD,DE:::0.00 USD,FR:::0.00 USD,NL:::0.00 USD,BE:::0.00 USD,LU:::0.00 USD,AT:::0.00 USD,CH:::0.00 USD,IT:::0.00 USD,ES:::0.00 USD,PT:::0.00 USD,SE:::0.00 USD,NO:::0.00 USD,DK:::0.00 USD,FI:::0.00 USD,PL:::0.00 USD,CZ:::0.00 USD,SK:::0.00 USD,HU:::0.00 USD,RO:::0.00 USD,GR:::0.00 USD,TR:::0.00 USD,AU:::0.00 USD,NZ:::0.00 USD,JP:::0.00 USD,KR:::0.00 USD,SG:::0.00 USD,MY:::0.00 USD,TH:::0.00 USD,VN:::0.00 USD,PH:::0.00 USD,ID:::0.00 USD,IN:::0.00 USD,HK:::0.00 USD,TW:::0.00 USD,AE:::0.00 USD,SA:::0.00 USD,QA:::0.00 USD,KW:::0.00 USD,BH:::0.00 USD,OM:::0.00 USD,IL:::0.00 USD,ZA:::0.00 USD,NG:::0.00 USD,KE:::0.00 USD,EG:::0.00 USD,MA:::0.00 USD,BR:::0.00 USD,AR:::0.00 USD,CL:::0.00 USD,CO:::0.00 USD,MX:::0.00 USD,PE:::0.00 USD,UY:::0.00 USD,RU:::0.00 USD,UA:::0.00 USD,KZ:::0.00 USD,GE:::0.00 USD,PK:::0.00 USD,BD:::0.00 USD,LK:::0.00 USD,NP:::0.00 USD,CN:::0.00 USD	15 kg	new	SHA-256	4000-10000	Bitmain	Hydro (closed water loop)
bitmain-antminer-s19-xp-plus-hydro	Bitmain Antminer S19 XP+ Hydro 558 TH/s Bitcoin Miner	The Antminer S19 XP+ Hydro pushes 558 TH/s from a single 3U hydro chassis at 19 J/TH — the highest hashrate density in the S19 family. Chip: BM1362. Noise: ~50 dB. Cooling: Hydro (closed water loop). Voltage: 380-415V three phase. Warranty: 180 days. Flow rate: 6-8 L/min. Rack size: 3U. Water inlet temp: 20-45 C The Bitmain Antminer S19 XP+ Hydro is a hydro-cooled bitcoin miner rated at 558 TH/s and 10600 W, roughly 19 J/TH. Its appeal is raw hashrate density: one 3U hydro chassis produces more terahash than any air-cooled S19 or S21 unit, so farms limited by floor space or rack positions gain more hashrate per slot while sharing a single water loop. Because heat leaves through liquid rather than air, the S19 XP+ Hydro maintains steady hashboard temperatures with far less acoustic output than fan-cooled hardware, and the warm return water can be reused for district heating, greenhouses or industrial drying. Plan for 20-45 degrees C inlet water at 6-8 L/min per unit with a dry cooler or CDU sized to the full load. Electrical input is 380-415V three phase, so a qualified electrician should size breakers and cabling before installation. Firmware supports all major SHA-256 pools. Every unit sold by… Buy the Bitmain Antminer S19 XP+ Hydro 558 TH/s Bitcoin Miner from Bitcoin Mining Depot: verified new stock, crypto checkout, worldwide express delivery and hosting or repair support on request.	https://bitcoinminingdepot.net/products/bitmain-antminer-s19-xp-plus-hydro	https://qdhcyorsmkzxhepdjugo.supabase.co/storage/v1/object/sign/product-images/bitmain-antminer-s19-xp-plus-hydro/bitmain-antminer-s19-xp-plus-hydro-558-th-s-bitcoin-miner.jpg?token=eyJraWQiOiJzdG9yYWdlLXVybC1zaWduaW5nLWtleV82YzEzZTkyZS1iNGMzLTQ3OTgtODBhYS1hYzY2YjQxM2E1MzYiLCJhbGciOiJIUzI1NiJ9.eyJ1cmwiOiJwcm9kdWN0LWltYWdlcy9iaXRtYWluLWFudG1pbmVyLXMxOS14cC1wbHVzLWh5ZHJvL2JpdG1haW4tYW50bWluZXItczE5LXhwLXBsdXMtaHlkcm8tNTU4LXRoLXMtYml0Y29pbi1taW5lci5qcGciLCJzY29wZSI6ImRvd25sb2FkIiwiaWF0IjoxNzg1NTc5NjQ1LCJleHAiOjIxMDA5Mzk2NDV9.1jU4sfqn0xjZwOOLIq5mb4apSC7ggPwqi0o7RHLocIQ		in_stock	6400.00 USD	5950.00 USD	new	Bitmain	BITMAIN-ANTMINER-S19-XP-PLUS-HYDRO	yes	5710	Bitcoin Mining Hardware > ASIC Miners	bitmain-new	558 TH/s hashrate on SHA-256,10600 W power draw,19 J/TH energy efficiency,New unit, bench-tested before dispatch,Ships worldwide from Hong Kong by DHL / FedEx express,30-day functional warranty and in-house repair support,Cooling: Hydro (closed water loop),Voltage: 380-415V three phase,Chip: BM1362,Noise: ~50 dB	US:::0.00 USD,CA:::0.00 USD,GB:::0.00 USD,IE:::0.00 USD,DE:::0.00 USD,FR:::0.00 USD,NL:::0.00 USD,BE:::0.00 USD,LU:::0.00 USD,AT:::0.00 USD,CH:::0.00 USD,IT:::0.00 USD,ES:::0.00 USD,PT:::0.00 USD,SE:::0.00 USD,NO:::0.00 USD,DK:::0.00 USD,FI:::0.00 USD,PL:::0.00 USD,CZ:::0.00 USD,SK:::0.00 USD,HU:::0.00 USD,RO:::0.00 USD,GR:::0.00 USD,TR:::0.00 USD,AU:::0.00 USD,NZ:::0.00 USD,JP:::0.00 USD,KR:::0.00 USD,SG:::0.00 USD,MY:::0.00 USD,TH:::0.00 USD,VN:::0.00 USD,PH:::0.00 USD,ID:::0.00 USD,IN:::0.00 USD,HK:::0.00 USD,TW:::0.00 USD,AE:::0.00 USD,SA:::0.00 USD,QA:::0.00 USD,KW:::0.00 USD,BH:::0.00 USD,OM:::0.00 USD,IL:::0.00 USD,ZA:::0.00 USD,NG:::0.00 USD,KE:::0.00 USD,EG:::0.00 USD,MA:::0.00 USD,BR:::0.00 USD,AR:::0.00 USD,CL:::0.00 USD,CO:::0.00 USD,MX:::0.00 USD,PE:::0.00 USD,UY:::0.00 USD,RU:::0.00 USD,UA:::0.00 USD,KZ:::0.00 USD,GE:::0.00 USD,PK:::0.00 USD,BD:::0.00 USD,LK:::0.00 USD,NP:::0.00 USD,CN:::0.00 USD	15 kg	new	SHA-256	4000-10000	Bitmain	Hydro (closed water loop)
bitdeer-sealminer-dl1-hydro-dogecoin-miner	Bitdeer SealMiner DL1 Hydro 52.5 GH/s Dogecoin & Litecoin Miner	Buy the Bitdeer SealMiner DL1 Hydro Dogecoin miner — a hydro-cooled Scrypt ASIC delivering 52.5 GH/s at 7823W (0.15 J/MH) for merged Dogecoin and Litecoin mining. Ships worldwide with warranty and hosting support from Bitcoin Mining Depot. SKU: SDL1H. Model: SealMiner DL1 Hydro. Phase: Three-phase. Cooling: Hydro (water cooled). Warranty: 180-day manufacturer warranty. Algorithm: Scrypt. Net Weight: 21 kg. Noise Level: Low (fanless hydro loop) ## Bitdeer SealMiner DL1 Hydro Dogecoin Miner — 52.5 GH/s Scrypt ASIC for Serious DOGE & LTC Mining Farms The **Bitdeer SealMiner DL1 Hydro** is the most powerful Scrypt ASIC miner Bitdeer has ever shipped, and it lands at the top of the Dogecoin mining hardware market. Announced on 10 June 2026 and launched on 30 June 2026, this water-cooled machine produces a maximum hashrate of **52.5 GH/s** while drawing **7,823W** from the wall, giving an energy efficiency of **0.15 J/MH (149 J/GH)** — the class-leading number for merged **Dogecoin (DOGE) and Litecoin (LTC) mining**. Because DOGE and LTC are merge-mined on the Scrypt algorithm, every terahash you point at the network earns **two coin rewards from one electricity bill**. That dual-reward economics is exactly why the SealMiner DL1 Hydro has become the benchmark unit for industrial Dogecoin mining farms, hosted mining clients and… Buy the Bitdeer SealMiner DL1 Hydro 52.5 GH/s Dogecoin & Litecoin Miner from Bitcoin Mining Depot: verified new stock, crypto checkout, worldwide express delivery and hosting or repair support on request.	https://bitcoinminingdepot.net/products/bitdeer-sealminer-dl1-hydro-dogecoin-miner	https://qdhcyorsmkzxhepdjugo.supabase.co/storage/v1/object/sign/product-images/bitdeer-sealminer-dl1-hydro-dogecoin-miner/bitdeer-sealminer-dl1-hydro-dogecoin-miner-52-5-gh-s-scrypt-asic.webp?token=eyJraWQiOiJzdG9yYWdlLXVybC1zaWduaW5nLWtleV82YzEzZTkyZS1iNGMzLTQ3OTgtODBhYS1hYzY2YjQxM2E1MzYiLCJhbGciOiJIUzI1NiJ9.eyJ1cmwiOiJwcm9kdWN0LWltYWdlcy9iaXRkZWVyLXNlYWxtaW5lci1kbDEtaHlkcm8tZG9nZWNvaW4tbWluZXIvYml0ZGVlci1zZWFsbWluZXItZGwxLWh5ZHJvLWRvZ2Vjb2luLW1pbmVyLTUyLTUtZ2gtcy1zY3J5cHQtYXNpYy53ZWJwIiwic2NvcGUiOiJkb3dubG9hZCIsImlhdCI6MTc4NTU3OTYzMSwiZXhwIjoyMTAwOTM5NjMxfQ.bNqYv8CTQ91wxTXhpxEe34mtP5KuqgO3BiBODq1RxZg		in_stock	9999.00 USD	9499.00 USD	new	Bitdeer	BITDEER-SEALMINER-DL1-HYDRO-DOGECOIN-MINER	yes	5710	Bitcoin Mining Hardware > ASIC Miners	bitdeer-new	52.5 GH/s hashrate on Scrypt,7823W power draw,0.15 J/MH (149 J/GH) energy efficiency,New unit, bench-tested before dispatch,Ships worldwide from Hong Kong by DHL / FedEx express,30-day functional warranty and in-house repair support,Cooling: Hydro (water cooled)	US:::0.00 USD,CA:::0.00 USD,GB:::0.00 USD,IE:::0.00 USD,DE:::0.00 USD,FR:::0.00 USD,NL:::0.00 USD,BE:::0.00 USD,LU:::0.00 USD,AT:::0.00 USD,CH:::0.00 USD,IT:::0.00 USD,ES:::0.00 USD,PT:::0.00 USD,SE:::0.00 USD,NO:::0.00 USD,DK:::0.00 USD,FI:::0.00 USD,PL:::0.00 USD,CZ:::0.00 USD,SK:::0.00 USD,HU:::0.00 USD,RO:::0.00 USD,GR:::0.00 USD,TR:::0.00 USD,AU:::0.00 USD,NZ:::0.00 USD,JP:::0.00 USD,KR:::0.00 USD,SG:::0.00 USD,MY:::0.00 USD,TH:::0.00 USD,VN:::0.00 USD,PH:::0.00 USD,ID:::0.00 USD,IN:::0.00 USD,HK:::0.00 USD,TW:::0.00 USD,AE:::0.00 USD,SA:::0.00 USD,QA:::0.00 USD,KW:::0.00 USD,BH:::0.00 USD,OM:::0.00 USD,IL:::0.00 USD,ZA:::0.00 USD,NG:::0.00 USD,KE:::0.00 USD,EG:::0.00 USD,MA:::0.00 USD,BR:::0.00 USD,AR:::0.00 USD,CL:::0.00 USD,CO:::0.00 USD,MX:::0.00 USD,PE:::0.00 USD,UY:::0.00 USD,RU:::0.00 USD,UA:::0.00 USD,KZ:::0.00 USD,GE:::0.00 USD,PK:::0.00 USD,BD:::0.00 USD,LK:::0.00 USD,NP:::0.00 USD,CN:::0.00 USD	15 kg	new	Scrypt	4000-10000	Bitdeer	Hydro (water cooled)
bitmain-antminer-z15-pro	Bitmain Antminer Z15 Pro 840 KSol/s Equihash Miner	Buy the Bitmain Antminer Z15 Pro Zcash miner: 840 KSol/s Equihash hashrate, 2780W power draw and 3.31 J/KSol efficiency, shipped worldwide with PSU included and a 180-day warranty. PSU: Included. Fans: 2. Coins: Zcash (ZEC), Pirate Chain (ARRR), Horizen (ZEN). Model: Antminer Z15 Pro. Noise: 75 dB. Power: 2780W. Weight: 16.95 kg. Cooling: Air ## Bitmain Antminer Z15 Pro — The Fastest Equihash ASIC Miner for Zcash (ZEC) The **Bitmain Antminer Z15 Pro** is the highest-performing Equihash ASIC miner available today, delivering a maximum hashrate of **840 KSol/s** at a rated wall power of **2780W**. Purpose-built for **Zcash (ZEC) mining**, it also mines other Equihash coins such as Pirate Chain (ARRR), Horizen and Komodo through any compatible pool. For miners who want exposure outside SHA-256 Bitcoin mining without switching to GPU rigs, the Z15 Pro remains the single most capable machine on the market. Every Antminer Z15 Pro sold by Bitcoin Mining Depot is a genuine Bitmain unit, bench-tested for a minimum of 48 hours, shipped with the correct PSU included, and backed by our 180-day hardware warranty plus in-house ASIC repair support. ### Antminer Z15 Pro Hashrate, Power and Efficiency At 840 KSol/s and 2780W, the Z15 Pro… Buy the Bitmain Antminer Z15 Pro 840 KSol/s Equihash Miner from Bitcoin Mining Depot: verified new stock, crypto checkout, worldwide express delivery and hosting or repair support on request.	https://bitcoinminingdepot.net/products/bitmain-antminer-z15-pro	https://qdhcyorsmkzxhepdjugo.supabase.co/storage/v1/object/sign/product-images/bitmain-antminer-z15-pro/bitmain-antminer-z15-pro-840-ksol-equihash-asic-miner-Antminer-Z15-Pro.webp?token=eyJraWQiOiJzdG9yYWdlLXVybC1zaWduaW5nLWtleV82YzEzZTkyZS1iNGMzLTQ3OTgtODBhYS1hYzY2YjQxM2E1MzYiLCJhbGciOiJIUzI1NiJ9.eyJ1cmwiOiJwcm9kdWN0LWltYWdlcy9iaXRtYWluLWFudG1pbmVyLXoxNS1wcm8vYml0bWFpbi1hbnRtaW5lci16MTUtcHJvLTg0MC1rc29sLWVxdWloYXNoLWFzaWMtbWluZXItQW50bWluZXItWjE1LVByby53ZWJwIiwic2NvcGUiOiJkb3dubG9hZCIsImlhdCI6MTc4NTU3OTYzMCwiZXhwIjoyMTAwOTM5NjMwfQ.CYJx3DKCZ83sHy9HJzvXg2dWzm0ATtxzEOE672EWe6s	https://qdhcyorsmkzxhepdjugo.supabase.co/storage/v1/object/sign/product-images/bitmain-antminer-z15-pro/bitmain-antminer-z15-pro-840-ksol-equihash-asic-miner-Bitmain-Antminer-Z15-Pro-1.webp?token=eyJraWQiOiJzdG9yYWdlLXVybC1zaWduaW5nLWtleV82YzEzZTkyZS1iNGMzLTQ3OTgtODBhYS1hYzY2YjQxM2E1MzYiLCJhbGciOiJIUzI1NiJ9.eyJ1cmwiOiJwcm9kdWN0LWltYWdlcy9iaXRtYWluLWFudG1pbmVyLXoxNS1wcm8vYml0bWFpbi1hbnRtaW5lci16MTUtcHJvLTg0MC1rc29sLWVxdWloYXNoLWFzaWMtbWluZXItQml0bWFpbi1BbnRtaW5lci1aMTUtUHJvLTEud2VicCIsInNjb3BlIjoiZG93bmxvYWQiLCJpYXQiOjE3ODU1Nzk2MzEsImV4cCI6MjEwMDkzOTYzMX0.TqjVbAZkXfaGx13X_7-Mx4e44KfEvOnSvQE6obsc08g,https://qdhcyorsmkzxhepdjugo.supabase.co/storage/v1/object/sign/product-images/bitmain-antminer-z15-pro/bitmain-antminer-z15-pro-840-ksol-equihash-asic-miner-Bitmain-Antminer-Z15-Pro-2.webp?token=eyJraWQiOiJzdG9yYWdlLXVybC1zaWduaW5nLWtleV82YzEzZTkyZS1iNGMzLTQ3OTgtODBhYS1hYzY2YjQxM2E1MzYiLCJhbGciOiJIUzI1NiJ9.eyJ1cmwiOiJwcm9kdWN0LWltYWdlcy9iaXRtYWluLWFudG1pbmVyLXoxNS1wcm8vYml0bWFpbi1hbnRtaW5lci16MTUtcHJvLTg0MC1rc29sLWVxdWloYXNoLWFzaWMtbWluZXItQml0bWFpbi1BbnRtaW5lci1aMTUtUHJvLTIud2VicCIsInNjb3BlIjoiZG93bmxvYWQiLCJpYXQiOjE3ODU1Nzk2MzEsImV4cCI6MjEwMDkzOTYzMX0.lzLXieNXB-si6t9OWKJeo42elaoY5x8b6Bh4sxBQPWA	in_stock	4299.00 USD	3899.00 USD	new	Bitmain	BITMAIN-ANTMINER-Z15-PRO	yes	5710	Bitcoin Mining Hardware > ASIC Miners	bitmain-new	840 KSol/s hashrate on Equihash,2780W power draw,3.31 J/KSol energy efficiency,New unit, bench-tested before dispatch,Ships worldwide from Hong Kong by DHL / FedEx express,30-day functional warranty and in-house repair support,Cooling: Air,Voltage: 200-240V,Noise: 75 dB,Coins: Zcash (ZEC), Pirate Chain (ARRR), Horizen (ZEN)	US:::0.00 USD,CA:::0.00 USD,GB:::0.00 USD,IE:::0.00 USD,DE:::0.00 USD,FR:::0.00 USD,NL:::0.00 USD,BE:::0.00 USD,LU:::0.00 USD,AT:::0.00 USD,CH:::0.00 USD,IT:::0.00 USD,ES:::0.00 USD,PT:::0.00 USD,SE:::0.00 USD,NO:::0.00 USD,DK:::0.00 USD,FI:::0.00 USD,PL:::0.00 USD,CZ:::0.00 USD,SK:::0.00 USD,HU:::0.00 USD,RO:::0.00 USD,GR:::0.00 USD,TR:::0.00 USD,AU:::0.00 USD,NZ:::0.00 USD,JP:::0.00 USD,KR:::0.00 USD,SG:::0.00 USD,MY:::0.00 USD,TH:::0.00 USD,VN:::0.00 USD,PH:::0.00 USD,ID:::0.00 USD,IN:::0.00 USD,HK:::0.00 USD,TW:::0.00 USD,AE:::0.00 USD,SA:::0.00 USD,QA:::0.00 USD,KW:::0.00 USD,BH:::0.00 USD,OM:::0.00 USD,IL:::0.00 USD,ZA:::0.00 USD,NG:::0.00 USD,KE:::0.00 USD,EG:::0.00 USD,MA:::0.00 USD,BR:::0.00 USD,AR:::0.00 USD,CL:::0.00 USD,CO:::0.00 USD,MX:::0.00 USD,PE:::0.00 USD,UY:::0.00 USD,RU:::0.00 USD,UA:::0.00 USD,KZ:::0.00 USD,GE:::0.00 USD,PK:::0.00 USD,BD:::0.00 USD,LK:::0.00 USD,NP:::0.00 USD,CN:::0.00 USD	15 kg	new	Equihash	1500-4000	Bitmain	Air
